permutation_entropy_antropy,spectral_entropy_antropy,svd_entropy_antropy,hjorth_mobility_antropy,hjorth_complexity_antropy,petrosian_fd_antropy,higuchi_fd_antropy,detrended_fluctuation_antropy,normalized_permutation_entropy_ordpy,statistical_complexity_entropy_ordpy,fisher_shannon_ordpy,global_node_entropy_ordpy,missing_links_ordpy,renyi_complexity_entropy_long_ordpy,renyi_stat_complexity_long_ordpy,tsallis_complexity_entropy_long_ordpy,tsallis_stat_complexity_long_ordpy,weighted_permutation_entropy_ordpy,0_Absolute energy,0_Average power,0_Kurtosis,0_Lempel-Ziv complexity,0_Mean,0_Median,0_Skewness,0_Standard deviation,75th_percentile,25th_percentile,label,SmallAreaEmphasis,LargeAreaEmphasis,GrayLevelNonUniformityNormalized,SizeZoneNonUniformityNormalized,LargeAreaHighGrayLevelEmphasis,WeightedZoneSizePercentageFeatureValue
0.8333664651985091,0.7947788366594171,0.8514392103952315,0.6472269100194221,2.262783772260652,1.0135500481176156,1.6372815078515521,0.9076740760778924,0.833366465198509,0.3005705275724345,0.20329140952821165,1.2640558507761532,0.21134259259259258,0.7890915459540742,0.3546022802575491,0.9612382254230516,0.3912231676202908,4.395493650175988,1606.7223721935961,0.008368389273869115,791.6821711207314,0.03565625,0.024063493702995514,0.016679971638352855,24.971445686910094,0.08825697683081041,0.023928175667421423,0.010653521148567218,impulsive_earthquake_sample0,0.00021060361875300908,192072.5,0.28125,0.125,231680.875,0.11344922232387923
0.8305661849819742,0.6908960137482223,0.7477272095136017,0.3963793794576756,3.5652737240000674,1.0135135589294646,1.501385697600506,0.9329368489969271,0.8305661849819742,0.3035354997084456,0.20698519717518998,1.2555935050037654,0.21689814814814815,0.7857579540333888,0.3573017644885245,0.96038396866469,0.3958961834109564,4.497485291476524,2145.4359693077745,0.011174203872456495,513.8759900778089,0.03327083333333333,0.026487125750988962,0.017163742611943852,20.59342506699022,0.10233561375654758,0.024934827828530966,0.010874003996902947,impulsive_earthquake_sample1,0.00013292952871000414,76038.54545454546,0.32231404958677684,0.09090909090909091,119199.18181818182,0.16028309741881766
0.8328424997985022,0.7491604961488102,0.8086188298483243,0.5179510044456442,2.7617007384519816,1.0135531879664834,1.5804572699377248,0.8940989745318739,0.8328424997985021,0.30122965186843814,0.20497268071749483,1.2626137142423024,0.20694444444444443,0.7884854891804871,0.35520377855845603,0.9610836149798819,0.39220225199914643,4.507897860327215,1480.6809242569686,0.007711919980088275,634.7225913442021,0.036348958333333334,0.02439288779938813,0.017064534990984245,22.599081787329478,0.08436152463442587,0.024428804927015303,0.010765877586276574,impulsive_earthquake_sample2,0.00016637039699925676,106074.88888888889,0.3333333333333333,0.1111111111111111,154018.22222222222,0.11387434554973822
0.8324293758710447,0.8213932078530879,0.8464692645507406,0.644351886792309,2.2265986425048854,1.0135238789259784,1.614226439712799,0.9241922078796528,0.8324293758710446,0.30137222647487,0.20331060825495612,1.2595305352031472,0.21666666666666667,0.7877907068445925,0.3552456613065798,0.960905990205606,0.39255269991003455,4.55755447533951,1381.2228290574703,0.007193906369603333,637.4316051370511,0.03578125,0.02466166345681436,0.017008850634859525,22.236619338257057,0.08115214881248566,0.02471076040865703,0.010683897671508857,impulsive_earthquake_sample3,0.00012157749730497737,207552.44444444444,0.30864197530864196,0.1111111111111111,265496.22222222225,0.16059479553903347
0.8327613919838004,0.7443996512402837,0.8044098352369016,0.5982601838034733,2.342110038612172,1.0135297115025619,1.6456710106627224,0.927277723463283,0.8327613919838003,0.3010393579896495,0.20400376483848354,1.2598482188818918,0.2136574074074074,0.7882667110800924,0.35498848832186863,0.9610277269877726,0.39203947937464634,4.617680172821476,538.9564667030722,0.0028070795509511624,331.4912399375622,0.040739583333333336,0.021722365163624018,0.01649854761883203,16.337961575369018,0.04832394626314516,0.0239158501877459,0.010392575089841545,impulsive_earthquake_sample4,0.0958227563513581,13288.027173913044,0.8953804347826086,0.030777410207939507,32992.02717391304,0.13208685162846803
0.8326331058404669,0.7362088451773079,0.7825510823642813,0.5088745169520803,2.8862108921454737,1.0135231311354678,1.616913962394264,0.955375554600263,0.8326331058404667,0.30220529243188876,0.2043442400884818,1.2617148113684769,0.2263888888888889,0.7886191724165594,0.35598910308661436,0.9611177452581509,0.3930820668172992,4.5276723869714415,594.5809497465148,0.003096791909054291,548.4077367792198,0.04028125,0.02170600931701314,0.01653764225771532,20.24187011431228,0.051240852251494634,0.023835278985826748,0.010553926104692454,impulsive_earthquake_sample5,0.10625624043247194,13686.8,0.9034722222222222,0.03791666666666667,41024.916666666664,0.10699904122722914
0.8326951899759328,0.818483579474067,0.8483662079467427,0.6368712701594262,2.1917034367481314,1.0135344969556783,1.6066864517257993,0.905542551097399,0.8326951899759327,0.30101504734585854,0.20448400965702462,1.2618468433767556,0.22060185185185185,0.7881209407122958,0.3549948753722982,0.9609904668622822,0.39211009753743986,4.606618933200037,3407.583445822452,0.017747922884090293,355.1548425430916,0.025109375,0.030389002515599842,0.017339994530488033,17.161573331076085,0.12970866961425057,0.024742189627149632,0.01092713236436949,impulsive_earthquake_sample6,0.00010030134116977081,583503.0,0.2653061224489796,0.14285714285714285,871299.5714285715,0.08128544423440454
0.8317634873531778,0.8122890297592288,0.8435056042162166,0.6468903584615862,2.2131810603000193,1.013526720479588,1.632857360547389,0.9321077723086341,0.8317634873531776,0.3022281233975172,0.20409534944009797,1.25831785184616,0.21898148148148147,0.7870346194917469,0.355801132531048,0.9607122306338509,0.3935446697528464,4.717667800695289,1040.4383388659462,0.0054189779054367275,397.2652422482698,0.037385416666666664,0.023967765825788058,0.016919922113919926,17.855580332555043,0.06960241291014023,0.024473941295573932,0.010697665425193735,impulsive_earthquake_sample7,0.0878400491561851,21062.916666666668,0.8930041152263375,0.04218106995884774,83267.25925925926,0.09269817914290969
0.831964834133838,0.6862760461809727,0.7339400898804344,0.39847261918678434,3.528953701681286,1.0135377868235966,1.570033359840015,0.9538072961572402,0.8319648341338379,0.3014423593383427,0.20359346903731368,1.2608987749622496,0.20856481481481481,0.7871507667347035,0.3555946748509781,0.9607420265757406,0.3932459964354718,4.574854644863048,774.7000304643623,0.004034917007194633,476.11988848919907,0.039864583333333335,0.022691417986898315,0.01694240733171487,19.373813715092037,0.05932955032482343,0.024479448839716506,0.010677273218312086,impulsive_earthquake_sample8,0.00014651348719549445,100755.1,0.3,0.1,149538.0,0.17802865827181938
0.8319615584308354,0.7509199328633118,0.8129365212252828,0.5594498853304097,2.6156746207623796,1.013511614464614,1.5995654595332,0.9071592581903583,0.8319615584308354,0.302457057074631,0.20540723476344067,1.2593012113979312,0.21597222222222223,0.7875989742320775,0.35645876600531207,0.960856901233289,0.3940849334859168,4.559591427108169,722.8957039460169,0.0037651014012886363,474.5312796631097,0.038953125,0.02215760058402644,0.01642729386155853,19.15061109522481,0.05721994868701173,0.023551607900078025,0.010381212198323967,impulsive_earthquake_sample9,0.00015054362739375018,178621.45454545456,0.32231404958677684,0.09090909090909091,216814.81818181818,0.1797112462006079
0.8348202183248697,0.8396936889793893,0.8903201273123085,0.8064675766000915,1.8205620981653494,1.0135732209018091,1.6922261091778352,0.8535466328373079,0.8348202183248696,0.29919167806313485,0.20107893977933985,1.2646445443909495,0.22199074074074074,0.790886871399504,0.35340177389219907,0.9616944239453326,0.3890238693477133,4.621336483905523,900.8073958445666,0.004691729622782237,718.1992111265358,0.039515625,0.022114056818133703,0.016502780397270912,24.106416472836973,0.06482803157380922,0.02395743962773363,0.010510659756442008,impulsive_earthquake_sample10,0.0002387190262536328,38434.416666666664,0.3194444444444444,0.09722222222222222,54905.333333333336,0.23194997157475838
0.8324620735037521,0.7635815699673616,0.8478030811018996,0.7074968899228039,2.041161823667402,1.0135220842194808,1.6535224015997187,0.8856127849930953,0.832462073503752,0.30120857363193576,0.2046527404387612,1.2627748643370071,0.22060185185185185,0.7877087781025163,0.3549193511862552,0.9608850179184919,0.39219880298542137,4.30730686638716,735.638514787963,0.003831470553429773,557.9964075786693,0.04035416666666667,0.022181552520862638,0.01686288958135248,21.03294853171696,0.057787795645950935,0.02419529520867895,0.010841125191435765,impulsive_earthquake_sample11,0.09236531554889753,14908.136363636364,0.8839531680440771,0.03604224058769513,27850.5,0.12686885946176849
0.8313311812260794,0.7211600205188317,0.8122266884859697,0.6182570293450991,2.2670479030844746,1.0134945614049657,1.6759978027808253,0.9360684851384552,0.8313311812260794,0.3025166297103538,0.20547567578399023,1.2586929100246498,0.21944444444444444,0.7865348112922458,0.3563595351539628,0.9605838818867342,0.3944289445167314,4.432391520931958,1104.2673160098325,0.0057514222262086395,279.4556992623998,0.035296875,0.025075568038558895,0.017031918314529555,15.048599717975078,0.0715723980206626,0.02453758471659113,0.010828650207395256,impulsive_earthquake_sample12,0.0018810907044103068,125232.55555555556,0.3148148148148148,0.05555555555555555,249129.0,0.03401727861771058
0.8341699213315842,0.7839852358196481,0.8541505960718149,0.693469686980461,2.0939227549149373,1.0135546830984155,1.6613180474093474,0.8971082243888344,0.8341699213315841,0.2996135434114748,0.2017177809979242,1.2648085623575729,0.22106481481481483,0.790030844435338,0.35372270212560697,0.9614772405226633,0.3897718051712964,4.61681672177834,1137.6185849783174,0.005925127656801948,456.96099715929773,0.035682291666666664,0.024141992310046764,0.016697930642611665,18.75815313250081,0.07309077235919534,0.02399625095440617,0.010706558819085022,impulsive_earthquake_sample13,0.013317270780883232,103994.45454545454,0.45867768595041325,0.045454545454545456,207983.63636363635,0.044823906083244394
0.8327850600413731,0.8111440220951563,0.8557725846697142,0.7010397620886208,2.0753474689295315,1.0135377868235966,1.638939931501496,0.9145380993989186,0.832785060041373,0.30148059340213784,0.20329183355006372,1.2604638597736946,0.22430555555555556,0.7884992762956647,0.3553204433834195,0.9610871356223645,0.39233565368524614,4.5794936367652035,676.5953497498244,0.0035239524671994357,569.1410247442402,0.04041666666666666,0.022223432637347162,0.016902952431621817,21.03890102036461,0.055045918605230185,0.02446605582238744,0.010668605784348818,impulsive_earthquake_sample14,0.27528972140108043,194051.63636363635,0.3884297520661157,0.14049586776859505,276576.45454545453,0.01667245571378951
0.8322719811155901,0.8344321386753573,0.8606533265339547,0.6771828125996006,2.107042619181195,1.013537039135722,1.6267225147769133,0.9108637189033392,0.83227198111559,0.3021046111318469,0.20550384419692258,1.2607504194654024,0.2196759259259259,0.7880025094114381,0.3560362586706273,0.9609601816731702,0.39340491424174806,4.690890102869414,2365.372338091007,0.012319711759389408,414.26536548159197,0.0308125,0.027434978316817626,0.017028873065544545,18.481874566724333,0.10754984685707247,0.024662936337583815,0.010809312482741069,impulsive_earthquake_sample15,0.00011029183144160436,302315.3333333333,0.30864197530864196,0.1111111111111111,407349.1111111111,0.11003861003861004
0.8333553782474292,0.8043082270668923,0.8532976704011114,0.6620136514408936,2.197757358960999,1.0135398803202944,1.6459530191096476,0.9003027519229179,0.8333553782474292,0.30026748899612243,0.20308270764686948,1.261706611218372,0.2175925925925926,0.7889141760088426,0.3544715133802851,0.9611930086821393,0.3911432954572167,4.445360584404992,889.8160758442754,0.004634482866287196,827.933204562653,0.039942708333333334,0.02186152050595982,0.016386762682599823,25.247990607287836,0.06447117688954576,0.02346427082151801,0.010273608358176955,impulsive_earthquake_sample16,0.00029802322160139263,76206.6,0.3,0.1,91828.6,0.19104803493449782
0.8330444033794254,0.7807937920902124,0.8574538780879225,0.7279694452167714,1.961271709549228,1.0135545335862148,1.6961706030320636,0.8956106330600586,0.8330444033794253,0.30008307951142693,0.20263009164923967,1.2613949015508885,0.2196759259259259,0.7882571832285052,0.35398770661639556,0.961025292134918,0.3908493794344504,4.498057985591677,1228.4793175400675,0.00639836310366235,496.378162554148,0.036578125,0.02396201458127174,0.016915693588506996,20.14137505264421,0.07631612959303848,0.024169239195439406,0.01081832120033574,impulsive_earthquake_sample17,0.08699259840800386,23177.71111111111,0.814320987654321,0.04271604938271605,52066.91111111111,0.08425821064552662
0.832213035041431,0.799208315856736,0.860545928780652,0.6848912960548288,2.1563076747770054,1.0135252249349904,1.6300989065849019,0.911578336122821,0.8322130350414308,0.3014782822151386,0.20518151373263122,1.2605657427538055,0.21851851851851853,0.7875270147121366,0.35536842962284904,0.9608384695684121,0.39281315274159967,4.445327040971959,1246.162253599473,0.006490462208654592,539.7061239143053,0.03576041666666667,0.02445925642084632,0.016892128034299982,20.56740640756249,0.07676049230889032,0.02434866988879867,0.010707457224833666,impulsive_earthquake_sample18,0.07714349477222478,117662.15384615384,0.4437869822485207,0.08875739644970414,226520.61538461538,0.08067816427945046
0.8319253589135501,0.7971648299519738,0.8076161124808787,0.5609251610591256,2.4640746461771563,1.013545113872813,1.5984939611909263,0.9359536655417324,0.83192535891355,0.30194789051672993,0.20518326344064303,1.2586990531393512,0.22083333333333333,0.7872439454317631,0.355737764732255,0.9607659220314485,0.3933774773389007,4.628924572613592,646.5229200942495,0.00336732441363887,432.1880998420521,0.040203125,0.022273706260871228,0.01691362810706165,18.505664576159482,0.053583475856791046,0.024436137114534656,0.01063035932162525,impulsive_earthquake_sample19,0.1362493101748844,96948.76470588235,0.4671280276816609,0.0726643598615917,196695.88235294117,0.026324036352240676
0.8322807107905346,0.8002861544522758,0.8663030787025155,0.6823658453781167,2.1440798407679402,1.0135060800142417,1.6439131375489897,0.8779278873107128,0.8322807107905343,0.30230540810633916,0.20397663468109467,1.2615619552587143,0.2222222222222222,0.7880580277112699,0.35625187207291653,0.9609743802523273,0.39363866704061934,4.499285394360465,1764.7627434384976,0.009191520494578085,783.5489966546637,0.03580208333333333,0.024401509939940405,0.016796608954189534,25.07648606648372,0.09271482586256902,0.023997752464460866,0.01061984281279776,impulsive_earthquake_sample20,0.0011645877175814206,53503.916666666664,0.3194444444444444,0.08333333333333333,72789.33333333333,0.05312346286276439
0.8328809098990527,0.8147975357733831,0.8211195220865025,0.5769419328480254,2.424371007928782,1.0135334501571214,1.616793496173358,0.9465462700834583,0.8328809098990526,0.3012107132903886,0.20630651678292852,1.2618780676033763,0.21435185185185185,0.7886167258943168,0.35524725670907803,0.9611171207784909,0.3921970454997071,4.714720655726511,1077.779270573892,0.005613462937691821,676.3339008723492,0.038671875,0.023001674821240305,0.016936666862022956,23.48024599232577,0.07130467485602614,0.024409554902736892,0.01070162175069739,impulsive_earthquake_sample21,0.00010602692950025777,151596.875,0.28125,0.125,202762.875,0.22623110677718186
0.8340283408151316,0.713587527605421,0.7784529838637502,0.4577888804835675,3.1327325847736383,1.0135645504159216,1.5536259425604124,0.9110088199215999,0.8340283408151316,0.29961275147426875,0.2009199299312104,1.265237578871451,0.21180555555555555,0.7896865573659098,0.3536507184278475,0.961389718520516,0.38983412021451563,4.440967445350091,1244.9098694102017,0.006483939340362199,580.788015787368,0.03742708333333333,0.023921941302977763,0.01695087676968164,21.590445490939246,0.0768872310214231,0.024420182891686286,0.010856861578255453,impulsive_earthquake_sample22,9.283498922465611e-05,106237.3,0.3,0.1,149976.2,0.2331288343558282
0.8321983681861123,0.7750126215099623,0.8390240651738586,0.6933457409914084,2.0610390196580752,1.013513110210119,1.6800314709396271,0.9138805003705905,0.8321983681861121,0.30174434426556296,0.20686739221907363,1.2606495982743877,0.2212962962962963,0.7876421338699292,0.35568758839040343,0.9608679540219479,0.39314454549671457,4.521183528812521,571.2192448007883,0.0029751157287318595,629.9685493706564,0.04163541666666667,0.021316209566083388,0.016712491463450826,22.20568231307677,0.05020676690519173,0.023986176755074334,0.010723758476917707,impulsive_earthquake_sample23,0.10787770170317429,6989.945945945946,0.8836742147552958,0.0339663988312637,15588.31081081081,0.13836206896551725
0.8338887252229182,0.7066331110958529,0.7640383243111732,0.44924590221005745,3.215268947800834,1.0135504966734108,1.5978249123550214,0.9468712461139834,0.8338887252229182,0.2989426378145961,0.20180383978197364,1.264133704671363,0.21087962962962964,0.7890478449071344,0.3527407010868803,0.9612270872085825,0.38902400840889073,4.4740531932412555,783.7412344286039,0.004082006856434689,531.8459544174666,0.038885416666666665,0.022827709844557755,0.016869875843771243,20.14823091795611,0.05967312007290212,0.024274815911190316,0.01071480316110564,impulsive_earthquake_sample24,0.14361008090851782,22038.693333333333,0.8254222222222222,0.04533333333333334,58995.72,0.07119314436387607
0.8293761500268199,0.8196319651505788,0.8988133785663841,0.7667976860507774,1.9272439020366372,1.013489474848993,1.6145694843134286,0.7673006277014192,0.8293761500268197,0.3066203922427138,0.20786246297013444,1.2501688671150637,0.2263888888888889,0.7852224596558218,0.36024892364878786,0.9602458690075765,0.3996676101736804,4.727369987158578,3843.974576909993,0.02002080519643328,113.06016365746846,0.01134375,0.03007444988827134,0.008825861244887113,9.834844941018451,0.13826144938240764,0.013069882672671276,0.0055183331643756175,volcanic_tornillo_sample0,0.0037815010472724516,1404614.5,0.4027777777777778,0.09722222222222222,2644463.3333333335,0.010279001468428781
0.8252894157633954,0.8328038220597997,0.9111547930392807,0.8189623076817519,1.8098968393830457,1.0134215298823126,1.6425123187485045,0.7487310923609796,0.8252894157633952,0.3121764269257529,0.210727145692656,1.2377918728517865,0.2335648148148148,0.7809680742914629,0.36522641772489145,0.959140010485984,0.40757121758926085,4.720415795027058,59668.63243823914,0.31077574590617213,61.72021284283373,0.0128125,0.11471952994389753,0.009341097320419215,7.3554293173890475,0.5455396930856146,0.014214135565273723,0.005792508083243271,volcanic_tornillo_sample1,0.00022998981538122345,10841936.166666666,0.2777777777777778,0.16666666666666666,19470705.0,0.011933701657458563
0.8290147187777495,0.8617337564251687,0.9272950633724165,0.9207426831214078,1.6091047163399514,1.0134631403583505,1.7702394346813022,0.7638632567048522,0.8290147187777495,0.3068349462424535,0.20743448765882283,1.2515170224428345,0.22592592592592592,0.784847165702239,0.36082772187400397,0.9601489386465855,0.40052779171427694,4.602449009629482,3170.6432583940823,0.016513852980453454,152.85153075006303,0.012661458333333334,0.02530914261011945,0.008458828456874368,11.560394826621447,0.1259889450354401,0.012649037783324322,0.005301549204860442,volcanic_tornillo_sample2,0.006072025437125741,209860.34146341463,0.6656751933372992,0.03271861986912552,739115.3902439025,0.027442242289199014
0.8298740127116983,0.8292458686975535,0.9302833995950154,1.02582410914173,1.441893284297743,1.013480348329022,1.9130601980839212,0.7280201545595458,0.8298740127116981,0.30503430409781,0.21147416905706143,1.253637468034391,0.21944444444444444,0.7853344338016716,0.3587810486156491,0.9602747663513219,0.39785597694886243,4.130369420625374,14913.570346187746,0.0776752501116555,121.58067440819033,0.010838541666666666,0.04410947034672905,0.008473910809277601,10.448004414942563,0.27518938965518314,0.012386307661794419,0.005368124582843479,volcanic_tornillo_sample3,0.0010051789035569131,417479.6111111111,0.4876543209876543,0.06790123456790123,1821420.3333333333,0.029859749660684665
0.8305573864890883,0.8599505332981552,0.9279722066759036,0.9066203319377543,1.6416096897480548,1.013506827930607,1.7430682224465162,0.7716957783602992,0.8305573864890882,0.3047824052755677,0.20463344102984082,1.255734850365322,0.22060185185185185,0.7864332032604961,0.3589328925817089,0.9605577635293333,0.3975547153498698,4.6353049493699885,10864.571258274986,0.056586603358741376,205.83213861295815,0.011776041666666667,0.036132845668638794,0.008786814770090755,13.393441484184937,0.23511853627635407,0.012878679540137593,0.005548329014699725,volcanic_tornillo_sample4,0.007224014211641761,284412.0,0.5727788279773157,0.05103969754253308,839231.2173913043,0.02708247845711941
0.8302894880903681,0.7791502087931086,0.8867097422449454,0.8656241259937331,1.6268251961213478,1.0135111657366564,1.8721269547722281,0.8223394086384134,0.8302894880903681,0.30490883726975665,0.20928548155493296,1.2541472054446068,0.2199074074074074,0.7859385523005623,0.35856835262004044,0.9604304886624858,0.39733584395434024,4.45133477790143,2041.1322563028043,0.01063095253778824,84.6438674873508,0.012921875,0.02517209135971426,0.008703731301166785,8.564509134190677,0.09998631398757518,0.012877391202300435,0.005497059149015027,volcanic_tornillo_sample5,0.0028104045079446424,711610.7826086957,0.5198487712665406,0.054820415879017016,2110492.6086956523,0.018069584736251403
0.8274094084903973,0.7950782261145413,0.9135117443941692,0.9703370395775065,1.49100680895807,1.0134272186537767,1.9169505300936969,0.7700706883131407,0.8274094084903972,0.3095773570102829,0.21660316430402005,1.2467175663533643,0.22777777777777777,0.7835418252574803,0.36325435256578503,0.9598108637716831,0.40402967418077856,4.019812029938039,24827.292826297893,0.12930949029056346,105.45643983187846,0.012364583333333333,0.06440159747609973,0.008915587062073242,9.536132634661483,0.3537813605126212,0.01324508027337172,0.005566821295087449,volcanic_tornillo_sample6,0.00285335644571428,860222.4347826086,0.5236294896030246,0.054820415879017016,2950169.1304347827,0.016561656165616563
0.8302104402342559,0.7815312776222156,0.9064135826892895,0.9433741561622653,1.530480181916858,1.0134616438749353,1.9029574618909022,0.7864854725188595,0.8302104402342559,0.305359998659316,0.21210082929104287,1.256897614161075,0.22800925925925927,0.7861098661961173,0.35898133124999926,0.9604745915793954,0.3977556320807562,3.945799496425119,10425.365737144477,0.05429906268857899,173.71035216284668,0.011041666666666667,0.03800229361430704,0.00883514713133226,12.16511472019857,0.2299012952573622,0.012898367510162819,0.005523937948921051,volcanic_tornillo_sample7,0.0014916341726205766,585158.7647058824,0.4186851211072664,0.0657439446366782,1501337.2352941176,0.02690228141896347
0.8299674404023846,0.8578129433055687,0.9275998263166754,0.906905222208145,1.6400260121586154,1.013503088293569,1.7428315210151106,0.759360319007325,0.8299674404023845,0.30535662089206767,0.206844921682723,1.2541084831531857,0.22060185185185185,0.7856262970074418,0.3592855972918582,0.9603500379350898,0.398332759434493,4.570379588965312,12121.124810250765,0.06313118719498938,203.8092962004639,0.011817708333333333,0.03783084570119587,0.008732974132351435,13.326878922358324,0.24839421390252842,0.012937186871430004,0.0054878933565185774,volcanic_tornillo_sample8,0.0029499849308529634,275998.5,0.5868055555555556,0.04513888888888889,819685.4166666666,0.01929260450160772
0.8284442124930518,0.7799405830465737,0.8872309404958092,0.8599480567212937,1.6379327424495618,1.0134650857537437,1.880027839016476,0.8184895746969392,0.8284442124930518,0.30787710472226065,0.2165233466060473,1.2491277228504414,0.22523148148148148,0.7843481534881025,0.36156675887172984,0.9600198690342848,0.4016386442712232,4.398959909326073,5736.316684538204,0.02987680500699589,89.86128757417784,0.012302083333333333,0.036168957079799044,0.0087169240498889,8.813802288745688,0.16902205756171626,0.013030462089800101,0.005503229602204187,volcanic_tornillo_sample9,0.00310697298282527,605106.5625,0.455078125,0.041015625,2343000.4375,0.021353670162059104
0.8296102685421333,0.8491346385667204,0.9214397475503945,0.8724509805021016,1.7053001924781677,1.0135140076468232,1.6897358128778854,0.7507959176302914,0.8296102685421332,0.30633775868174534,0.20763254243970639,1.2494431450014831,0.22939814814814816,0.7854978361535924,0.3600312959515381,0.9603169167572315,0.39928455301300375,4.769645122686168,7712.305685841008,0.040168467991192704,81.85939553768985,0.01171875,0.04169911158501041,0.008956695653350041,8.490255076360503,0.1960342900449887,0.013211963443459493,0.005550414720745269,volcanic_tornillo_sample10,0.010396960020185248,780189.4782608695,0.5727788279773157,0.062381852551984876,2305281.1739130435,0.021677012513548134
0.8295245831739849,0.8172266370365388,0.9251582549857958,1.0122480534867129,1.450505571657558,1.0134751114299587,1.9216202540647742,0.7398861218132544,0.8295245831739848,0.3061701001509466,0.21504985002757085,1.250336120942557,0.22291666666666668,0.7852989062331674,0.3598123051958662,0.9602655988487434,0.39910970655895434,3.9570264668177186,30949.423216371044,0.16119575214647494,130.40342807116423,0.012161458333333333,0.06237255429840327,0.008861507378419734,10.767615833217876,0.3966164104718293,0.01304298392010402,0.005585092696605223,volcanic_tornillo_sample11,0.0013845053349102398,697021.4375,0.4453125,0.0625,2430958.3125,0.014844021802157022
0.8290597298748761,0.8170609597787989,0.8970644562288406,0.8659792998420612,1.6441979497516757,1.0134658339727942,1.8411499769013167,0.7993750860141928,0.829059729874876,0.30657497153815483,0.21454261557163692,1.2500453433559282,0.22060185185185185,0.7846986093358059,0.3601545441055723,0.9601105366582454,0.39978575453013465,4.572585332750284,1612.3774014040905,0.00839784270441039,94.88201403725164,0.014411458333333333,0.02319357650492158,0.008681973613280644,9.005097863477339,0.08865583440787558,0.012896936840199047,0.005444817441633086,volcanic_tornillo_sample12,0.0049762347390275435,452052.8947368421,0.4889196675900277,0.03185595567867036,1694929.4210526317,0.0222936332596907
0.82675599220966,0.8390150122333111,0.9107316528660453,0.8932305901644502,1.6122555928175262,1.0134263204479417,1.8440432314683364,0.7895272980379491,0.8267559922096597,0.30929566750327675,0.21807463768023344,1.2417615712824028,0.22777777777777777,0.7821426574026866,0.3627673517373427,0.959446872566728,0.40406968606451826,4.522888480059356,13246.116501767874,0.06899054943915267,64.30893075762927,0.0133125,0.0595727406553577,0.009054368260134853,7.431643792473476,0.25581493053413407,0.013682519275860039,0.005667694938375979,volcanic_tornillo_sample13,0.00162931433156707,1531549.7222222222,0.35802469135802467,0.06172839506172839,3821435.5555555555,0.016209578387228817
0.8328261969105801,0.8300813059459068,0.9287405815405967,1.0119536049287134,1.4624244689543582,1.013503836232019,1.9021176138511433,0.7263135316579009,0.83282619691058,0.3013888761514044,0.20678306687081421,1.2608080964365445,0.22430555555555556,0.7884150000588065,0.355069697265215,0.9610656125626507,0.39207363927839456,4.157811202625862,8668.881926850034,0.04515066186204112,88.55548920793962,0.011114583333333334,0.03901946964882284,0.008594987089670766,8.911795509259012,0.20887294628713535,0.012490772643278076,0.005412944574180615,volcanic_tornillo_sample14,0.005770138889993595,284322.03571428574,0.6352040816326531,0.04081632653061224,1358502.2142857143,0.03608605135322693
0.831690341440149,0.8286721521416688,0.9296842307672176,1.0195370925190448,1.4496371495611857,1.013502789116643,1.9112984586718549,0.7298086009623187,0.8316903414401488,0.3027398955935575,0.20884833995956448,1.2585516644460182,0.22453703703703703,0.7872580050266353,0.3565313928483977,0.9607695269452544,0.39432014593903364,4.029607031532121,16379.205185791427,0.08530880465935461,154.4627337005751,0.011088541666666667,0.042891618879155456,0.008582079639088091,11.760263354595162,0.28890944839618693,0.012521533010119828,0.005439774597200543,volcanic_tornillo_sample15,0.0005591205802976261,363959.6875,0.4453125,0.0625,1244772.5,0.04659928045228713
0.8291523685532981,0.7641076114815442,0.8879108213774433,0.8807152315188681,1.6039291845021573,1.0134565556659694,1.8754104263706286,0.8139285872624444,0.829152368553298,0.30692998001014554,0.2108927709409199,1.2541701574366741,0.2222222222222222,0.7851405358603442,0.36079247293182576,0.9602247200611503,0.40035599673674566,4.272291139208224,2064.99677956762,0.010755247577162484,114.54146510328553,0.01240625,0.023809132193401486,0.00889307364921799,9.835505041973846,0.10093719227542024,0.013009859808691553,0.0056363002194227746,volcanic_tornillo_sample16,0.0025313800624355955,425745.1538461539,0.47928994082840237,0.0650887573964497,1445033.3461538462,0.033757465593352375
0.8299715107681026,0.8192052811406991,0.9253098946146575,1.0089765152708006,1.4589847545359511,1.0134834903385306,1.9058845208021615,0.7462571923647047,0.8299715107681025,0.30529841539733743,0.21035688516711165,1.2546495977584897,0.21898148148148147,0.7855460012720228,0.35882221993758867,0.9603293368533281,0.3978132313307532,3.932292339873509,7305.956722744257,0.038052056118751953,182.5435094559084,0.010927083333333334,0.03054328914792704,0.008589239022275394,12.75315861057202,0.19266282832706935,0.012489618280723015,0.005446314810189774,volcanic_tornillo_sample17,0.0007892760509031996,375541.0909090909,0.32231404958677684,0.09090909090909091,1064966.0,0.029891304347826088
0.829163218052052,0.8314869861962432,0.9310203025550349,1.026659523196437,1.4394502863707717,1.0134549094259995,1.9147144126255595,0.7281862225677297,0.829163218052052,0.3062220855588131,0.21078422490458643,1.2523867189697433,0.22407407407407406,0.7846607382607403,0.35975880445048497,0.9601007439403403,0.3993272505291081,4.110014700959588,17394.12968537083,0.09059489729306314,117.9466533202782,0.011505208333333333,0.048008003257525016,0.008723407131514963,10.290702425414114,0.2971357552834481,0.012806044285699097,0.005500307789847243,volcanic_tornillo_sample18,0.0009162345270353994,476928.8823529412,0.4671280276816609,0.058823529411764705,1806175.3529411764,0.03590285110876452
0.829209462562793,0.8041956516573388,0.8874704733266859,0.7231249453621555,2.035274257671665,1.0135119136154813,1.5678159055008114,0.7623359735182575,0.8292094625627929,0.30704080319472554,0.20890111479236598,1.2467594476698602,0.22569444444444445,0.7850818563225418,0.3605748844221673,0.9602095682065626,0.4001219540616242,4.787152668505902,8732.120591218341,0.045480031621093556,56.12830613312049,0.012364583333333333,0.05009682224930911,0.009166422918844397,6.990916613007789,0.20729231328356099,0.013768518801026652,0.0057415961405040735,volcanic_tornillo_sample19,0.0003488300639177364,12200286.6,0.28,0.2,25224603.4,0.009756890804130417
0.8289596550710664,0.8621331167186498,0.926596678521284,0.9251427287017866,1.599299875505252,1.013477505474548,1.7845935800518127,0.7534427602375937,0.8289596550710663,0.3076661489819857,0.21079582880895859,1.2534914939550597,0.22685185185185186,0.7851863455410351,0.3615901868861778,0.9602365467108557,0.4012939906162224,4.645595072886659,2604.1476592067247,0.013563339700762633,120.79683374966216,0.013234375,0.02553524324657354,0.008730777604537596,10.286359806631294,0.11362755128359793,0.012921599990034224,0.005450347874986336,volcanic_tornillo_sample20,0.0146611757939829,427743.8095238095,0.5419501133786848,0.047619047619047616,1088601.1904761905,0.015982951518380393
0.8274511328689653,0.836564304302574,0.9126620215029078,0.823433487639795,1.8010879668731592,1.0134445824014013,1.6544876723451387,0.7654917332919788,0.8274511328689652,0.308761584696449,0.20957869501526877,1.2445550803477683,0.22337962962962962,0.783020093999041,0.3622587851693292,0.9596753320933419,0.4030637999760958,4.649539579124949,21389.131267720375,0.11140230557305181,106.74708835297977,0.011859375,0.0606379567714308,0.008976463800762845,9.601405918609972,0.3282145084411967,0.013350531101648706,0.00551953682742212,volcanic_tornillo_sample21,0.0014724702686874556,1963303.7272727273,0.32231404958677684,0.09090909090909091,4152827.909090909,0.01014240344227026
0.8296358221156472,0.8592012823575063,0.9271325509727492,0.9036631728207989,1.645781035279622,1.01348827797518,1.7452053498535904,0.7751839472494039,0.8296358221156473,0.3055948531229764,0.20608635990340624,1.2534527164376783,0.21875,0.7852385869583863,0.3595305007628134,0.9602500316620555,0.3987969634777747,4.572624585695728,10607.030176382264,0.05524523657093144,239.59990637085917,0.011177083333333334,0.03400126551170393,0.008609409383444608,14.432644553763177,0.23257012443331343,0.012878680648579513,0.005317369976648531,volcanic_tornillo_sample22,0.007483035806009896,196298.56,0.6,0.0528,556510.32,0.03377638780297107
0.8280739373608832,0.7515794152422725,0.8410726051845216,0.5697870824799752,2.537934497051323,1.0134550590852842,1.4433961565263598,0.7958331571981916,0.828073937360883,0.30835318867409517,0.20861364159143558,1.246190504162295,0.22708333333333333,0.7837701715143764,0.3617842216225673,0.9598701088131367,0.4021586195275712,4.623535125679707,13013.056442801568,0.06777668864317818,99.59744115380735,0.012822916666666666,0.05057675298055394,0.009068937434561924,9.231726294238545,0.25537879257592144,0.013634392963928342,0.005655530449109941,volcanic_tornillo_sample23,0.002972919670975031,1182615.3333333333,0.6054421768707483,0.06575963718820861,3911768.0476190476,0.014060930699698694
0.8315895194887831,0.8226874811929499,0.9258982356482953,1.004164886390672,1.4642570530125598,1.01351744774722,1.9003522994375728,0.7596199127059657,0.8315895194887828,0.30371353591144534,0.20788841996071294,1.2562597563359201,0.21736111111111112,0.7876284536203059,0.35763973648287517,0.9608644508049645,0.3954844509838244,4.072835488167547,6630.945738213579,0.03453635559671445,217.4486701349339,0.010458333333333333,0.02814717161567357,0.008757341649897466,13.906716519653916,0.1836951617487522,0.012728745262454806,0.005514478151158583,volcanic_tornillo_sample24,0.0002924764718341352,276727.9090909091,0.32231404958677684,0.10743801652892562,672220.0,0.09443218052489576
0.8296955428655624,0.7965067963449086,0.8501835446272347,0.6290586091272276,2.267028538991957,1.0134782536018805,1.572689301284754,0.7958331840713889,0.8296955428655622,0.30539463042014175,0.20699370938987874,1.2529563799830101,0.22268518518518518,0.7851600509969704,0.3591141698111014,0.9602297584867263,0.39833288284513896,4.858416473813987,49926.19480996127,0.26003361897698046,41.05357509241677,0.011645833333333333,0.1298025177429236,0.026941720883782574,6.148312707555859,0.4931364628810295,0.04072084492359092,0.01675208763555829,surface_wave_dispersion_sample0,0.0017057089042627328,1383802.0,0.30864197530864196,0.037037037037037035,3937579.6666666665,0.025265495939473866
0.8303508473311673,0.8142436691741572,0.8638650126924813,0.6707845852899231,2.1392770158503875,1.0134812460559677,1.5948325421692018,0.7867948236551974,0.8303508473311672,0.30455075027385303,0.20755159579920934,1.255584185690239,0.21689814814814815,0.7858148266442423,0.3580862350359946,0.9603986213643538,0.39681243744811845,4.930504669367028,36616.50370606375,0.19071195009382208,43.8190028521394,0.012057291666666666,0.11208172835117779,0.02662020518942808,6.344794713634493,0.4220765842500958,0.0400739633435667,0.016766732128390277,surface_wave_dispersion_sample1,0.00031121076389006315,1617267.043478261,0.33459357277882795,0.043478260869565216,4241733.521739131,0.024051389303854198
0.830465402739738,0.8184295118240188,0.8665421654438531,0.6793674594360276,2.1149902101155824,1.0135012932187615,1.5993129241948203,0.7880465912265289,0.8304654027397378,0.3044662713256544,0.20851879968073755,1.252123085302098,0.22361111111111112,0.7860618473427532,0.35826814235472376,0.9604622321497498,0.39692149681102695,4.9474975708781495,24609.10156803301,0.128173071568253,48.6483755493715,0.011536458333333333,0.0928364925442361,0.026380906434190783,6.678181096762991,0.3457655125258387,0.03947290626223496,0.016533676351397165,surface_wave_dispersion_sample2,0.00036774354647001634,1372990.857142857,0.31065759637188206,0.047619047619047616,2875952.4285714286,0.022202643171806168
0.829612781388141,0.8362263540643542,0.8872878871030283,0.757140043185319,1.9188426582018165,1.0134640382377893,1.6247896151446268,0.7665972557296786,0.8296127813881408,0.3056509009723881,0.20828449508618224,1.255752544758905,0.2224537037037037,0.7852137875982793,0.3593822509800418,0.9602436305519181,0.3986304870413366,5.0228757744526575,16131.174792253296,0.0840169729647201,43.40987579918313,0.012479166666666666,0.08233809205831269,0.026654982968775765,6.319209202976597,0.27791540794370523,0.03929317668755921,0.01684797587771044,surface_wave_dispersion_sample3,0.0031412996711830364,539585.448275862,0.3032104637336504,0.034482758620689655,1195831.103448276,0.018374425799193777
0.8305407588127984,0.8525138701174299,0.911138092258949,0.8571031130036818,1.7128444148629929,1.0135023403495975,1.692124898869284,0.7479993221033417,0.8305407588127983,0.30456574735203884,0.2065835264571741,1.2562934069684362,0.22824074074074074,0.7862101705423985,0.3582811067277667,0.9605004023187674,0.39687227317707563,4.876545036938733,25469.670770572404,0.13265522617603426,76.06676681507977,0.011166666666666667,0.08226480668715952,0.02592415120391782,8.310646931207046,0.3548056324864674,0.03816264666805219,0.016173407391237973,surface_wave_dispersion_sample4,0.0007227471516406542,315165.47826086957,0.3572778827977316,0.043478260869565216,884096.8695652174,0.031342913776015856
0.8299600123459207,0.854926546189795,0.9156688861644702,0.8858319713864161,1.6586863456049208,1.0134818445361786,1.7138610936290573,0.7334141507388477,0.8299600123459207,0.30594488296900924,0.20717750157452025,1.2554070662459187,0.23217592592592592,0.7858574854045765,0.3596407426641236,0.9604096101983803,0.3986576902601661,4.830491739364232,36188.157675568684,0.18848096956530339,60.74988980899242,0.012151041666666666,0.09909980241968008,0.02619377530378445,7.479125319095706,0.4226809873343812,0.03864876424723057,0.016554895867599416,surface_wave_dispersion_sample5,0.0005644893124205602,781400.8,0.28888888888888886,0.06666666666666667,1595765.4,0.020072992700729927
0.8290767311213709,0.8376519237428508,0.8888245191011241,0.7585391622268239,1.9146051949315226,1.0134523651843361,1.6267063519952323,0.7666826038532025,0.8290767311213708,0.30615860306296927,0.20813664856679887,1.2522283796370086,0.21666666666666667,0.7846437120231009,0.35993262829850126,0.9600963408913697,0.3995424410189794,4.98056305641883,30822.855652389753,0.16053654265068962,42.49468292399646,0.012265625,0.10553471290922452,0.026916105931694773,6.25622800961479,0.3865205439482238,0.040221097626625915,0.016889090999895884,surface_wave_dispersion_sample6,0.0011646246989084682,1307121.2083333333,0.3715277777777778,0.04513888888888889,2917945.4166666665,0.016849988298619237
0.8289732432479013,0.8352390471282861,0.8832956029232077,0.7457295801868075,1.9431516546371306,1.0134308113974777,1.622816817558755,0.7723571946364207,0.8289732432479013,0.30629637396308945,0.2089609851562917,1.2540162458862334,0.22430555555555556,0.7844497075163602,0.36000218053456057,0.9600461531793463,0.3997122310816992,4.959176561614459,8324.569415523169,0.04335735819209042,58.262544782910055,0.014526041666666666,0.06095278353007087,0.025873046684156208,7.287708936413732,0.19910271357380546,0.03838947762368055,0.01620346906298696,surface_wave_dispersion_sample7,0.04126212031880185,629460.3333333334,0.3497942386831276,0.04252400548696845,1368696.962962963,0.021468441391155002
0.8294122999373291,0.8358768459354544,0.8872230319693815,0.7497129933472035,1.9347960312518335,1.0134582018791884,1.6225483170162125,0.7702384232362164,0.8294122999373291,0.3059443018260249,0.20675884445482115,1.255316650759708,0.22430555555555556,0.7849009813970155,0.3595503084144494,0.9601628454344436,0.3989707836198974,4.935532496132884,44679.18146987184,0.2327052821622604,44.03628753822678,0.012286458333333333,0.1207067596376396,0.026767701867003266,6.364851194278416,0.4670481220745498,0.039912868019774166,0.016739639183952076,surface_wave_dispersion_sample8,0.0016328962117279024,1327417.9090909092,0.32231404958677684,0.049586776859504134,2607984.8181818184,0.01064516129032258
0.8291223881152111,0.8165525894405419,0.8648762905468962,0.6770924101290992,2.1192122277160967,1.0134604466722872,1.5976743567133365,0.7857134228492945,0.8291223881152109,0.3064917743108846,0.2086595102794915,1.2519802282678356,0.2212962962962963,0.7847967240105623,0.36035393016234674,0.9601359015165936,0.39998156022332937,4.881938701314381,36173.60618783951,0.18840518017197752,36.80589514925698,0.013057291666666667,0.11865417494213544,0.027475106672124,5.834624654331347,0.4175229163337009,0.041625095456925866,0.017241569112065792,surface_wave_dispersion_sample9,0.0029072962322548366,898999.3243243244,0.3761869978086194,0.029948867786705625,2884823.4054054054,0.013862148633038121
0.8280248695469542,0.8349402327481495,0.8857844204778842,0.7415553775509749,1.9552451329079463,1.0134359008996148,1.6212247232035766,0.7746285547553763,0.8280248695469541,0.3074510789561518,0.20598399097099662,1.2497538651829712,0.22337962962962962,0.7833293791578432,0.36091247359610545,0.9597557040909107,0.4013044969151112,4.928931762285183,26575.562997507343,0.13841511152405658,60.04271558538719,0.010859375,0.08912898568521312,0.026207859374446415,7.4024025905154485,0.3612068860400401,0.03850695337876263,0.016451333106558934,surface_wave_dispersion_sample10,0.002307073434504727,762915.0434782609,0.33459357277882795,0.05103969754253308,1580505.5217391304,0.0197467267654003
0.8302442220255224,0.8560396374432038,0.916927129114856,0.8884306583938001,1.6530245561041181,1.0134641878835888,1.7186853882486872,0.7383275274815846,0.8302442220255223,0.3039604449615688,0.20639603628809877,1.2567528679783406,0.21643518518518517,0.7853236650676534,0.35751270198416835,0.9602719877098126,0.3963397784257052,4.7879902985101666,33156.34288969345,0.17269018531186855,86.45208663846897,0.010161458333333333,0.08478771163158662,0.0257413248805975,8.918335315322963,0.40681731752728884,0.03783466847823475,0.016343383893415945,surface_wave_dispersion_sample11,0.00014791841527224335,539938.5,0.2755102040816326,0.07142857142857142,1002937.2142857143,0.05536332179930796
0.8293289311416676,0.8576139263529374,0.9199572894801759,0.9158346612569389,1.604503184579168,1.013468976432465,1.7385607680957202,0.7310594240251468,0.8293289311416675,0.3057747517369994,0.20877552015313955,1.2527982676201546,0.21458333333333332,0.7847631639705416,0.35946461670533064,0.9601272264098429,0.398928108544934,4.786679104166624,49032.07898452547,0.25537674146493194,68.49114939319668,0.011979166666666667,0.108015063982775,0.026314726087389814,7.918347208905962,0.49366806391596146,0.039044692210769866,0.0165269170627428,surface_wave_dispersion_sample12,0.0001333817451199565,610782.8,0.3688888888888889,0.06666666666666667,1511932.6666666667,0.042867349368897356
0.8290797341125781,0.8360406712364239,0.8881717648720838,0.750243310490191,1.9349269284080082,1.0134549094259995,1.6240856529504102,0.7703003935006202,0.8290797341125781,0.30618563504705565,0.20631783635981238,1.2528489738172097,0.2247685185185185,0.7846037836097277,0.359934285866357,0.9600860142864246,0.3995624043143074,4.967498342521152,46992.969173624646,0.24475632255180832,51.42156400433644,0.0115625,0.11730228629643352,0.02708379992345795,6.862947968809887,0.48061962237191747,0.040394786627971295,0.016995251783997085,surface_wave_dispersion_sample13,0.00019449529764134377,1196665.95,0.315,0.05,2557418.65,0.037909558624424584
0.8286906793136766,0.8415759421639293,0.8921419673416369,0.7830403038336087,1.8606999744875077,1.0134523651843361,1.6383465385284253,0.7615872036667765,0.8286906793136763,0.3071573526837428,0.20701582384317868,1.2533982606185088,0.225,0.7843445533905118,0.36072466089122995,0.9600189370982875,0.40062782072440395,5.002907908502937,12109.242888666586,0.06306930186441902,41.92961545586826,0.01365625,0.075302922218217,0.026562436458426274,6.217368302380977,0.2395797221883959,0.03962821787778492,0.016504372762360983,surface_wave_dispersion_sample14,0.012238710153826528,358719.1621621622,0.3352812271731191,0.029948867786705625,985846.3783783783,0.017979904812268643
0.8286575608529988,0.8020458498959665,0.8549239089646484,0.6454147295647088,2.2135923011768925,1.0134649361092705,1.580710424380198,0.7902097786610575,0.8286575608529988,0.3066907385399219,0.21211942396013272,1.2482331766962396,0.2212962962962963,0.7840325122225875,0.360086062794408,0.9599381188932891,0.3999983559323042,4.953135123946371,53982.1629028366,0.2811585628197886,38.4811193022547,0.012541666666666666,0.13830040438902355,0.02765229461287049,5.956807776610903,0.5118887541234975,0.042373474448455364,0.016963471708292988,surface_wave_dispersion_sample15,0.000218111097891724,1227211.0740740742,0.29492455418381347,0.039780521262002745,3052468.703703704,0.026189981292870507
0.8271515225608477,0.8091332672978703,0.858156872083984,0.6598982209556417,2.1684963209866535,1.013430362311483,1.5862295392429984,0.7860762415511504,0.8271515225608476,0.3085907321446982,0.21004201013997995,1.2462368975764395,0.22939814814814816,0.7823390554545565,0.3617277796166738,0.9594980663292153,0.40272880201037564,4.95137543724989,28247.896182538065,0.1471252255612689,31.881010543783077,0.013494791666666667,0.11266103857001354,0.027761763425725356,5.443955639599214,0.3666496279452338,0.042606895159269145,0.017266335610603815,surface_wave_dispersion_sample16,0.0033538898689293886,1329454.0,0.39965397923875434,0.0328719723183391,4100671.5,0.014211011996308828
0.8277239453463712,0.8430529860086206,0.8970886239850538,0.7958193320069928,1.834466434073044,1.013427368353975,1.646053034479994,0.7583235750638585,0.827723945346371,0.30830787629769846,0.2095693876614212,1.2515611818097607,0.22847222222222222,0.7833054980255459,0.3617757225820032,0.9597495011634254,0.40235447465735336,4.956925436346959,18405.926868125178,0.0958647017334735,48.08110821914427,0.012645833333333334,0.08376203011874132,0.026440484427706665,6.644453010446703,0.2980740256187028,0.03914487234372846,0.016485203759126498,surface_wave_dispersion_sample17,0.005916552941706511,360077.2571428571,0.34530612244897957,0.03510204081632653,1185548.1714285715,0.028778233190895612
0.8308056346997266,0.826120048695804,0.8740460279696362,0.7026511539964116,2.048512270857724,1.0135003956694313,1.6114820755795645,0.7846443070059874,0.8308056346997266,0.3037033572768836,0.20706868697965092,1.2552307332243826,0.2199074074074074,0.7862148678923296,0.3575727057402051,0.9605016108520072,0.3960213227740875,4.934797749123984,25320.463773600633,0.1318781023526197,59.36021734774684,0.010697916666666666,0.08874896448270143,0.02655007078190147,7.354885454427002,0.3521378093740454,0.03918906207109053,0.016590736558272156,surface_wave_dispersion_sample18,0.0012527832927318526,462269.9285714286,0.28316326530612246,0.03826530612244898,1274093.75,0.01699029126213592
0.8292751796198338,0.8546730850857777,0.9154953308429246,0.8846360531790247,1.6607394246040004,1.0134495215445072,1.7128276342418953,0.7362801925752306,0.8292751796198337,0.3061283328507643,0.2057907414278845,1.2550421635013786,0.22800925925925927,0.7847643352160706,0.3595726037171675,0.9601275291872322,0.3990580061312532,4.838257859889118,34079.630020126264,0.17749899749543624,71.01527598838356,0.011541666666666667,0.0930826136693305,0.025775699610741023,8.046754628355725,0.410893781960712,0.03802834404925994,0.016303766836741927,surface_wave_dispersion_sample19,0.0008978801413884293,222169.27272727274,0.32231404958677684,0.045454545454545456,660328.7727272727,0.03324175824175824
0.8305904820133908,0.8155084743802253,0.8628894787613978,0.6744629142472666,2.124623991605481,1.0134885771949589,1.5979649536598017,0.7848809252029998,0.8305904820133907,0.30364137830069393,0.20672932064218993,1.2561646885394808,0.21458333333333332,0.785794668801036,0.35741656343286393,0.9603934281970065,0.39601825405355756,4.876103192715071,14402.1753710961,0.07501172074383773,45.0014916447121,0.012421875,0.07859296896073699,0.026455994638940744,6.426901769110306,0.26236325064255633,0.03941176309237001,0.016781948232975817,surface_wave_dispersion_sample20,0.03258569157635579,703842.1904761905,0.5158730158730159,0.026077097505668934,2401955.6666666665,0.017284512167386856
0.8325727751505986,0.8595645463758183,0.9221617841791463,0.9337919252474493,1.5720842545365414,1.0135277673476724,1.7522502138408613,0.7340469734660543,0.8325727751505982,0.3022951888100137,0.20442246526611402,1.2611150758995475,0.21736111111111112,0.7885979032180543,0.3563179073650804,0.9611123160849183,0.3934833407049982,4.689568097572197,29017.583549303625,0.15113403480905435,95.2463351977554,0.010994791666666667,0.08137305969694451,0.02606029046658163,9.258000115884961,0.38014690950760144,0.038161812730401326,0.016402204357809723,surface_wave_dispersion_sample21,0.013093491375800475,251176.66666666666,0.4421768707482993,0.047619047619047616,722748.9047619047,0.023481068388611682
0.8289006031301056,0.7991725902089664,0.8524273199732104,0.644608544957363,2.215665568400445,1.013458800495545,1.5764152956208461,0.787355501670592,0.8289006031301055,0.3070908682655607,0.2093755095910416,1.2470303833418686,0.22314814814814815,0.7847530697725772,0.360788782593388,0.9601246169215139,0.4005233898170093,4.9220870435838044,45696.03119242441,0.23800140205117948,27.83275890439204,0.014583333333333334,0.14375447724080725,0.0282048908743946,5.09925211355988,0.46619181967701445,0.043543197921315856,0.017327495590711166,surface_wave_dispersion_sample22,0.017027340544653557,1613392.8823529412,0.3373702422145329,0.031141868512110725,4081628.588235294,0.02189027702335687
0.829544917052005,0.8253932054529995,0.8737952354350407,0.7017297319500158,2.0527679121626865,1.0134635892990647,1.6072783727900206,0.781754928297576,0.8295449170520048,0.3056002461916241,0.20742242441352404,1.2521771550163183,0.22152777777777777,0.7849715855241599,0.35902286484607376,0.9601810868732148,0.39830647416260323,4.944193420197091,41249.24094523819,0.2148409155528841,44.925239784896405,0.012161458333333333,0.11656071894054264,0.02675718473368922,6.425953517220618,0.4486127454607661,0.04013474135268892,0.016863086096214237,surface_wave_dispersion_sample23,0.0003095799345923944,1658834.9523809524,0.31065759637188206,0.047619047619047616,3647381.380952381,0.021557169930511686
0.8314457441829126,0.8520226932258494,0.9115736582941993,0.8667925500108601,1.6953291888662823,1.013507127095607,1.696665484080981,0.7428645366731969,0.8314457441829126,0.3031571396850077,0.20496647487888425,1.2588370339015162,0.21898148148148147,0.7869938567469085,0.35688419170486235,0.9607017708257359,0.3948574358929694,4.9007976589341204,19544.746097205454,0.10179608277754287,65.85767829710812,0.0121875,0.0781796283376037,0.026010560646979472,7.748957175162773,0.3093274936092909,0.03818348647354723,0.016428056475565743,surface_wave_dispersion_sample24,0.005411909121006946,197037.15151515152,0.4563820018365473,0.03213957759412305,807585.0909090909,0.024371667936024372
0.827391615146904,0.7283029008147633,0.7275386315231164,0.4043514285343016,3.4762773791075383,1.0134388946049617,1.5340656218353346,0.8966987065692194,0.8273916151469037,0.30750620386693905,0.20993330683092207,1.2455959333502953,0.22430555555555556,0.7821986575201979,0.3606463246215005,0.9594614731126951,0.4014874472857175,5.109208848897436,15923.885274033904,0.0829373344342101,30.30489440589585,0.015473958333333333,0.11998198405131832,0.04836526136508263,4.962592206652985,0.2618037928908513,0.07607216903826292,0.029587897923886216,t_phase_earthquake_sample0,0.033688614565723383,39216.10041841004,0.33194446875930045,0.02032527441746468,115807.57740585774,0.053815449636064806
0.8304705179098998,0.6706550057930241,0.7039112538610978,0.38383785418836036,3.597563892044838,1.0134878291438547,1.5814479367431717,0.922402803797686,0.8304705179098997,0.304092747679995,0.20766089541881605,1.256826605876721,0.21574074074074073,0.7858945459421314,0.35788394744999624,0.9604191556867189,0.3965342882453624,4.981176728374818,8203.679008921232,0.04272771737832609,48.17859496707892,0.01953125,0.08833325806774722,0.04602234535396851,6.18390875197768,0.1868815944850326,0.06876762729004415,0.028979682180386684,t_phase_earthquake_sample1,0.06419119708888887,233694.63076923077,0.32461538461538464,0.03467455621301775,311818.23076923075,0.042508290624057886
0.8273395705879603,0.6624977527698964,0.7065259100761893,0.40557772162308425,3.44429953681923,1.0134387449217956,1.5741706832433597,0.9016654209785184,0.8273395705879603,0.30737455481569836,0.21529667068314223,1.2453956715836234,0.2196759259259259,0.7821785846588949,0.36076651678894733,0.9594562399555434,0.4016402278870871,4.9918843613987,8250.74953485583,0.04297287764444518,27.113732858964138,0.019802083333333335,0.10023079983261632,0.04913410615649584,4.672139862563709,0.18145644268608402,0.07817333391959008,0.030335247828207648,t_phase_earthquake_sample2,0.05714237476522096,47242.474137931036,0.3318593935790725,0.023149524375743163,125798.48706896552,0.05068168346176645
0.8294259603281212,0.6520231146060411,0.6651328478718783,0.35326692595681664,3.9351018127771686,1.0135002460771032,1.5489993312191086,0.9208261000963209,0.8294259603281212,0.30530326588609014,0.2086842577255295,1.2517167000458798,0.21898148148148147,0.7846553179446775,0.3588323005987057,0.9600993422530165,0.39821670843034473,5.1040510449604515,7180.715757531211,0.0373997560275377,16.69789069387161,0.02033333333333333,0.10436056072592813,0.0510666019949683,3.705467794426634,0.16281411057433443,0.0878553628926112,0.030899566089886768,t_phase_earthquake_sample3,0.08586011087566033,13107.07299270073,0.4214928872076296,0.028172932909466555,57138.20194647202,0.07510217983651227
0.8294297716330047,0.6842120125039913,0.733347144762564,0.4347992920179324,3.1380691557602143,1.013446677824856,1.603229760161768,0.8912938618742962,0.8294297716330046,0.30499997115695443,0.20836089696094898,1.2514323881306304,0.21828703703703703,0.7845282436497716,0.3585771868826952,0.9600664738281942,0.3979660504049994,4.923160975582459,7496.074503650183,0.03904225805160539,46.1494300836602,0.022401041666666666,0.08733185462893496,0.045763590460411535,5.982672916514425,0.17724334084411167,0.06949887453775859,0.028442502982210557,t_phase_earthquake_sample4,0.017100458988049575,85112.704,0.330816,0.02208,146732.28,0.0435608630750441
0.8287906435663086,0.6508657744837083,0.6810995465663295,0.3654509581741636,3.7892431465642593,1.0134540114656498,1.5693235934720626,0.9183360351901468,0.8287906435663086,0.30603370985026723,0.2117209045823017,1.2500825774814626,0.2298611111111111,0.7839583260893678,0.35946326031658543,0.9599188925842982,0.39928207990157827,5.01311700622834,15874.81128835418,0.08268173942757087,18.787300487186368,0.015802083333333335,0.13498236263442476,0.05278222196506885,3.9777630887086812,0.2538918481778019,0.09135989654291757,0.03135210468455983,t_phase_earthquake_sample5,0.05097185450151126,37304.062706270626,0.3156444357307018,0.023777625287281202,75489.42574257425,0.060828011254521905
0.8280377820334763,0.6794368795787636,0.6771402951898071,0.3598837105546681,3.8969593204302853,1.0134472765093112,1.543823937031051,0.9224936299828458,0.8280377820334763,0.30713312224330086,0.2093624909637382,1.2486721000482113,0.2199074074074074,0.783187659753298,0.3605115105127997,0.9597188865067613,0.40088501174346436,5.144884814948684,18664.11872162839,0.09720945797440815,13.996892521335127,0.01821875,0.15812917508662078,0.05804357810608397,3.3823078691967354,0.2687082351949279,0.12284358336054005,0.03422240589027083,t_phase_earthquake_sample6,0.02983383823954112,15764.979002624672,0.29344658689317377,0.0166918111614001,30731.619422572177,0.09542801556420233
0.8313900217788485,0.6763882807160562,0.6835144836437763,0.4107453585182645,3.3950369404263037,1.013505930430306,1.5951125096181287,0.8997318035398653,0.8313900217788484,0.30231372920813965,0.2030172293763809,1.2565286778662446,0.2150462962962963,0.7865572766025601,0.3562799070361347,0.9605896554191958,0.3943235827424276,5.053202880387785,2279.1369515501992,0.011870566781859276,29.68548403619534,0.034067708333333335,0.0659057080119788,0.045388176903285345,4.8446315538140645,0.08675795414502588,0.06874335406280624,0.028210428020882944,t_phase_earthquake_sample7,0.09906356518693663,26666.818532818532,0.5346819516703687,0.03403348190992979,90908.65637065638,0.06673788726198705
0.8279907529686517,0.6545350076229526,0.665393136642234,0.35122885796535896,3.9338356660714164,1.013435601524214,1.5731989448130903,0.9210210968236051,0.8279907529686514,0.3074279831622028,0.21270567507929178,1.2467776798301102,0.23078703703703704,0.7832651529177169,0.360591444305895,0.9597390207467549,0.40094681523958464,5.08257640004769,17151.415423617913,0.08933075392902001,13.348772740231254,0.01825,0.1532777214438641,0.057929974231850735,3.3483764628460273,0.25658571428209687,0.12232542957561333,0.033294248132410345,t_phase_earthquake_sample8,0.039774371044047324,15230.465789473685,0.34876731301939057,0.020318559556786703,38509.06842105263,0.0787802876517082
0.8303122084824892,0.735443015171633,0.7344126997765273,0.42996581750971496,3.3557207395905118,1.0135220842194808,1.577284350056843,0.9045231579233212,0.8303122084824891,0.30369065040883764,0.2061304057128963,1.250982693883209,0.21736111111111112,0.7852784963572788,0.3570938574256934,0.9602603318177144,0.39585761816697485,5.239854310425788,8133.156454443697,0.04236041049403225,32.49718140489172,0.0195,0.09099932428223315,0.045561098632486835,5.2597285740660675,0.1846058310213175,0.07003945879845608,0.028035833307001188,t_phase_earthquake_sample9,0.034612534601222544,62175.49418604651,0.32916441319632234,0.02406706327744727,131063.27906976744,0.05158656522545927
0.8294881501607616,0.6926917993248941,0.6867215566705012,0.36733208055348054,3.860384635086572,1.0134866322506,1.57738676152209,0.9290632616712181,0.8294881501607614,0.3056200939305639,0.21211524230979995,1.2515074868440232,0.225,0.7850473430230603,0.35944079253802175,0.9602006550371835,0.39877385568582946,5.108010542362653,42671.39297814532,0.22224799596948588,14.368000055849098,0.016546875,0.2187898425950593,0.05905511688815092,3.47589592018251,0.4175857315630761,0.1536185595345221,0.03487489395713008,t_phase_earthquake_sample10,0.04066889355762149,13281.031161473087,0.3439157685239429,0.022077057034403616,40021.94900849858,0.07884513932185507
0.8295950698701201,0.6409866408865333,0.6446421046293523,0.3227375385729476,4.278524239024087,1.0135011436277588,1.555285930655533,0.9230632171062648,0.8295950698701201,0.30552838011387723,0.2069339824096042,1.252748666629128,0.21689814814814815,0.785146953201151,0.35936805850858194,0.9602263769283936,0.3986428828848248,5.133361800184402,13850.999081678974,0.0721409959514319,12.992017082876089,0.01728125,0.1381922976255338,0.05596602482692982,3.3564325685978598,0.23031176499270262,0.10635786724496786,0.033019946396456216,t_phase_earthquake_sample11,0.08591514834537349,11258.389277389277,0.3617400470547324,0.025554088491151428,46378.27738927739,0.08005949776883367
0.8296917279628944,0.6652085112145689,0.6541515899094406,0.32778208923883184,4.243764701852292,1.013438146186919,1.5551379358300705,0.9420102248168577,0.8296917279628943,0.30529721993346737,0.21192344122112605,1.2532705712946528,0.2224537037037037,0.7851087325682942,0.35880399234874244,0.960216508381706,0.3979831975207096,5.151398167871321,18654.36214423398,0.0971586422024801,15.949673524788956,0.016630208333333334,0.15323861221061233,0.055485928845832574,3.6205734670523584,0.2714333507431444,0.11175944242795424,0.032795292398779416,t_phase_earthquake_sample12,0.04916197009813899,22904.056737588653,0.35564106433278003,0.01833408782254414,54103.37234042553,0.06877213695395513
0.8308034279579515,0.6753193553237709,0.692905260491208,0.4086560554949217,3.3656635411934723,1.013496356599046,1.6011281540885154,0.9059224106049625,0.8308034279579515,0.30347731444791254,0.20795437569520892,1.2556708685808724,0.21898148148148147,0.7861901770639955,0.35737737091093713,0.9604952581917806,0.3957974798035207,5.033529141893464,2465.185223271758,0.012839573243984385,46.34406647229234,0.03346875,0.06487133661632923,0.043961481019186954,5.773970518093514,0.09290433820235726,0.06597598828773152,0.02761535547621945,t_phase_earthquake_sample13,0.02316431505337009,24875.49342105263,0.3468663434903047,0.025969529085872575,47736.02631578947,0.06349483995102326
0.8297583466104804,0.6884825809229661,0.6796402010140861,0.36736587003026555,3.8011543280049276,1.0134836399556004,1.5492484768248853,0.907678806762024,0.8297583466104803,0.3040257406640233,0.20876850130865698,1.2512825131553285,0.2199074074074074,0.7846261718853155,0.35788602343321163,0.9600918046879928,0.39709261822736935,5.089523770165185,4982.288819619486,0.025949556089456125,24.54626698378504,0.023125,0.08717595355392074,0.0483921174893434,4.301361786155636,0.1354613378698247,0.07590446398779892,0.0299408924028826,t_phase_earthquake_sample14,0.01975895635314478,19717.37037037037,0.30834019204389573,0.019753086419753086,49201.32962962963,0.06886836750665205
0.8312193070694486,0.6598226315212694,0.6538326463099899,0.3251069962447645,4.294952349425081,1.0134761588314276,1.5691348951245525,0.9333919686442368,0.8312193070694485,0.30248433383482076,0.20470504167879972,1.2573686781487534,0.20717592592592593,0.7863602778004112,0.3564343468771854,0.9605390126485105,0.39459413932517434,5.098384067542913,7358.006733254629,0.03832315133544773,29.1012835219018,0.018677083333333334,0.0942978721080512,0.04738051558431872,4.8072493033765955,0.17155425687401293,0.07454951879270122,0.029281081597848042,t_phase_earthquake_sample15,0.07738501327758372,125755.13836477988,0.3556425774296903,0.03556030220323563,255470.27044025157,0.036717298655884606
0.8310880289647888,0.6958077970601134,0.7201056896574217,0.4116132874062014,3.3423879737604003,1.0134951598065267,1.5938961677679093,0.9067351961206325,0.8310880289647887,0.30322603557514943,0.20541579144047226,1.2555650976029384,0.22407407407407406,0.7864954491663723,0.3569795268954604,0.9605737648832052,0.3951883081436714,4.963403705447046,5084.659064465064,0.02648273722501192,61.510923339351706,0.027984375,0.07154169630427241,0.04344103041998203,7.122706214198563,0.1461656080752108,0.06464490867799708,0.027181067410618917,t_phase_earthquake_sample16,0.07465900277117068,13271.441605839416,0.5838616868240183,0.025467526240076723,62680.12408759124,0.08711665132091508
0.8314606604698802,0.7055622951092297,0.6701215559313678,0.3714731076240818,3.7868047288102726,1.013518644276502,1.5753614901276578,0.9281485850833924,0.83146066046988,0.3024254076862856,0.20261593731566332,1.2580922872387432,0.20717592592592593,0.7867152748438178,0.3564201765316372,0.9606302485489016,0.39442287634786893,5.11199671299451,2395.835122738136,0.01247837292245343,35.770147656776956,0.032802083333333336,0.06609980226099593,0.04530817062312516,5.187952564829548,0.09005067502237298,0.06786879830980452,0.028253568777452713,t_phase_earthquake_sample17,0.09846900893731546,24327.00354609929,0.5706453397716412,0.03143705045017856,98817.76241134752,0.07287602265575834
0.8325187618636908,0.7000800913605539,0.6972644032808683,0.3775595682076321,3.8269321274858217,1.0135207381687454,1.5709937770480764,0.9392373760325613,0.8325187618636908,0.30121916300188983,0.20356342244999315,1.259472087879567,0.21550925925925926,0.7879219834167338,0.3552199459270109,0.9609395828690037,0.3924648461617108,5.179940726134941,5610.997832556165,0.029224099253413637,40.32917989900514,0.023994791666666668,0.0782665547864784,0.04514990144149235,5.842469259328663,0.15198122728290664,0.06682547057749769,0.028178958366865084,t_phase_earthquake_sample18,0.07906351643964259,40386.03351955307,0.3399706625885584,0.036109984082893794,96775.98324022346,0.05875031117749564
0.8287038569595495,0.6584590331451732,0.7144033265859503,0.40564469792281915,3.401959984968135,1.0134670311117815,1.57955893521352,0.8974626826506531,0.8287038569595495,0.30605619003682505,0.20899450119578594,1.25132520269307,0.21921296296296297,0.7838150137240618,0.35961390478536853,0.9598817380163198,0.3995264628264501,4.982199699667008,8990.071480714025,0.04682353283461906,34.11976595192891,0.01909375,0.09533368742806574,0.046037313362496786,5.26082868209425,0.19425441308608685,0.07182227249780465,0.02848979689323544,t_phase_earthquake_sample19,0.056809531401314076,74253.55428571429,0.3612408163265306,0.031902040816326534,154067.62285714285,0.045389563974267334
0.8311514597613402,0.691117135027246,0.6791703168535378,0.3640292373164634,3.9049042306420096,1.0134893252405397,1.6005826747394334,0.9401717127743047,0.83115145976134,0.3039512244146045,0.20745817762889618,1.2561975687238216,0.22175925925925927,0.7870439114726481,0.3579234555275435,0.9607146147798639,0.3960785478119613,5.1399248683234555,13158.265099846432,0.06853298767101096,16.61324318190423,0.015098958333333334,0.12551333224704236,0.05020576197895005,3.772826566284399,0.22973688027090988,0.08585982462219016,0.03011942450231466,t_phase_earthquake_sample20,0.06504895290234844,20306.979545454546,0.2940599173553719,0.030619834710743803,51642.075,0.08114495798319328
0.8304444643236765,0.6906552029613,0.6865793754552507,0.35964968078206583,3.92324775069163,1.0134788520997688,1.5585522295539476,0.9239908124247082,0.8304444643236762,0.30399886915851193,0.20725309328464653,1.2533327866565245,0.21944444444444444,0.7857993736283782,0.35787891714658987,0.9603946403096567,0.3965697148308349,5.050107442021777,5556.872791445478,0.028942196529385452,32.97389360726451,0.023692708333333333,0.07956438695737492,0.04433493517439818,5.301187144636365,0.15037138729451036,0.06703411195161754,0.027399013714586837,t_phase_earthquake_sample21,0.1266863363102681,30699.20779220779,0.4915668746837578,0.038433968628773824,161112.1331168831,0.06438563964267656
0.8323826952078551,0.7005163272200651,0.7218556046371626,0.4207457749155711,3.304940139605069,1.013554384073794,1.591240751009932,0.9148925650230469,0.8323826952078549,0.3011808397908699,0.20564486913393182,1.2598293144942039,0.20277777777777778,0.7876704297378282,0.3550676625958631,0.9608751994833975,0.39239189142990966,5.01665146072483,5222.717047596651,0.02720179296557092,54.282695572512566,0.027234375,0.07517633510242037,0.045012124489789904,6.6084207295353625,0.14679976134222594,0.06724834846670136,0.027886999133171365,t_phase_earthquake_sample22,0.10614302232527428,28796.134615384617,0.5534615384615384,0.03390532544378698,116176.87692307692,0.0701468189233279
0.830951348996241,0.7135560153752526,0.6986364632993582,0.4169721795177645,3.414061545022399,1.0134986005469169,1.5844326106382758,0.8971715519450697,0.8309513489962407,0.30390640574492034,0.20512847655636918,1.2565924334391347,0.21226851851851852,0.7866378514259783,0.3578927702289114,0.9606103594520757,0.39621926955737313,5.204701387500733,2404.1597250452537,0.0125217304519568,34.58470912263193,0.03353645833333333,0.06578432860746525,0.045379690051632844,5.2140029367940155,0.09052119831440436,0.06742783228155158,0.02862809830367916,t_phase_earthquake_sample23,0.08126572411276478,8317.345132743363,0.49814220203444104,0.029072145212798356,32446.191740412978,0.09555016711448981
0.8297878957537462,0.7254545584966445,0.702927873980004,0.41957547292772596,3.3769751060321154,1.0135053320923553,1.5699540033055324,0.8993997100480229,0.829787895753746,0.30476032440991424,0.2083440396847759,1.252182776653539,0.2178240740740741,0.7850705635807164,0.3584420226164688,0.9602066519314498,0.39756499549101726,5.141280246738455,3144.301600186932,0.016376656129390946,23.065607479192998,0.0290625,0.07504628452041083,0.047702882989510635,4.306281142295339,0.1036562878651772,0.07267222193788421,0.029811779929545267,t_phase_earthquake_sample24,0.040490685166909686,18611.663265306124,0.384770234624462,0.023855800823730854,59701.87074829932,0.07573726541554959
0.8340922447248996,0.7209909814738608,0.6260536600571723,0.3019817293622811,4.5202993256259045,1.0135485529172914,1.6291933299962964,1.094158037136018,0.8340922447248995,0.2999211259070001,0.20294102023801924,1.2652745479558405,0.2212962962962963,0.7900062717358406,0.3538225137249534,0.9614709971250218,0.38990157840610173,4.936836401416539,2584.5908335159365,0.013461480703107499,134.22525254481755,0.03854166666666667,0.05670043459069931,0.04221307695012412,10.09820862601635,0.10122485519107778,0.06065472739898127,0.026629344910636944,strombolian_explosion_sample0,0.09899413248421456,25110.45867768595,0.8439655761218496,0.032989549894132913,79496.75619834711,0.1242265587815326
0.8324996769378664,0.6403867369309287,0.6066822598858272,0.28868783404002124,4.808446711141534,1.0135379363605095,1.6253633282005138,1.0906784995616305,0.8324996769378663,0.3016670350871923,0.20571955044129134,1.2601711544971503,0.2224537037037037,0.7881859272552851,0.3556266535543021,0.9610070801735403,0.39283620530320973,5.0627626291552525,1673.6311173625284,0.008716874136649297,203.67584638920857,0.04248958333333333,0.051476764647891436,0.04135185095502106,12.288296299077873,0.07789076606150927,0.05991856456653917,0.026154852524481905,strombolian_explosion_sample1,0.08719314716923991,11401.392592592592,0.8799451303155007,0.03270233196159122,47050.5,0.1559235668789809
0.833188895293259,0.659374572733306,0.588055802148307,0.26735220456961983,5.1668159678287475,1.0135554306561085,1.6267256567847386,1.0966364510254674,0.8331888952932589,0.3007015510365348,0.20424005316268873,1.263270235664565,0.2178240740740741,0.7888787833676483,0.35490147759681895,0.9611839829139486,0.39167128186546696,4.9956352491091245,1971.0886417479633,0.010266140145250565,204.98825952322264,0.04255208333333333,0.05198481333668885,0.04170070247961875,12.759413567118472,0.0869693386091918,0.06016594713148089,0.02639726636499737,strombolian_explosion_sample2,0.10902112343158404,34040.4,0.4624,0.056,86201.8,0.05268022181146026
0.8330403487261706,0.7374361888558496,0.6283840207722908,0.2926617591970541,4.738989755638159,1.0135646999133432,1.638116148303518,1.139927341970073,0.8330403487261705,0.3003428578242289,0.20310040231592863,1.2613902209594243,0.20902777777777778,0.7884177616680084,0.354366097721232,0.9610663179364498,0.3912314608434316,5.03152129815771,3087.6047064609047,0.016081358269891533,277.25944575316873,0.040526041666666665,0.053781994821893525,0.04099020822562596,14.580456952577832,0.11484237695987937,0.05929010082091424,0.02611058596506819,strombolian_explosion_sample3,0.09448050789928235,12359.581632653062,0.8735422740524781,0.03498542274052478,55109.80612244898,0.148413694210432
0.8338591382194827,0.6466556878679756,0.6021116634170461,0.2693952387385259,5.112542781449229,1.0135464595997703,1.6298490937815036,1.0971529500080137,0.8338591382194825,0.2998419993790878,0.20171320497343606,1.2646756883214052,0.2136574074074074,0.7896400656457631,0.3541258812737047,0.9613778921557398,0.3904190485479936,4.914330730526615,3338.086573440639,0.017385958121868546,328.1720960073663,0.039026041666666664,0.05705569651386732,0.042454350674255195,15.193512331098173,0.11887184302988155,0.061298783147968154,0.02687771920363683,strombolian_explosion_sample4,0.12347418622038185,67100.76785714286,0.6371173469387755,0.05293367346938776,177065.44642857142,0.04762984803810388
0.8337527396712606,0.6494264022517231,0.5872580258803232,0.2648361673775397,5.168718955504177,1.0135578228036664,1.6227134222314332,1.114586561440361,0.8337527396712605,0.2999921727967555,0.20241076602444047,1.263243256086534,0.21944444444444444,0.7894895958398043,0.3541763265913756,0.9613396038881463,0.390544116704211,5.013598784907393,1875.2719901084242,0.009767092485421404,274.2993721879743,0.04255729166666666,0.051662201734753825,0.042253292415144805,14.563178699718407,0.08424997642175124,0.06041082696644707,0.0271604339237715,strombolian_explosion_sample5,0.10584429200331158,8101.190661478599,0.8956532271495405,0.02950839528229042,38576.089494163425,0.1601713062098501
0.8337068916802416,0.7014697499595457,0.6233103687789588,0.30295298096015233,4.628395030283511,1.0135576732960985,1.6316669515214508,1.1029744634852403,0.8337068916802414,0.29985521871306126,0.20222229033999237,1.2641678411122248,0.21550925925925926,0.7893480007618476,0.35406501612631236,0.9613035565547193,0.39047211973796286,5.005498725668915,2373.9833653959713,0.012364561093526379,167.22115700646057,0.040692708333333334,0.05414837809284104,0.041842685357140266,11.502498980887871,0.09712080026794169,0.060072509423131824,0.026409229675745258,strombolian_explosion_sample6,0.10809318755392927,14407.493273542601,0.8963582617788414,0.031591224436445534,50371.34977578475,0.1403654485049834
0.8349129724949834,0.6864336016835163,0.6263622077554929,0.3056156513138239,4.550766793952933,1.013579050638998,1.6284866795576454,1.0914767772127099,0.8349129724949832,0.29764674947431663,0.20149065721909562,1.2681086190331081,0.2050925925925926,0.7902759004663111,0.3519723307095798,0.9615394764160963,0.38758438335304923,5.026059932252106,2331.7408462555964,0.012144546827095955,155.72184996575004,0.040875,0.0549912960179149,0.04266954372210845,11.082208210480193,0.09550099966240122,0.06113835443462969,0.027190961304430696,strombolian_explosion_sample7,0.09994216394196741,7643.789655172413,0.8691319857312723,0.027919143876337694,33587.489655172416,0.15188141391106044
0.8355716333532517,0.6774447490157784,0.6076448124000766,0.33378388542297244,4.123651045890365,1.0135981817790667,1.6226301638772616,1.0351875089774754,0.8355716333532516,0.29750874487437723,0.20099291899696992,1.2691401023531454,0.21319444444444444,0.7913575506100983,0.35197846131759514,0.9618135800876124,0.3871315154816165,5.109604122509218,959.433680768119,0.004997076447107115,212.1560019502799,0.044682291666666665,0.04878429760559014,0.042207403565205706,11.563932892613641,0.05115801723871341,0.059873082941955695,0.027324564895986062,strombolian_explosion_sample8,0.08295043865282883,7093.24907063197,0.8997802683766117,0.029808874946449054,25663.732342007435,0.15766990291262137
0.8334950995452867,0.6403673822424047,0.637389723669948,0.29108245568555996,4.738903879460921,1.0135374877491086,1.6168902197771575,1.0659062673550543,0.8334950995452866,0.29988996070635215,0.20444510581186298,1.2633737269167638,0.21828703703703703,0.7890126367151408,0.35415517895953,0.9612181124282857,0.3907235242960365,4.804859374646932,5344.579548312716,0.027836496795882872,318.29491455723127,0.037109375,0.059548013824931446,0.04224826946871538,15.61492123906043,0.15585373227367547,0.06058071463596966,0.026990681264513112,strombolian_explosion_sample9,0.13219761532899776,14227.896103896104,0.8186034744476303,0.037949063923089894,46348.155844155845,0.11641321447299423
0.8323228853756521,0.6736015475500213,0.6068506487962201,0.28894460339888445,4.729390913310662,1.0135168494772802,1.6169976437508498,1.0745092969510937,0.8323228853756519,0.3014107068006551,0.2032877486461726,1.2614345735238812,0.21574074074074073,0.7876709641586914,0.35535330947595756,0.9608753363211209,0.392732763138884,4.991249896861387,1517.7256433297327,0.007904862230166473,201.11784704226986,0.043328125,0.05033260912881538,0.041025452443936836,12.177914238963364,0.07329017340199785,0.05880975136972028,0.026182640656840603,strombolian_explosion_sample10,0.07029970601980096,8900.079584775087,0.9456663593587241,0.026855521365884028,29487.84775086505,0.16206936019228568
0.831930598057929,0.6440569255645562,0.6322665781516174,0.3013546796593764,4.646612834602814,1.0135285151039675,1.6219376264135306,1.0875436794254651,0.831930598057929,0.3023812727959426,0.20407631300648066,1.2608407764353882,0.22106481481481483,0.7875283586098419,0.35626820425788674,0.9608388138334839,0.39388790078237174,5.064897873929269,2817.9321793374074,0.014676806542416406,272.14602287738956,0.040979166666666664,0.054693218468276614,0.04222755220118825,14.450733080484124,0.10809894520436837,0.06079294659804217,0.026682984378540595,strombolian_explosion_sample11,0.11911599322972201,20698.406593406595,0.9147445960632774,0.03266513706074146,47162.57142857143,0.12187936114126222
0.8327161167422112,0.6634256600505204,0.5934434557295233,0.2734036776820997,5.037429849788315,1.0135316556201488,1.632520876651722,1.1018554210845157,0.8327161167422112,0.3012529566382186,0.20422190508163338,1.2610966769396357,0.22083333333333333,0.7883452536664078,0.355292137835764,0.9610477957239851,0.39236772638404904,5.011076054681362,1650.5480483722956,0.008596649192820252,284.7238790320776,0.043046875,0.051069233060385785,0.04172832342447742,14.507657440825787,0.0773856437152894,0.060332041392110965,0.026528412123204708,strombolian_explosion_sample12,0.09883950810544032,7517.134146341464,0.8569118084473528,0.02940957763236169,38751.14024390244,0.16797235023041474
0.8330611927944586,0.6067669125180631,0.5642487554121508,0.22165957257990895,6.1046479966643625,1.0135388335773523,1.6089343545810466,1.104783129177562,0.8330611927944584,0.3007564455713137,0.2018206469570447,1.262447834174877,0.20694444444444443,0.7886840948192427,0.35494937781791996,0.9611343149941873,0.39181243928980825,4.91381864973738,3161.7889319518395,0.016467736456709875,376.11517313816086,0.04141145833333333,0.053414361735731594,0.041298032240592,17.245281375103886,0.11668143231728678,0.059360726029248544,0.026319826469155448,strombolian_explosion_sample13,0.18881679143610913,71839.86956521739,0.6294896030245747,0.06994328922495274,165274.5652173913,0.03998519067012218
0.8334774069092155,0.6510702959308441,0.5894305554779762,0.24744335555752084,5.5266525462214044,1.0135338987863987,1.628563346369243,1.0934640258561323,0.8334774069092152,0.29991382567222996,0.20450816998255614,1.2656000336874376,0.21550925925925926,0.7889963273719369,0.354010734565162,0.961213954726133,0.39055856436044967,5.0412433519733355,4093.989929553865,0.021322975273589263,169.79016439166747,0.03600520833333333,0.06106952870729697,0.04290140898739844,11.300161615950978,0.13264002744230347,0.06183867240513881,0.027072541817879273,strombolian_explosion_sample14,0.1375098918262455,29469.54010695187,0.7765449398038262,0.04046441133575453,127458.28877005348,0.10405094160682835
0.833682495701803,0.7042697378828325,0.5995987008913896,0.29054458974790687,4.79276866577995,1.01356275642966,1.6311243104912696,1.0870271481293412,0.8336824957018028,0.30046632081721203,0.2053540179541989,1.264162714905491,0.22037037037037038,0.7896052519775323,0.35464658938218035,0.961369035219451,0.39105496699839715,5.097569627544549,1714.1342548052492,0.008927829076220445,99.1432578637563,0.04141145833333333,0.05442867281575929,0.042537841248532396,8.748558971972285,0.07723536853427772,0.061931274143074894,0.02698439493862074,strombolian_explosion_sample15,0.11772993883725523,7880.502702702703,0.7277867056245435,0.03135135135135135,47577.78378378379,0.14765840220385676
0.832595972461962,0.6089956609537904,0.579420780308899,0.24238116887732428,5.493189420572457,1.0135392821827944,1.6185182606217845,1.0916781559646629,0.8325959724619619,0.30136696096855903,0.20401574176662232,1.2608995793760123,0.21712962962962962,0.7881859824937439,0.3553330398562271,0.9610070942933179,0.39248560970394325,4.913754530737389,2858.026119298378,0.014885630234003187,275.37260546256533,0.0396875,0.0560715448627348,0.0425186815382234,14.38230317557523,0.1083583617511144,0.06148734574301641,0.026621219237613514,strombolian_explosion_sample16,0.067485774722037,185846.63636363635,0.359504132231405,0.049586776859504134,222681.5,0.03203797092850786
0.8329471511953571,0.6835419583038821,0.5860109947992906,0.25978522147275124,5.146848546747714,1.013531057434095,1.6263724468221217,1.1069844204269825,0.8329471511953569,0.30096770130196876,0.20327185491970112,1.2619579052625784,0.21921296296296297,0.7885795423347863,0.3549525693883232,0.9611076289823938,0.3918614864437995,4.925957634210018,1733.3613241819546,0.009027970584127807,188.64291765291932,0.041796875,0.05161340203345719,0.041467576661676706,12.079573643570074,0.07977455919013528,0.05994710527791088,0.026149748540150113,strombolian_explosion_sample17,0.1113650653044031,13767.348360655738,0.8313289438323032,0.03513840365493147,42327.45081967213,0.13747169308645266
0.8322571599630034,0.6850805562019859,0.5852111358506921,0.2643711350896208,5.171549620191237,1.013500994036535,1.6220107006349231,1.1172265149905074,0.8322571599630033,0.30181793553995395,0.20376360648579112,1.2614556722121275,0.2199074074074074,0.7878151371745571,0.35589972077514076,0.9609122428375287,0.3933227746237381,5.084166815695091,1856.7323908602616,0.009670531569749122,142.57844839494007,0.041921875,0.05293990018695886,0.041903090556835894,10.612726833258149,0.0828724813830986,0.060448358935948944,0.02633720840486088,strombolian_explosion_sample18,0.060490536111336105,10698.139622641509,0.8848558205767177,0.032509789960840155,39149.81886792453,0.15474526743742853
0.8338299729958202,0.6677924122775235,0.6060557330437077,0.26257711612464074,5.188116252768197,1.0135726229610824,1.623163994192003,1.0795543790700826,0.8338299729958201,0.2997770125673819,0.20220623449681802,1.2634054927053349,0.21342592592592594,0.7894650205176046,0.3539637666995018,0.9613333486966131,0.3903016009817004,4.943056137471775,3363.3584086150513,0.017517582948947917,304.8792712392184,0.03766666666666667,0.057987105678664656,0.041908109408897505,13.859496282746651,0.1189747338158321,0.06092441521652274,0.026367317989782466,strombolian_explosion_sample19,0.05130443079876178,190185.9411764706,0.42387543252595156,0.03806228373702422,272638.5294117647,0.0400890868596882
0.8347186110044312,0.6785932716747615,0.6022217042737936,0.30165838282958435,4.587482859694286,1.0135838337626253,1.621153375633188,1.0681939024863603,0.8347186110044311,0.29939045088396576,0.20341247773833848,1.2666762283793722,0.2150462962962963,0.7908812610552444,0.35364706024255094,0.9616930025296097,0.38931764658903456,5.070816473044858,1291.3878636682782,0.006726013487925865,179.52889608637363,0.04377604166666667,0.05078347554070104,0.04255266425289084,11.39586867692734,0.06439733743418773,0.06114395277756263,0.027011345908633373,strombolian_explosion_sample20,0.12360750998601315,4135.607913669065,0.8697013612131878,0.03234822214171109,16626.4964028777,0.15755968169761272
0.8340432055623203,0.6132260989392967,0.5682695463997307,0.26511743570906465,5.165961755691982,1.0135641019223338,1.6205903561047446,1.0817243781366817,0.8340432055623203,0.3003078329942631,0.20357126268047948,1.2651113854539109,0.2199074074074074,0.7900886494806975,0.35427840008840034,0.9614919255590869,0.39040922241487325,5.090323313676196,1247.081523572912,0.0064952500980365105,201.9947419210654,0.04356770833333334,0.05023767052753783,0.04192666336217493,11.919125253041186,0.06301898704815453,0.06064901949012147,0.02674741981946146,strombolian_explosion_sample21,0.06437078988716814,8380.175324675325,0.8943118569741947,0.027639568223983807,23020.704545454544,0.14919852034525277
0.8327658444976317,0.6495326964036473,0.6076900470809851,0.2997214586002113,4.611734478613265,1.0135309078870298,1.6142455372036246,1.0485996652076757,0.8327658444976317,0.3015142414589301,0.20413235678645097,1.2627871537531103,0.22314814814814815,0.7885975784783659,0.3556903610943182,0.9611122331889576,0.39273382881337987,4.956105216030487,1198.3230375017886,0.006241298327083936,491.07412480866014,0.04441666666666667,0.04862847123225499,0.04145201576097526,17.435821352420373,0.062261847113104236,0.05947767092079947,0.026271884664262935,strombolian_explosion_sample22,0.12118343560051627,4205.880478087649,0.9003825336105776,0.0329994761987905,15163.302788844621,0.15805559598311744
0.8324454977643735,0.6775270665994751,0.6285324749447239,0.3010869692633076,4.591080457746575,1.0135350951214266,1.6338192999227563,1.0768959018171103,0.8324454977643734,0.3013721702423047,0.20283153000281862,1.2618608274408478,0.2178240740740741,0.7877812130058707,0.3551759676319346,0.9609035602428697,0.39247380264590487,4.977609786395928,3443.2753040241464,0.017933818947099445,168.50879434617602,0.03790104166666667,0.058591426918066104,0.04237797403929958,11.587283008986402,0.12041914396597139,0.0619552179387076,0.02671773303362453,strombolian_explosion_sample23,0.09816545049783142,16335.735294117647,0.7678146626297578,0.03170955882352941,62136.529411764706,0.13737373737373737
0.8335352824057141,0.6459696860529816,0.5909563303225785,0.272855555431623,5.045134065973503,1.0135493005202114,1.6155626887441594,1.084284974121161,0.8335352824057138,0.2999992961680947,0.20398917191576738,1.2666770650710504,0.21412037037037038,0.7890654444696216,0.35407883227673576,0.9612315730534577,0.3906103609818589,5.012794979104585,1490.0779846974997,0.007760863258128947,258.6199967015781,0.043494791666666664,0.04918003719437876,0.040513106131028015,13.818220128696229,0.07308999095995064,0.05836178283804631,0.02561345214139003,strombolian_explosion_sample24,0.06522931125694324,7348.066420664207,0.900382620062363,0.027328059258452362,31400.845018450185,0.16989567809239942
0.8277623591788213,0.7781862906637953,0.8726064376136293,0.895162482803244,1.577075612822548,1.0134397926993148,1.8608640834345282,0.8602982253226971,0.8277623591788212,0.30916735357983954,0.21558746359398898,1.2502233755959757,0.22870370370370371,0.783856185358225,0.3627218114347788,0.9598924137963285,0.4032483661922554,4.619854472029884,8166.0160185109835,0.04253155494826006,11.290609768267963,0.019875,0.09540301389387845,0.045114127292085436,3.502858694871738,0.1828376284294596,0.0670517102912289,0.028039985017178436,hybrid_eruption_sample0,0.03973376370537998,11836.824933687003,0.3390370719557585,0.017273040688388717,46035.09814323607,0.1104966075602942
0.8297250277595526,0.8300394481348854,0.9246951402136941,1.028708067153434,1.4312141070642066,1.0134565556659694,1.9087277798250344,0.7986266822121579,0.8297250277595524,0.306579967873919,0.21347004504921663,1.2531185580731543,0.23472222222222222,0.7858551440517827,0.3599795445775419,0.9604090071093341,0.3990654671018413,4.47306535167213,84416.35582703067,0.43967080988458623,24.610890459697863,0.013640625,0.18171145510599618,0.045410680249649414,5.095946191477097,0.6376907299120107,0.06802538581787537,0.02832960170570155,hybrid_eruption_sample1,0.01268940524086759,38255.22222222222,0.5017832647462277,0.012455418381344308,226710.77777777778,0.05652583520544967
0.8284291313588558,0.780399938138722,0.8438882905708878,0.6263022034028056,2.328967249261861,1.0134508685417445,1.5187852555374797,0.870719139369205,0.8284291313588558,0.3088595350674747,0.2095245277231016,1.2449538051422744,0.23819444444444443,0.7847768925769586,0.36251163526933106,0.9601307753034369,0.40258458735003894,5.074932834281496,17185.725343597158,0.08950945235963291,16.39007656571346,0.015651041666666667,0.11963268128763874,0.045233946711100474,4.025049863840222,0.27422072812334736,0.06929925360667503,0.028151329504405277,hybrid_eruption_sample2,0.038922022426152725,13276.579124579124,0.29719189651849587,0.012753800632588512,50856.84848484849,0.08989627353054168
0.8246020637538619,0.8256732658613907,0.8835250162685018,0.7935815004238476,1.8676734156147587,1.013437996502647,1.637426972242104,0.8559466903057701,0.8246020637538617,0.3133869392495699,0.2163888642450793,1.2270190330638104,0.24328703703703702,0.7804193449897062,0.3661007403626376,0.958996247053543,0.4088789891234952,4.836274085183004,15858.61244960302,0.08259737003631801,18.01443002444572,0.015901041666666667,0.11986590473123392,0.04668191228104596,4.209003345997269,0.261207015075486,0.07308170877285358,0.02885880592096785,hybrid_eruption_sample3,0.026409134013331146,11198.620853080569,0.336818579995957,0.018047662900653624,33024.45497630332,0.1189775839334618
0.8250844003543327,0.8670489056448182,0.924321874479605,0.9488657484377098,1.5631461974100187,1.0134224281306248,1.7749869688114908,0.7971736570784089,0.8250844003543325,0.3129062745368947,0.2152390857695743,1.2383062119045474,0.22962962962962963,0.7813780076872369,0.3667590468663169,0.9592472410896753,0.40923643242370406,4.890417458298166,20979.631890641354,0.10926948520899252,23.94317240015005,0.015645833333333335,0.11474204736262322,0.044501783359053464,4.989048338277477,0.31000512683522496,0.06812534891446236,0.027474605164105742,hybrid_eruption_sample4,0.027874804371341235,4829.266384778012,0.36531249860322085,0.018732484389596342,28751.55602536998,0.14029995162070633
0.8286239729593137,0.8506467086225155,0.8665216432365717,0.7321557430417326,2.0271114694441046,1.013466432544056,1.7559016791097921,0.9517592738643147,0.8286239729593134,0.3080714179422288,0.20967201895325502,1.2495200918376026,0.22199074074074074,0.7848699101665161,0.3622527127162649,0.9601548164598536,0.40223034471579855,5.022253478793847,19224.63452952455,0.10012882634557757,55.362757251564126,0.016166666666666666,0.11406989400272555,0.046728438970382244,6.253297190611811,0.2951548138240009,0.07161989195607435,0.029445318258903168,hybrid_eruption_sample5,0.022845164033405,21357.801652892562,0.468478929034902,0.015094597363568062,50038.96694214876,0.07555506461946317
0.8267992378918455,0.8660258252464841,0.9166184578805248,0.9290620709282725,1.6035165646941847,1.0134239251934456,1.744666570138597,0.8112107189600474,0.8267992378918454,0.30978364276716347,0.21115483683231778,1.2464212456708734,0.21875,0.7825976819070916,0.3637479794569568,0.9595654303161466,0.4050473175384607,5.003433842029177,9795.229499494295,0.05101708602385583,24.496694087662398,0.02030208333333333,0.09005372780794217,0.044017185954095685,4.940895976519125,0.20714040266871933,0.06583016418846743,0.027601631840778136,hybrid_eruption_sample6,0.008473654903206698,9745.962264150943,0.4374332502669989,0.016820932716269135,30200.69811320755,0.10027450347166156
0.8238180153396676,0.7632370805424927,0.8264760664860594,0.5986694440411052,2.4549165807577773,1.0134517665299527,1.5223626356088313,0.8668865582206015,0.8238180153396675,0.31422292017307973,0.20984268749301388,1.2285111137127807,0.23796296296296296,0.7796016653582911,0.36719280820644107,0.958781538372494,0.41057435941740567,4.895287066190063,13413.026561748498,0.06985987719596716,21.792647614042473,0.017145833333333332,0.1147912560870683,0.046031700830970544,4.20708825917047,0.23808082843520434,0.07213075808991938,0.028061477152826537,hybrid_eruption_sample7,0.03915311450582309,3171.0073349633253,0.35649595590652855,0.01575193835522265,25977.264058679706,0.13904597983771821
0.8320608433079916,0.8339024195598491,0.9021183098610625,0.943489913446092,1.566018436305113,1.013502041170463,1.855874403150465,0.8851031351581155,0.8320608433079915,0.3025811124727276,0.2074789724811989,1.2590001797205153,0.22083333333333333,0.7878923297483987,0.3566262311797553,0.9609319959920554,0.39415744286527754,4.699744615395258,11755.745875079981,0.061228161996051966,22.3697606741735,0.0185625,0.09363246380116122,0.04271081027382462,4.750673838374505,0.22904323788730183,0.06352285683457866,0.02673802898834389,hybrid_eruption_sample8,0.1108700136818791,18712.19587628866,0.5581063048381574,0.02927457162763784,105911.41580756014,0.09430870083432658
0.8279149520889071,0.8664816653801315,0.9154285672220975,0.9177491509403379,1.616586157290551,1.0134526645102013,1.773102953889393,0.8486056748824475,0.827914952088907,0.30939430011309915,0.2090048552444459,1.2510789302943297,0.22268518518518518,0.7843529002785775,0.3634584856060146,0.9600210977910255,0.40391171690365485,4.948277222582572,17673.016479355952,0.09204744024373018,22.44019581532627,0.016432291666666668,0.11160357936415928,0.045592090059686494,4.808637576946031,0.2821198360680913,0.06985569962001398,0.028370268698606163,hybrid_eruption_sample9,0.024908097150003146,10980.862903225807,0.398380593132154,0.013234911550468261,53655.854838709674,0.09124299246085443
0.8291339856712092,0.8123368227715101,0.9023803061002378,0.9469295063713887,1.5408198745637163,1.0134505692105729,1.885657017216081,0.8618010727191205,0.8291339856712091,0.30713199779302736,0.21149395756679262,1.2531334228110755,0.22777777777777777,0.7850944507285504,0.36055017445934934,0.9602128204999676,0.4000865569824101,4.517071037812817,27146.509235065463,0.1413888053326604,21.769815295342394,0.0141875,0.12849736547929952,0.044323729997111996,4.706760505393077,0.3533786863939476,0.0663459612681686,0.02787652993276823,hybrid_eruption_sample10,0.2939684221792294,14810.28527607362,0.37677368361624447,0.10679739546087545,91763.97852760737,0.07403651115618662
0.8275164576482656,0.7855302770290405,0.8258011430618059,0.6026858400819909,2.4138429403699044,1.0134760092033093,1.550591526668175,0.9154236640370134,0.8275164576482655,0.3099178895035709,0.2123272115621524,1.2444738613389354,0.2388888888888889,0.7839064204612578,0.3636730420480343,0.9599054377701137,0.40437046162099016,5.078633983732947,7961.277539348643,0.04146520314870725,24.367713114116654,0.020364583333333332,0.09225212167178497,0.04465395478152661,4.47576197696455,0.1815338349486445,0.06793995845813337,0.027940197427177547,hybrid_eruption_sample11,0.06381507643028901,287588.4492753623,0.497164461247637,0.02289434992648603,316566.4202898551,0.025804469702787804
0.8277145832864413,0.8398500348379142,0.9034267893476663,0.8252224191320562,1.7969701555068536,1.0134876795329713,1.6624493742697515,0.814318742647355,0.8277145832864411,0.3092738641027197,0.21294443051900902,1.2453427572695164,0.23703703703703705,0.7837400935737588,0.36259533679339506,0.9598623075564353,0.4031484518385163,5.010912655280557,39559.7954462051,0.20604167441603913,20.437291481809197,0.014041666666666666,0.1526234967486091,0.046281535417368166,4.583178065778198,0.4274887946163566,0.07122952519213913,0.02889362822543786,hybrid_eruption_sample12,0.07161849471129673,17555.543902439025,0.3669125520523498,0.018274836406900655,69426.22195121952,0.11058283027939526
0.8276667138495182,0.8483059509598938,0.9016816880378117,0.8304440674619399,1.7870719053962725,1.0134595487610163,1.6954502642728007,0.8612604235095248,0.8276667138495181,0.3098414769316468,0.21266744908070034,1.244521882041451,0.23333333333333334,0.7840784325097367,0.3635270962400101,0.9599500173868819,0.4041180254208528,5.029112469258898,29946.074248021945,0.1559699490519323,24.62307751593929,0.013916666666666667,0.1355660157129478,0.04598750792953832,4.828780561990849,0.3709325977750735,0.06978990266824867,0.028596495207760596,hybrid_eruption_sample13,0.013543419680643284,31385.792,0.310464,0.013632,85106.28,0.04988889685327217
0.83181530371821,0.8337363298097955,0.9157409982032764,1.0070227319520193,1.4666447421926723,1.0135178964473568,1.8722466039461174,0.8328291979554547,0.8318153037182098,0.3033844960104898,0.2082024686842629,1.2580494784865635,0.22268518518518518,0.7878643781497404,0.3574613308407653,0.9609248439111983,0.3951680700745763,4.623359712271414,12392.550930025558,0.06454487226509283,24.309494506335277,0.020166666666666666,0.09311503551423918,0.044452423697916035,5.031594682772863,0.23637708487724676,0.06524105749716118,0.028325292522351737,hybrid_eruption_sample14,0.06614588803752518,14896.217391304348,0.6251777093846178,0.021793810245434236,49169.640316205536,0.10074535178966336
0.827914293058325,0.8463745240800169,0.9128113534453118,0.8639969206256694,1.718919403839552,1.013481395676352,1.678205224321111,0.7789169592274298,0.8279142930583248,0.30965177509905034,0.2109115155668838,1.246571274460498,0.23703703703703705,0.7843171839773962,0.36312135490109715,0.9600118517790749,0.4035235278434702,5.007706514648211,33945.69020646323,0.17680139066590572,22.40681724152519,0.013838541666666667,0.13781128179282556,0.04483098761548392,4.809699704448498,0.3972512057073556,0.06780211361369773,0.02762612213556192,hybrid_eruption_sample15,0.07655581726480633,7014.8375,0.34848090277777777,0.022569444444444444,34723.79375,0.1436104034599206
0.8276967214402966,0.7648929274048658,0.8393285361804337,0.6087701708892592,2.383771707703928,1.013465235397996,1.4787231419330664,0.8084280928655159,0.8276967214402964,0.30947991886857446,0.21053439604195218,1.2414474717565653,0.24560185185185185,0.783726212546932,0.3626928100526216,0.9598587070012986,0.40327244382754107,5.065082024022357,17288.80521270412,0.0900463294741333,14.374550286991656,0.015432291666666667,0.12020129477945464,0.04560876690543848,3.876659568709328,0.27495001221345056,0.06864491736222784,0.028531573773259062,hybrid_eruption_sample16,0.047876962053471694,7025.414322250639,0.3119615910413982,0.017601925680758235,42179.132992327366,0.12226775956284153
0.824149495112927,0.8149460908909557,0.888262052547927,0.7878495109123127,1.8809720953493043,1.0134248234205188,1.6160351452330657,0.8016259487587098,0.8241494951129268,0.3139025705065438,0.21682174987141378,1.2261426861452807,0.2375,0.7798997934926526,0.36648181904842864,0.9588598886260453,0.4095775297117439,4.835608679911284,37451.40711333899,0.19506042798836967,17.9883266578906,0.014255208333333333,0.16621860587073897,0.047958881789499155,4.228550127079776,0.4091830728549612,0.0772192568039694,0.029661216746628194,hybrid_eruption_sample17,0.008921386467588123,3820.365814696486,0.3413988098275985,0.019189743694433953,25914.42012779553,0.15272817872269745
0.8244872221018614,0.7416713249503167,0.8000225479927148,0.5287607859471097,2.7534800465519753,1.0134655346858372,1.4767286430296036,0.9098259737326677,0.8244872221018613,0.31454885803547533,0.21030180774673718,1.2309196778635256,0.2513888888888889,0.7809399618602579,0.36770310788536675,0.9591326515210341,0.4105815421259638,4.9480702498660705,16937.8872095207,0.08821862202157668,18.86993773019656,0.016114583333333335,0.12718800241326975,0.04691160952619028,3.962326619731694,0.268405243226933,0.07224060420382325,0.02908840923072551,hybrid_eruption_sample18,0.05546770150954824,3417.051224944321,0.31586648875749623,0.015530676931166016,21559.36080178174,0.13547076089410703
0.8304945823073829,0.8588575184229054,0.9224970870382085,0.9147319674790031,1.6285241832793198,1.01350981954086,1.7193391749157276,0.7841889370337992,0.8304945823073829,0.30541944655861447,0.20931682692769288,1.251668706032134,0.22037037037037038,0.7865979700386329,0.35926456773415766,0.9606001124511779,0.39788063280984076,5.017294514098335,37824.88748356542,0.1970056483813219,23.38903131234022,0.013307291666666667,0.14202179071903334,0.04611400313139187,4.930173224334872,0.4205168644313752,0.06863907647218048,0.029028302947200723,hybrid_eruption_sample19,0.0231225353250687,9550.166666666666,0.3290909090909091,0.018585858585858588,49084.15757575758,0.12265625
0.8258491397675012,0.7033410266209843,0.7772684178871045,0.46816397963839845,3.012476658523334,1.0134299132234978,1.2683627564092956,0.8006130421242362,0.8258491397675011,0.3114582384888976,0.2088690721080198,1.2387740168048866,0.23703703703703705,0.7815193381789726,0.36442617390607196,0.9592841768893264,0.4063546241510795,5.0318090606632,20577.728297279216,0.10717622642450855,10.426717512859895,0.014963541666666667,0.1333074029814805,0.04687298616921204,3.445095843406649,0.29900636201480574,0.07192925641396164,0.028917871074252043,hybrid_eruption_sample20,0.003670277192907988,6201.11858974359,0.3047337278106509,0.01432034845496384,45416.28525641026,0.10550590948400115
0.8261393253241324,0.7853546385421473,0.8409295518797782,0.6577283975788628,2.2478713744019063,1.0135050329220547,1.5693532253664777,0.8783405423148241,0.8261393253241324,0.3118032910983421,0.20953428325530954,1.2355352443435152,0.24444444444444444,0.7824032828378907,0.36522885321101217,0.9595148008747445,0.40692387823740916,5.00788829853329,9615.239629571128,0.05007963390210953,17.37509233530308,0.018135416666666668,0.10421201254623237,0.04718108801547498,4.004535578908654,0.19803845462875855,0.07193977659128192,0.029304991405563086,hybrid_eruption_sample21,0.03462819211310267,6921.317025440313,0.346280077052401,0.01488581921791047,32592.641878669278,0.11872499677377726
0.8279707874028386,0.8390276955382037,0.9073552170685726,0.8333237197434329,1.7810017258769404,1.013473615123362,1.6605513460630164,0.8011463299591159,0.8279707874028385,0.3094323815072559,0.21138655260688968,1.2448866886829373,0.2412037037037037,0.7842312882400916,0.36274180554500124,0.9599896111811655,0.403105742701727,5.012511290702911,62007.197051957366,0.3229558333739101,21.088294361355118,0.014375,0.17896300531983678,0.04667007348114582,4.654741929240198,0.5393759301629709,0.07010998318717465,0.028890181682132234,hybrid_eruption_sample22,0.07707026473652705,12734.071942446044,0.3342764637211094,0.02588432850841629,58400.94964028777,0.10236513420143503
0.8277088108967784,0.8249880945244146,0.9212798166719104,1.0165914649429075,1.4455200009571445,1.0134104508315118,1.9046228445178164,0.8104039959590904,0.8277088108967782,0.3098521178737286,0.21799845116137,1.247618424436461,0.23981481481481481,0.7840862424025884,0.3630999157162824,0.9599520408443485,0.40360139334308065,4.488275097012984,62694.61858701867,0.32653617251662076,24.266811767544496,0.013734375,0.16403241384713738,0.04505087381596183,5.049183639221123,0.5473827171320542,0.06671933230588098,0.02815839045119581,hybrid_eruption_sample23,0.05534470673075214,16679.363636363636,0.42235199865069994,0.018152302243211335,106929.90909090909,0.09659662622077538
0.828862618372353,0.852419460858888,0.9101056128407031,0.8720055327224486,1.703029832380339,1.0134712209868395,1.6934905388152306,0.8162597756771547,0.8288626183723528,0.3086997773412321,0.20896285311427265,1.247736904092604,0.2412037037037037,0.7854749443064676,0.36244197765456154,0.960311013062151,0.4021901019757372,5.025253079062176,17240.47221969479,0.08979459382441987,22.32294643223301,0.015609375,0.11090670540247428,0.04501842198281455,4.762286111771728,0.27837713419211085,0.0680347335398509,0.028212272995841853,hybrid_eruption_sample24,0.04521976627425318,7679.508196721312,0.33430798172534265,0.016350443429185704,54558.79344262295,0.1192997622649665
