Eventid,Name,Starttime,Endtime,Latitude,Longitude,Type,AreaTotal,AreaSource,AreaSourceLow,AreaSourceHigh,Volume,VolumeLow,VolumeHigh,Mass,MassLow,MassHigh,H,HLow,HHigh,StationNetwork,StationName,StationChannel,StationLocationCode,StationLatitude,StationLongitude,StationElevation,RecordSource,StationDistance,DetectHF,DetectLP,DetectVHF,if_downloaded,StationChannel_Available,SignalSamplingRate,if_processed,SNR,Spec2VecProcessed
1,Mount Spurr,2014-09-10 19:21:15,2014-09-10 20:05:05,61.22594,-152.168681,outburst flood,,,,,,,,,,,,,,AV,CKN,EHZ,,61.2234,-152.1838,735.0,IRIS,0.86,1.0,,,True,EHZ,100.0,True,6.541626235427491,True
1,Mount Spurr,2014-09-10 19:21:15,2014-09-10 20:05:05,61.22594,-152.168681,outburst flood,,,,,,,,,,,,,,AV,CKT,EHZ,,61.2002,-152.2085,975.0,IRIS,3.579,1.0,,,True,EHZ,100.0,True,3.133810696898418,False
1,Mount Spurr,2014-09-10 19:21:15,2014-09-10 20:05:05,61.22594,-152.168681,outburst flood,,,,,,,,,,,,,,AV,SPCR,BHZ,,61.2003,-152.2091,984.0,IRIS,3.589,1.0,,,True,BHZ,50.0,True,3.096590432676672,False
1,Mount Spurr,2014-09-10 19:21:15,2014-09-10 20:05:05,61.22594,-152.168681,outburst flood,,,,,,,,,,,,,,AV,SPCP,BHZ,,61.2655,-152.155,1616.0,IRIS,4.469,1.0,,,True,BHZ,50.0,True,3.748706830776169,True
1,Mount Spurr,2014-09-10 19:21:15,2014-09-10 20:05:05,61.22594,-152.168681,outburst flood,,,,,,,,,,,,,,AV,CRP,EHZ,,61.2664,-152.1578,1622.0,IRIS,4.546,1.0,,,True,EHZ,100.0,True,3.800877879004921,True
1,Mount Spurr,2014-09-10 19:21:15,2014-09-10 20:05:05,61.22594,-152.168681,outburst flood,,,,,,,,,,,,,,AV,CKL,EHZ,,61.1934,-152.3401,1281.0,IRIS,9.902,1.0,,,True,EHZ,100.0,True,3.1261205316405776,False
1,Mount Spurr,2014-09-10 19:21:15,2014-09-10 20:05:05,61.22594,-152.168681,outburst flood,,,,,,,,,,,,,,AV,SPCG,BHZ,,61.2913,-152.0228,1329.0,IRIS,10.693,1.0,,,True,BHZ,50.0,True,4.124125628932742,True
1,Mount Spurr,2014-09-10 19:21:15,2014-09-10 20:05:05,61.22594,-152.168681,outburst flood,,,,,,,,,,,,,,AV,CGL,EHZ,,61.3071,-152.009,1082.0,IRIS,12.458,1.0,,,True,EHZ,100.0,True,3.3936425621540467,False
1,Mount Spurr,2014-09-10 19:21:15,2014-09-10 20:05:05,61.22594,-152.168681,outburst flood,,,,,,,,,,,,,,AV,BGL,EHZ,,61.2663,-152.3913,1127.0,IRIS,12.77,1.0,,,True,EHZ,100.0,True,3.518591473557075,True
2,Mount Spurr,2012-06-25 12:52:39,2012-06-25 13:38:42,61.22594,-152.168681,outburst flood,,,,,,,,,,,,,,AV,CKN,EHZ,,61.2234,-152.1838,735.0,IRIS,0.86,1.0,,,False,,,False,0.0,False
2,Mount Spurr,2012-06-25 12:52:39,2012-06-25 13:38:42,61.22594,-152.168681,outburst flood,,,,,,,,,,,,,,AV,CKT,EHZ,,61.2002,-152.2085,975.0,IRIS,3.579,1.0,,,False,,,False,0.0,False
2,Mount Spurr,2012-06-25 12:52:39,2012-06-25 13:38:42,61.22594,-152.168681,outburst flood,,,,,,,,,,,,,,AV,SPCR,BHZ,,61.2003,-152.2091,984.0,IRIS,3.589,1.0,,,True,BHZ,50.0,True,6.756996084381418,True
2,Mount Spurr,2012-06-25 12:52:39,2012-06-25 13:38:42,61.22594,-152.168681,outburst flood,,,,,,,,,,,,,,AV,SPCP,BHZ,,61.2655,-152.155,1616.0,IRIS,4.469,1.0,,,False,,,False,0.0,False
2,Mount Spurr,2012-06-25 12:52:39,2012-06-25 13:38:42,61.22594,-152.168681,outburst flood,,,,,,,,,,,,,,AV,CRP,EHZ,,61.2664,-152.1578,1622.0,IRIS,4.546,1.0,,,False,,,False,0.0,False
2,Mount Spurr,2012-06-25 12:52:39,2012-06-25 13:38:42,61.22594,-152.168681,outburst flood,,,,,,,,,,,,,,AV,CP2,EHZ,,61.2636,-152.2441,1981.0,IRIS,5.832,1.0,,,False,,,False,0.0,False
2,Mount Spurr,2012-06-25 12:52:39,2012-06-25 13:38:42,61.22594,-152.168681,outburst flood,,,,,,,,,,,,,,AV,SPU,EHZ,,61.1811,-152.0566,800.0,IRIS,7.828,1.0,,,True,EHZ,100.0,True,7.397586672538149,True
2,Mount Spurr,2012-06-25 12:52:39,2012-06-25 13:38:42,61.22594,-152.168681,outburst flood,,,,,,,,,,,,,,AV,CKL,EHZ,,61.1934,-152.3401,1281.0,IRIS,9.902,1.0,,,False,,,False,0.0,False
2,Mount Spurr,2012-06-25 12:52:39,2012-06-25 13:38:42,61.22594,-152.168681,outburst flood,,,,,,,,,,,,,,AV,SPCG,BHZ,,61.2913,-152.0228,1329.0,IRIS,10.693,1.0,,,False,,,False,0.0,False
2,Mount Spurr,2012-06-25 12:52:39,2012-06-25 13:38:42,61.22594,-152.168681,outburst flood,,,,,,,,,,,,,,AV,BGL,EHZ,,61.2663,-152.3913,1127.0,IRIS,12.77,1.0,,,False,,,False,0.0,False
3,"Mud Creek, Mount Shasta",2014-09-20 20:49:18,2014-09-20 23:10:11,41.399468,-122.197318,"outburst flood, debris flow",,,,,838000.0,822000.0,853000.0,,,,2870.0,2670.0,3170.0,NC,LGB,EHZ,02,41.334183,-122.187706,1952.0,NCEDC,7.197,1.0,,,True,EHZ,100.0,True,9.624607387126296,True
3,"Mud Creek, Mount Shasta",2014-09-20 20:49:18,2014-09-20 23:10:11,41.399468,-122.197318,"outburst flood, debris flow",,,,,838000.0,822000.0,853000.0,,,,2870.0,2670.0,3170.0,NC,LMP,EHZ,,41.487965,-122.154762,1860.0,NCEDC,10.419,1.0,,,True,EHZ,100.0,True,9.90527546839544,True
3,"Mud Creek, Mount Shasta",2014-09-20 20:49:18,2014-09-20 23:10:11,41.399468,-122.197318,"outburst flood, debris flow",,,,,838000.0,822000.0,853000.0,,,,2870.0,2670.0,3170.0,NC,LBO,EHZ,,41.4921,-122.24427,1544.0,NCEDC,11.189,1.0,,,True,EHZ,100.0,True,10.014061299505885,True
3,"Mud Creek, Mount Shasta",2014-09-20 20:49:18,2014-09-20 23:10:11,41.399468,-122.197318,"outburst flood, debris flow",,,,,838000.0,822000.0,853000.0,,,,2870.0,2670.0,3170.0,NC,LMC,HHZ,,41.274158,-122.121971,1062.0,NCEDC,15.09,1.0,,,True,HHZ,100.0,True,4.141464388586053,False
3,"Mud Creek, Mount Shasta",2014-09-20 20:49:18,2014-09-20 23:10:11,41.399468,-122.197318,"outburst flood, debris flow",,,,,838000.0,822000.0,853000.0,,,,2870.0,2670.0,3170.0,PB,B039,EHZ,,41.4667,-122.4847,923.9,IRIS,25.468,1.0,,,True,EHZ,100.0,True,4.369780078803404,False
3,"Mud Creek, Mount Shasta",2014-09-20 20:49:18,2014-09-20 23:10:11,41.399468,-122.197318,"outburst flood, debris flow",,,,,838000.0,822000.0,853000.0,,,,2870.0,2670.0,3170.0,NC,LHE,EHZ,02,41.628582,-122.231636,2117.0,NCEDC,25.713,1.0,,,True,EHZ,100.0,True,5.221001482895295,False
3,"Mud Creek, Mount Shasta",2014-09-20 20:49:18,2014-09-20 23:10:11,41.399468,-122.197318,"outburst flood, debris flow",,,,,838000.0,822000.0,853000.0,,,,2870.0,2670.0,3170.0,NC,LBF,EHZ,,41.347065,-121.890976,1961.0,NCEDC,25.966,1.0,,,True,EHZ,100.0,True,7.040449542374782,True
3,"Mud Creek, Mount Shasta",2014-09-20 20:49:18,2014-09-20 23:10:11,41.399468,-122.197318,"outburst flood, debris flow",,,,,838000.0,822000.0,853000.0,,,,2870.0,2670.0,3170.0,NC,LPK,EHZ,,41.455257,-122.543716,1880.0,NCEDC,29.925,1.0,,,True,EHZ,100.0,True,6.331985709015412,True
3,"Mud Creek, Mount Shasta",2014-09-20 20:49:18,2014-09-20 23:10:11,41.399468,-122.197318,"outburst flood, debris flow",,,,,838000.0,822000.0,853000.0,,,,2870.0,2670.0,3170.0,NC,LSR,EHZ,,41.106956,-122.270615,1524.0,NCEDC,33.051,1.0,,,True,EHZ,100.0,True,4.257139585845443,False
3,"Mud Creek, Mount Shasta",2014-09-20 20:49:18,2014-09-20 23:10:11,41.399468,-122.197318,"outburst flood, debris flow",,,,,838000.0,822000.0,853000.0,,,,2870.0,2670.0,3170.0,NC,LGM,EHZ,,41.599316,-121.836304,1607.0,NCEDC,37.23,1.0,,,True,EHZ,100.0,True,5.309471546446389,False
4,"Nuugaatsiaq, Greenland",2017-06-17 23:39:12,2017-06-17 23:49:06,71.64375,-52.32878,landslide,2400000.0,760000.0,,,43000000.0,33400000.0,58000000.0,,,,,900.0,,DK,NUUG,HHZ,,71.53838,-53.19958,36.0,IRIS,32.879,1.0,1.0,,True,HHZ,100.0,True,55.15519285873834,True
4,"Nuugaatsiaq, Greenland",2017-06-17 23:39:12,2017-06-17 23:49:06,71.64375,-52.32878,landslide,2400000.0,760000.0,,,43000000.0,33400000.0,58000000.0,,,,,900.0,,KP,UPNV,BHZ,,72.7829,-56.1395,38.0,"IRIS,GEOFON",181.744,1.0,1.0,,True,HHZ,100.0,True,48.84409902051557,True
4,"Nuugaatsiaq, Greenland",2017-06-17 23:39:12,2017-06-17 23:49:06,71.64375,-52.32878,landslide,2400000.0,760000.0,,,43000000.0,33400000.0,58000000.0,,,,,900.0,,KP,UPNV,HHZ,,72.7829,-56.1395,38.0,"IRIS,GEOFON",181.744,1.0,1.0,,True,HHZ,100.0,True,48.84409902051557,True
5,Mount St Helens,2014-10-22 13:07:00,2014-10-22 21:28:00,46.213,-122.191,debris flow,,,,,,,,,,,,,,CC,VALT,BHZ,,46.21422,-122.18925,1681.0,IRIS,0.191,1.0,,,True,BHZ,50.0,True,4.743796345228191,True
5,Mount St Helens,2014-10-22 13:07:00,2014-10-22 21:28:00,46.213,-122.191,debris flow,,,,,,,,,,,,,,CC,SUG,EHZ,,46.21555,-122.17626,1859.0,IRIS,1.172,1.0,,,True,EHZ,50.0,True,4.480625417435375,True
5,Mount St Helens,2014-10-22 13:07:00,2014-10-22 21:28:00,46.213,-122.191,debris flow,,,,,,,,,,,,,,CC,SEP,EHZ,,46.20021,-122.1906,2116.0,IRIS,1.422,1.0,,,True,EHZ,50.0,True,4.298694828542135,True
6,Mount St Helens,1980-05-18 15:32:11,1980-05-18 15:44:00,46.1905,-122.1896,rock slide-debris avalanche,60000000.0,,,,2500000000.0,2300000000.0,2800000000.0,4600000000000.0,2500000000000.0,5800000000000.0,2550.0,,,UW,DOG,EHZ,,46.206001,-122.176208,2317.0,IRIS,2.009,1.0,,,True,EHZ,104.07801418439716,True,3.2613495971895348,False
6,Mount St Helens,1980-05-18 15:32:11,1980-05-18 15:44:00,46.1905,-122.1896,rock slide-debris avalanche,60000000.0,,,,2500000000.0,2300000000.0,2800000000.0,4600000000000.0,2500000000000.0,5800000000000.0,2550.0,,,UW,SHW,EHZ,,46.19347,-122.23635,1425.0,IRIS,3.624,1.0,,,True,EHZ,104.07801418439716,True,3.2235987205007115,False
6,Mount St Helens,1980-05-18 15:32:11,1980-05-18 15:44:00,46.1905,-122.1896,rock slide-debris avalanche,60000000.0,,,,2500000000.0,2300000000.0,2800000000.0,4600000000000.0,2500000000000.0,5800000000000.0,2550.0,,,UW,JUN,EHZ,,46.14706,-122.15243,1049.0,IRIS,5.617,1.0,,,True,EHZ,104.07801418439716,True,5.043538756253829,True
6,Mount St Helens,1980-05-18 15:32:11,1980-05-18 15:44:00,46.1905,-122.1896,rock slide-debris avalanche,60000000.0,,,,2500000000.0,2300000000.0,2800000000.0,4600000000000.0,2500000000000.0,5800000000000.0,2550.0,,,UW,SOS,EHZ,,46.24386,-122.13787,1270.0,IRIS,7.149,1.0,,,True,EHZ,104.07801418439716,True,3.5615134732933926,False
6,Mount St Helens,1980-05-18 15:32:11,1980-05-18 15:44:00,46.1905,-122.1896,rock slide-debris avalanche,60000000.0,,,,2500000000.0,2300000000.0,2800000000.0,4600000000000.0,2500000000000.0,5800000000000.0,2550.0,,,UW,ELK,EHZ,,46.30539,-122.34205,1270.0,IRIS,17.358,1.0,,,True,EHZ,104.07801418439716,True,4.069209407810301,False
6,Mount St Helens,1980-05-18 15:32:11,1980-05-18 15:44:00,46.1905,-122.1896,rock slide-debris avalanche,60000000.0,,,,2500000000.0,2300000000.0,2800000000.0,4600000000000.0,2500000000000.0,5800000000000.0,2550.0,,,UW,MTM,EHZ,,46.02533,-122.21287,1121.0,IRIS,18.447,1.0,,,True,EHZ,104.07801418439716,True,4.558775807325576,True
6,Mount St Helens,1980-05-18 15:32:11,1980-05-18 15:44:00,46.1905,-122.1896,rock slide-debris avalanche,60000000.0,,,,2500000000.0,2300000000.0,2800000000.0,4600000000000.0,2500000000000.0,5800000000000.0,2550.0,,,UW,LVP,EHZ,,46.06595,-122.40193,1130.0,IRIS,21.47,1.0,,,True,EHZ,104.07801418439716,True,4.4666080672871225,True
6,Mount St Helens,1980-05-18 15:32:11,1980-05-18 15:44:00,46.1905,-122.1896,rock slide-debris avalanche,60000000.0,,,,2500000000.0,2300000000.0,2800000000.0,4600000000000.0,2500000000000.0,5800000000000.0,2550.0,,,UW,RAN,EHZ,,46.408169,-121.864807,1620.0,IRIS,34.808,1.0,,,True,EHZ,104.07801418439716,True,5.249395676010927,True
6,Mount St Helens,1980-05-18 15:32:11,1980-05-18 15:44:00,46.1905,-122.1896,rock slide-debris avalanche,60000000.0,,,,2500000000.0,2300000000.0,2800000000.0,4600000000000.0,2500000000000.0,5800000000000.0,2550.0,,,UW,COW,EHZ,,46.49083,-122.01332,305.0,IRIS,36.037,1.0,,,True,EHZ,104.07801418439716,True,4.409977686820114,False
6,Mount St Helens,1980-05-18 15:32:11,1980-05-18 15:44:00,46.1905,-122.1896,rock slide-debris avalanche,60000000.0,,,,2500000000.0,2300000000.0,2800000000.0,4600000000000.0,2500000000000.0,5800000000000.0,2550.0,,,UW,LMW,EHZ,,46.66783,-122.29255,1195.0,IRIS,53.647,1.0,,,True,EHZ,104.07801418439716,True,6.013895746333112,True
7,Mount Adams,1997-10-20 07:31:22,1997-10-20 07:36:56,46.20171,-121.48164,rock and ice avalanche,,,,,3600000.0,2700000.0,4600000.0,,,,1700.0,1800.0,1600.0,UW,LON,BHZ,,46.7506,-121.8096,853.0,IRIS,66.103,1.0,1.0,,False,,,False,0.0,False
7,Mount Adams,1997-10-20 07:31:22,1997-10-20 07:36:56,46.20171,-121.48164,rock and ice avalanche,,,,,3600000.0,2700000.0,4600000.0,,,,1700.0,1800.0,1600.0,UW,RAI,BHZ,,46.0403,-122.8851,1520.0,IRIS,109.894,1.0,0.0,,True,BHZ,20.0,True,5.181778956963714,True
7,Mount Adams,1997-10-20 07:31:22,1997-10-20 07:36:56,46.20171,-121.48164,rock and ice avalanche,,,,,3600000.0,2700000.0,4600000.0,,,,1700.0,1800.0,1600.0,UW,TTW,BHZ,,47.69445,-121.69011,542.0,IRIS,166.819,1.0,1.0,,True,BHZ,50.0,True,4.024619357244646,True
7,Mount Adams,1997-10-20 07:31:22,1997-10-20 07:36:56,46.20171,-121.48164,rock and ice avalanche,,,,,3600000.0,2700000.0,4600000.0,,,,1700.0,1800.0,1600.0,UW,RWW,BHZ,,46.96473,-123.54341,15.0,IRIS,179.364,1.0,1.0,,True,BHZ,50.0,True,6.086472893312525,True
7,Mount Adams,1997-10-20 07:31:22,1997-10-20 07:36:56,46.20171,-121.48164,rock and ice avalanche,,,,,3600000.0,2700000.0,4600000.0,,,,1700.0,1800.0,1600.0,UW,GNW,BHZ,,47.56413,-122.82498,220.0,IRIS,182.892,1.0,1.0,,True,BHZ,50.0,True,7.251362309056701,True
8,Mount Adams,2008-08-01 14:42:38,2008-08-01 14:46:13,46.200424,-121.499309,rock and ice avalanche,880000.0,73000.0,50000.0,110000.0,1700000.0,1200000.0,2500000.0,,,,1300.0,1000.0,1400.0,UW,ASR,EHZ,,46.15259,-121.60164,1357.0,IRIS,9.157,1.0,,,True,EHZ,100.0,True,63.08905976514231,True
8,Mount Adams,2008-08-01 14:42:38,2008-08-01 14:46:13,46.200424,-121.499309,rock and ice avalanche,880000.0,73000.0,50000.0,110000.0,1700000.0,1200000.0,2500000.0,,,,1300.0,1000.0,1400.0,UW,GUL,EHZ,,45.92401,-121.59675,1189.0,IRIS,31.453,1.0,,,True,EHZ,100.0,True,36.99142498499167,True
8,Mount Adams,2008-08-01 14:42:38,2008-08-01 14:46:13,46.200424,-121.499309,rock and ice avalanche,880000.0,73000.0,50000.0,110000.0,1700000.0,1200000.0,2500000.0,,,,1300.0,1000.0,1400.0,UW,CDF,EHZ,,46.11689,-122.04623,756.0,IRIS,42.863,1.0,,,True,EHZ,100.0,True,8.61044651138059,True
8,Mount Adams,2008-08-01 14:42:38,2008-08-01 14:46:13,46.200424,-121.499309,rock and ice avalanche,880000.0,73000.0,50000.0,110000.0,1700000.0,1200000.0,2500000.0,,,,1300.0,1000.0,1400.0,UW,SOS,EHZ,,46.24386,-122.13787,1270.0,IRIS,49.137,1.0,,,True,EHZ,100.0,True,3.8816355529721647,False
8,Mount Adams,2008-08-01 14:42:38,2008-08-01 14:46:13,46.200424,-121.499309,rock and ice avalanche,880000.0,73000.0,50000.0,110000.0,1700000.0,1200000.0,2500000.0,,,,1300.0,1000.0,1400.0,UW,EDM,EHZ,,46.19717,-122.15121,1609.0,IRIS,49.94,1.0,,,True,EHZ,100.0,True,6.323166626916256,True
8,Mount Adams,2008-08-01 14:42:38,2008-08-01 14:46:13,46.200424,-121.499309,rock and ice avalanche,880000.0,73000.0,50000.0,110000.0,1700000.0,1200000.0,2500000.0,,,,1300.0,1000.0,1400.0,UW,JUN,EHZ,,46.14706,-122.15243,1049.0,IRIS,50.395,1.0,,,True,EHZ,100.0,True,5.790472773257974,False
8,Mount Adams,2008-08-01 14:42:38,2008-08-01 14:46:13,46.200424,-121.499309,rock and ice avalanche,880000.0,73000.0,50000.0,110000.0,1700000.0,1200000.0,2500000.0,,,,1300.0,1000.0,1400.0,XU,E060,BHZ,,46.6265,-121.2645,952.2,IRIS,50.912,1.0,1.0,,True,BHZ,50.0,True,17.57577773496411,True
8,Mount Adams,2008-08-01 14:42:38,2008-08-01 14:46:13,46.200424,-121.499309,rock and ice avalanche,880000.0,73000.0,50000.0,110000.0,1700000.0,1200000.0,2500000.0,,,,1300.0,1000.0,1400.0,UW,HSR,EHZ,,46.17428,-122.18065,1720.0,IRIS,52.298,1.0,,,True,EHZ,100.0,True,5.842756693237487,False
8,Mount Adams,2008-08-01 14:42:38,2008-08-01 14:46:13,46.200424,-121.499309,rock and ice avalanche,880000.0,73000.0,50000.0,110000.0,1700000.0,1200000.0,2500000.0,,,,1300.0,1000.0,1400.0,CC,VALT,BHZ,,46.21422,-122.18925,1681.0,IRIS,52.893,1.0,0.0,,True,BHZ,50.0,True,3.8507528445564696,False
8,Mount Adams,2008-08-01 14:42:38,2008-08-01 14:46:13,46.200424,-121.499309,rock and ice avalanche,880000.0,73000.0,50000.0,110000.0,1700000.0,1200000.0,2500000.0,,,,1300.0,1000.0,1400.0,CC,SEP,EHZ,,46.20021,-122.1906,2116.0,IRIS,52.979,1.0,,,True,EHZ,100.0,True,3.1342442790580067,False
9,Mount Adams,1997-10-24 14:29:03,1997-10-24 14:31:19,46.20171,-121.48164,rock fall,,,,,,,,,,,1200.0,1100.0,1300.0,UW,ASR,EHZ,,46.15259,-121.60164,1357.0,IRIS,10.66,1.0,,,True,EHZ,99.9190031152648,True,10.166110292610789,True
9,Mount Adams,1997-10-24 14:29:03,1997-10-24 14:31:19,46.20171,-121.48164,rock fall,,,,,,,,,,,1200.0,1100.0,1300.0,UW,GUL,EHZ,,45.92401,-121.59675,1189.0,IRIS,32.001,1.0,,,True,EHZ,99.9190031152648,True,8.149906310939695,True
9,Mount Adams,1997-10-24 14:29:03,1997-10-24 14:31:19,46.20171,-121.48164,rock fall,,,,,,,,,,,1200.0,1100.0,1300.0,UW,GLK,EHZ,,46.5575,-121.61073,1305.0,IRIS,40.882,1.0,,,True,EHZ,99.9190031152648,True,8.26157078055262,True
9,Mount Adams,1997-10-24 14:29:03,1997-10-24 14:31:19,46.20171,-121.48164,rock fall,,,,,,,,,,,1200.0,1100.0,1300.0,UW,CDF,EHZ,,46.11689,-122.04623,756.0,IRIS,44.553,1.0,,,True,EHZ,99.9190031152648,True,5.822559867798496,True
10,Mount St Helens,2006-05-29 16:08:08,2006-05-29 16:11:21,46.1957,-122.188,rock fall,,,,,75000.0,50000.0,100000.0,,,,380.0,330.0,400.0,CC,SEP,EHZ,,46.20021,-122.1906,2116.0,IRIS,0.387,1.0,,,True,EHZ,100.0,True,36.75830029804835,False
10,Mount St Helens,2006-05-29 16:08:08,2006-05-29 16:11:21,46.1957,-122.188,rock fall,,,,,75000.0,50000.0,100000.0,,,,380.0,330.0,400.0,UW,HSR,EHZ,,46.17428,-122.18065,1720.0,IRIS,2.672,1.0,,,True,EHZ,100.0,True,44.987682858707146,True
10,Mount St Helens,2006-05-29 16:08:08,2006-05-29 16:11:21,46.1957,-122.188,rock fall,,,,,75000.0,50000.0,100000.0,,,,380.0,330.0,400.0,UW,EDM,EHZ,,46.19717,-122.15121,1609.0,IRIS,2.748,1.0,,,True,EHZ,100.0,True,13.557119399948752,False
10,Mount St Helens,2006-05-29 16:08:08,2006-05-29 16:11:21,46.1957,-122.188,rock fall,,,,,75000.0,50000.0,100000.0,,,,380.0,330.0,400.0,YB,S07,HHZ,2.0,46.1993,-122.1462,1435.0,IRIS,3.137,1.0,,,True,HHZ,100.0,True,52.06922026041843,True
10,Mount St Helens,2006-05-29 16:08:08,2006-05-29 16:11:21,46.1957,-122.188,rock fall,,,,,75000.0,50000.0,100000.0,,,,380.0,330.0,400.0,UW,SHW,EHZ,,46.19347,-122.23635,1425.0,IRIS,3.857,1.0,,,True,EHZ,100.0,True,36.55469383716407,False
10,Mount St Helens,2006-05-29 16:08:08,2006-05-29 16:11:21,46.1957,-122.188,rock fall,,,,,75000.0,50000.0,100000.0,,,,380.0,330.0,400.0,CC,STD,BHZ,,46.23761,-122.22396,1268.0,IRIS,5.26,1.0,,,True,BHZ,50.0,True,54.50008831898968,True
10,Mount St Helens,2006-05-29 16:08:08,2006-05-29 16:11:21,46.1957,-122.188,rock fall,,,,,75000.0,50000.0,100000.0,,,,380.0,330.0,400.0,UW,STD,EHZ,,46.23761,-122.22396,1268.0,IRIS,5.26,1.0,,,True,EHZ,100.0,True,36.94209791450188,False
10,Mount St Helens,2006-05-29 16:08:08,2006-05-29 16:11:21,46.1957,-122.188,rock fall,,,,,75000.0,50000.0,100000.0,,,,380.0,330.0,400.0,UW,JUN,EHZ,,46.14706,-122.15243,1049.0,IRIS,6.247,1.0,,,True,EHZ,100.0,True,65.57942227325495,True
10,Mount St Helens,2006-05-29 16:08:08,2006-05-29 16:11:21,46.1957,-122.188,rock fall,,,,,75000.0,50000.0,100000.0,,,,380.0,330.0,400.0,UW,SOS,EHZ,,46.24386,-122.13787,1270.0,IRIS,6.349,1.0,,,True,EHZ,100.0,True,41.70088638935939,True
10,Mount St Helens,2006-05-29 16:08:08,2006-05-29 16:11:21,46.1957,-122.188,rock fall,,,,,75000.0,50000.0,100000.0,,,,380.0,330.0,400.0,UW,FL2,EHZ,,46.19622,-122.35149,1378.0,IRIS,12.713,1.0,,,True,EHZ,100.0,True,40.96342516181558,False
11,Mount Meager main,2010-08-06 10:27:35,2010-08-06 10:32:06,50.631077,-123.503866,rock slide-debris flow,9700000.0,900000.0,,,48500000.0,38800000.0,58200000.0,100000000000.0,80000000000.0,120000000000.0,2138.0,,,CN,WSLR,BHZ,,50.1265,-122.9212,906.0,sac,64.733,1.0,1.0,,False,,,False,0.0,False
11,Mount Meager main,2010-08-06 10:27:35,2010-08-06 10:32:06,50.631077,-123.503866,rock slide-debris flow,9700000.0,900000.0,,,48500000.0,38800000.0,58200000.0,100000000000.0,80000000000.0,120000000000.0,2138.0,,,CN,WPB,EHZ,,49.6478,-123.2094,260.0,IRIS,107.871,1.0,0.0,,True,EHZ,100.0,True,9.336176206294317,True
11,Mount Meager main,2010-08-06 10:27:35,2010-08-06 10:32:06,50.631077,-123.503866,rock slide-debris flow,9700000.0,900000.0,,,48500000.0,38800000.0,58200000.0,100000000000.0,80000000000.0,120000000000.0,2138.0,,,CN,LLLB,BHZ,,50.609,-121.8815,700.0,IRIS,109.984,1.0,1.0,,True,BHZ,40.0,True,9.96391166379309,True
11,Mount Meager main,2010-08-06 10:27:35,2010-08-06 10:32:06,50.631077,-123.503866,rock slide-debris flow,9700000.0,900000.0,,,48500000.0,38800000.0,58200000.0,100000000000.0,80000000000.0,120000000000.0,2138.0,,,CN,SHB,BHZ,,49.593,-123.8805,1143.0,IRIS,117.164,1.0,1.0,,True,BHZ,40.0,True,9.204644976457995,True
11,Mount Meager main,2010-08-06 10:27:35,2010-08-06 10:32:06,50.631077,-123.503866,rock slide-debris flow,9700000.0,900000.0,,,48500000.0,38800000.0,58200000.0,100000000000.0,80000000000.0,120000000000.0,2138.0,,,CN,TXB,EHZ,,49.6969,-124.436,515.0,IRIS,123.917,1.0,,,True,EHZ,100.0,True,11.112017852206806,True
11,Mount Meager main,2010-08-06 10:27:35,2010-08-06 10:32:06,50.631077,-123.503866,rock slide-debris flow,9700000.0,900000.0,,,48500000.0,38800000.0,58200000.0,100000000000.0,80000000000.0,120000000000.0,2138.0,,,CN,BIB,EHZ,,49.4103,-123.3105,38.0,IRIS,133.371,1.0,,,True,EHZ,100.0,True,9.036380160079986,False
11,Mount Meager main,2010-08-06 10:27:35,2010-08-06 10:32:06,50.631077,-123.503866,rock slide-debris flow,9700000.0,900000.0,,,48500000.0,38800000.0,58200000.0,100000000000.0,80000000000.0,120000000000.0,2138.0,,,CN,CBB,BHZ,,50.0316,-125.3653,319.0,IRIS,151.608,1.0,1.0,,True,BHZ,40.0,True,8.327284481033969,False
11,Mount Meager main,2010-08-06 10:27:35,2010-08-06 10:32:06,50.631077,-123.503866,rock slide-debris flow,9700000.0,900000.0,,,48500000.0,38800000.0,58200000.0,100000000000.0,80000000000.0,120000000000.0,2138.0,,,CN,NLLB,BHZ,,49.2274,-123.9881,192.0,IRIS,158.466,1.0,1.0,,True,BHZ,40.0,True,8.78257660147763,False
11,Mount Meager main,2010-08-06 10:27:35,2010-08-06 10:32:06,50.631077,-123.503866,rock slide-debris flow,9700000.0,900000.0,,,48500000.0,38800000.0,58200000.0,100000000000.0,80000000000.0,120000000000.0,2138.0,,,CN,ALB,EHZ,,49.2718,-124.8277,26.0,IRIS,178.98,1.0,,,True,EHZ,100.0,True,8.140267859384066,False
11,Mount Meager main,2010-08-06 10:27:35,2010-08-06 10:32:06,50.631077,-123.503866,rock slide-debris flow,9700000.0,900000.0,,,48500000.0,38800000.0,58200000.0,100000000000.0,80000000000.0,120000000000.0,2138.0,,,PB,B927,EHZ,,49.2188,-124.8113,39.0,IRIS,183.291,1.0,,,True,EHZ,100.0,True,9.063058598700833,True
12,Oso main,2014-03-22 17:37:25,2014-03-22 17:40:39,48.286314,-121.85259,debris avalanche-flow,980000.0,,,,8300000.0,7300000.0,9200000.0,16600000000.0,14600000000.0,18400000000.0,180.0,,,UW,JCW,EHZ,,48.19533,-121.92746,792.0,IRIS,11.211,1.0,,,True,EHZ,100.0,True,21.074727304801865,True
12,Oso main,2014-03-22 17:37:25,2014-03-22 17:40:39,48.286314,-121.85259,debris avalanche-flow,980000.0,,,,8300000.0,7300000.0,9200000.0,16600000000.0,14600000000.0,18400000000.0,180.0,,,TA,B05D,BHZ,,48.2641,-122.096,153.0,IRIS,18.716,1.0,1.0,,True,BHZ,40.0,True,12.139643529493153,True
12,Oso main,2014-03-22 17:37:25,2014-03-22 17:40:39,48.286314,-121.85259,debris avalanche-flow,980000.0,,,,8300000.0,7300000.0,9200000.0,16600000000.0,14600000000.0,18400000000.0,180.0,,,UW,CMW,EHZ,,48.42352,-122.12026,1190.0,IRIS,25.921,1.0,,,True,EHZ,100.0,True,19.786731228983133,True
12,Oso main,2014-03-22 17:37:25,2014-03-22 17:40:39,48.286314,-121.85259,debris avalanche-flow,980000.0,,,,8300000.0,7300000.0,9200000.0,16600000000.0,14600000000.0,18400000000.0,180.0,,,UW,MRBL,HHZ,,48.5183,-121.4845,75.0,IRIS,37.631,1.0,1.0,,True,HHZ,100.0,True,4.17879399900708,False
12,Oso main,2014-03-22 17:37:25,2014-03-22 17:40:39,48.286314,-121.85259,debris avalanche-flow,980000.0,,,,8300000.0,7300000.0,9200000.0,16600000000.0,14600000000.0,18400000000.0,180.0,,,UW,HTW,EHZ,,47.80377,-121.76887,833.0,IRIS,53.228,1.0,,,True,EHZ,100.0,True,8.515096856851835,False
12,Oso main,2014-03-22 17:37:25,2014-03-22 17:40:39,48.286314,-121.85259,debris avalanche-flow,980000.0,,,,8300000.0,7300000.0,9200000.0,16600000000.0,14600000000.0,18400000000.0,180.0,,,UW,GPW,EHZ,,48.11789,-121.13788,2354.0,IRIS,55.559,1.0,,,True,EHZ,100.0,True,8.850652025332296,True
12,Oso main,2014-03-22 17:37:25,2014-03-22 17:40:39,48.286314,-121.85259,debris avalanche-flow,980000.0,,,,8300000.0,7300000.0,9200000.0,16600000000.0,14600000000.0,18400000000.0,180.0,,,UW,MBW,EHZ,,48.78384,-121.90093,1676.0,IRIS,56.207,1.0,,,True,EHZ,100.0,True,9.098033926933695,True
12,Oso main,2014-03-22 17:37:25,2014-03-22 17:40:39,48.286314,-121.85259,debris avalanche-flow,980000.0,,,,8300000.0,7300000.0,9200000.0,16600000000.0,14600000000.0,18400000000.0,180.0,,,UW,TOLT,BHZ,,47.6947,-121.6895,541.0,IRIS,66.079,1.0,1.0,,True,BHZ,40.0,True,4.813705642253325,False
12,Oso main,2014-03-22 17:37:25,2014-03-22 17:40:39,48.286314,-121.85259,debris avalanche-flow,980000.0,,,,8300000.0,7300000.0,9200000.0,16600000000.0,14600000000.0,18400000000.0,180.0,,,TA,A04D,BHZ,,48.7201,-122.7063,13.0,IRIS,80.309,1.0,1.0,,True,BHZ,40.0,True,3.2691652680960632,False
12,Oso main,2014-03-22 17:37:25,2014-03-22 17:40:39,48.286314,-121.85259,debris avalanche-flow,980000.0,,,,8300000.0,7300000.0,9200000.0,16600000000.0,14600000000.0,18400000000.0,180.0,,,TA,C06D,BHZ,,47.9229,-120.8943,544.0,IRIS,81.164,1.0,1.0,,True,BHZ,40.0,True,3.2426196848129947,False
13,West Salt Creek main,2014-05-25 23:43:40,2014-05-25 23:47:27,39.164951,-107.8469,rock slide and rock avalanche,2300000.0,1200000.0,1000000.0,,54500000.0,41500000.0,67500000.0,,,,636.0,,,RE,PV07,HHZ,,38.44215,-108.64437,2040.0,IRIS,106.969,1.0,0.0,,False,,,False,0.0,False
13,West Salt Creek main,2014-05-25 23:43:40,2014-05-25 23:47:27,39.164951,-107.8469,rock slide and rock avalanche,2300000.0,1200000.0,1000000.0,,54500000.0,41500000.0,67500000.0,,,,636.0,,,RE,PV15,HHZ,,38.34154,-108.48006,2234.0,IRIS,107.916,1.0,0.0,,False,,,False,0.0,False
13,West Salt Creek main,2014-05-25 23:43:40,2014-05-25 23:47:27,39.164951,-107.8469,rock slide and rock avalanche,2300000.0,1200000.0,1000000.0,,54500000.0,41500000.0,67500000.0,,,,636.0,,,RE,PV22,HHZ,,38.53523,-108.7873,1925.0,IRIS,108.193,1.0,0.0,,False,,,False,0.0,False
13,West Salt Creek main,2014-05-25 23:43:40,2014-05-25 23:47:27,39.164951,-107.8469,rock slide and rock avalanche,2300000.0,1200000.0,1000000.0,,54500000.0,41500000.0,67500000.0,,,,636.0,,,TA,O20A,BHZ,,40.1348,-108.2416,1915.0,IRIS,111.035,1.0,1.0,,True,BHZ,40.0,True,8.18367780143842,True
13,West Salt Creek main,2014-05-25 23:43:40,2014-05-25 23:47:27,39.164951,-107.8469,rock slide and rock avalanche,2300000.0,1200000.0,1000000.0,,54500000.0,41500000.0,67500000.0,,,,636.0,,,RE,PV21,HHZ,,38.5612,-108.97492,2235.0,IRIS,119.175,1.0,0.0,,False,,,False,0.0,False
13,West Salt Creek main,2014-05-25 23:43:40,2014-05-25 23:47:27,39.164951,-107.8469,rock slide and rock avalanche,2300000.0,1200000.0,1000000.0,,54500000.0,41500000.0,67500000.0,,,,636.0,,,RE,PV12,HHZ,,38.31751,-108.80231,2092.0,sac,126.441,1.0,0.0,,False,,,False,0.0,False
13,West Salt Creek main,2014-05-25 23:43:40,2014-05-25 23:47:27,39.164951,-107.8469,rock slide and rock avalanche,2300000.0,1200000.0,1000000.0,,54500000.0,41500000.0,67500000.0,,,,636.0,,,RE,PV04,HHZ,,38.39124,-108.90307,2176.0,sac,126.486,1.0,0.0,,False,,,False,0.0,False
13,West Salt Creek main,2014-05-25 23:43:40,2014-05-25 23:47:27,39.164951,-107.8469,rock slide and rock avalanche,2300000.0,1200000.0,1000000.0,,54500000.0,41500000.0,67500000.0,,,,636.0,,,RE,PV23,HHZ,,38.45199,-109.01116,2456.0,IRIS,129.053,1.0,0.0,,False,,,False,0.0,False
13,West Salt Creek main,2014-05-25 23:43:40,2014-05-25 23:47:27,39.164951,-107.8469,rock slide and rock avalanche,2300000.0,1200000.0,1000000.0,,54500000.0,41500000.0,67500000.0,,,,636.0,,,RE,PV01,HHZ,,38.13421,-108.56892,2191.0,IRIS,131.817,1.0,0.0,,True,EHZ,100.0,True,5.805969062760986,True
13,West Salt Creek main,2014-05-25 23:43:40,2014-05-25 23:47:27,39.164951,-107.8469,rock slide and rock avalanche,2300000.0,1200000.0,1000000.0,,54500000.0,41500000.0,67500000.0,,,,636.0,,,RE,PV01,EHZ,,38.1344,-108.5703,2182.0,IRIS,131.855,1.0,,,True,EHZ,100.0,True,5.805969062760986,True
14,Redoubt 2,2009-03-23 10:03:16,2009-03-23 11:43:33,60.49044,-152.76269,"lahar, explosions",,,,,50000000.0,10000000.0,100000000.0,,,,2400.0,2200.0,2600.0,AV,RD01,BHZ,,60.4883,-152.7046,1830.0,sac,3.202,1.0,,,False,,,False,0.0,False
14,Redoubt 2,2009-03-23 10:03:16,2009-03-23 11:43:33,60.49044,-152.76269,"lahar, explosions",,,,,50000000.0,10000000.0,100000000.0,,,,2400.0,2200.0,2600.0,AV,RSO,EHZ,,60.4616,-152.756,1921.0,IRIS,3.234,1.0,,,True,EHZ,99.99925231933594,True,2.476329033923716,False
14,Redoubt 2,2009-03-23 10:03:16,2009-03-23 11:43:33,60.49044,-152.76269,"lahar, explosions",,,,,50000000.0,10000000.0,100000000.0,,,,2400.0,2200.0,2600.0,AV,RDW,BHZ,,60.5208,-152.7376,1401.0,IRIS,3.653,1.0,,,True,BHZ,50.0,True,5.0594408971169695,True
14,Redoubt 2,2009-03-23 10:03:16,2009-03-23 11:43:33,60.49044,-152.76269,"lahar, explosions",,,,,50000000.0,10000000.0,100000000.0,,,,2400.0,2200.0,2600.0,AV,RDN,EHZ,,60.5224,-152.7401,1400.0,IRIS,3.771,1.0,,,True,EHZ,100.0,True,3.487804609751908,False
14,Redoubt 2,2009-03-23 10:03:16,2009-03-23 11:43:33,60.49044,-152.76269,"lahar, explosions",,,,,50000000.0,10000000.0,100000000.0,,,,2400.0,2200.0,2600.0,AV,REF,EHZ,,60.4888,-152.694,1641.0,IRIS,3.781,1.0,,,True,EHZ,100.0,True,4.32702304990063,True
14,Redoubt 2,2009-03-23 10:03:16,2009-03-23 11:43:33,60.49044,-152.76269,"lahar, explosions",,,,,50000000.0,10000000.0,100000000.0,,,,2400.0,2200.0,2600.0,AV,RD03,BHZ,,60.4705,-152.8199,1643.0,sac,3.851,1.0,,,False,,,False,0.0,False
14,Redoubt 2,2009-03-23 10:03:16,2009-03-23 11:43:33,60.49044,-152.76269,"lahar, explosions",,,,,50000000.0,10000000.0,100000000.0,,,,2400.0,2200.0,2600.0,AV,RDWB,BHZ,,60.4875,-152.8425,1546.0,IRIS,4.4,1.0,,,True,BHZ,50.0,True,5.122364839291077,True
14,Redoubt 2,2009-03-23 10:03:16,2009-03-23 11:43:33,60.49044,-152.76269,"lahar, explosions",,,,,50000000.0,10000000.0,100000000.0,,,,2400.0,2200.0,2600.0,AV,RED,EHZ,,60.4196,-152.7742,1071.0,IRIS,7.918,1.0,,,True,EHZ,100.0,True,4.466551770897686,True
14,Redoubt 2,2009-03-23 10:03:16,2009-03-23 11:43:33,60.49044,-152.76269,"lahar, explosions",,,,,50000000.0,10000000.0,100000000.0,,,,2400.0,2200.0,2600.0,AV,DFR,EHZ,,60.5913,-152.6882,1090.0,IRIS,11.959,1.0,,,True,EHZ,99.99925231933594,True,3.967264807794384,False
14,Redoubt 2,2009-03-23 10:03:16,2009-03-23 11:43:33,60.49044,-152.76269,"lahar, explosions",,,,,50000000.0,10000000.0,100000000.0,,,,2400.0,2200.0,2600.0,AV,NCT,EHZ,,60.5621,-152.9293,1136.0,IRIS,12.143,1.0,,,True,EHZ,99.99925231933594,True,4.688002638600471,True
15,Redoubt 3,2009-03-23 12:37:53,2009-03-23 13:41:27,60.49044,-152.76269,"lahar, explosions",,,,,50000000.0,10000000.0,100000000.0,,,,2400.0,2200.0,2600.0,AV,RD01,BHZ,,60.4883,-152.7046,1830.0,sac,3.202,1.0,,,False,,,False,0.0,False
15,Redoubt 3,2009-03-23 12:37:53,2009-03-23 13:41:27,60.49044,-152.76269,"lahar, explosions",,,,,50000000.0,10000000.0,100000000.0,,,,2400.0,2200.0,2600.0,AV,RDW,BHZ,,60.5208,-152.7376,1401.0,IRIS,3.653,1.0,,,True,BHZ,50.0,True,11.795873736187886,True
15,Redoubt 3,2009-03-23 12:37:53,2009-03-23 13:41:27,60.49044,-152.76269,"lahar, explosions",,,,,50000000.0,10000000.0,100000000.0,,,,2400.0,2200.0,2600.0,AV,RDN,EHZ,,60.5224,-152.7401,1400.0,IRIS,3.771,1.0,,,True,EHZ,100.0,True,6.758747239575688,False
15,Redoubt 3,2009-03-23 12:37:53,2009-03-23 13:41:27,60.49044,-152.76269,"lahar, explosions",,,,,50000000.0,10000000.0,100000000.0,,,,2400.0,2200.0,2600.0,AV,REF,EHZ,,60.4888,-152.694,1641.0,IRIS,3.781,1.0,,,True,EHZ,100.0,True,5.217581934027423,False
15,Redoubt 3,2009-03-23 12:37:53,2009-03-23 13:41:27,60.49044,-152.76269,"lahar, explosions",,,,,50000000.0,10000000.0,100000000.0,,,,2400.0,2200.0,2600.0,AV,RD03,BHZ,,60.4705,-152.8199,1643.0,sac,3.851,1.0,,,False,,,False,0.0,False
15,Redoubt 3,2009-03-23 12:37:53,2009-03-23 13:41:27,60.49044,-152.76269,"lahar, explosions",,,,,50000000.0,10000000.0,100000000.0,,,,2400.0,2200.0,2600.0,AV,RED,EHZ,,60.4196,-152.7742,1071.0,IRIS,7.918,1.0,,,True,EHZ,100.0,True,10.387569374293795,True
15,Redoubt 3,2009-03-23 12:37:53,2009-03-23 13:41:27,60.49044,-152.76269,"lahar, explosions",,,,,50000000.0,10000000.0,100000000.0,,,,2400.0,2200.0,2600.0,AV,DFR,EHZ,,60.5913,-152.6882,1090.0,IRIS,11.959,1.0,,,True,EHZ,99.99949645996094,True,7.925564739601739,True
15,Redoubt 3,2009-03-23 12:37:53,2009-03-23 13:41:27,60.49044,-152.76269,"lahar, explosions",,,,,50000000.0,10000000.0,100000000.0,,,,2400.0,2200.0,2600.0,AV,NCT,EHZ,,60.5621,-152.9293,1136.0,IRIS,12.143,1.0,,,True,EHZ,99.99949645996094,True,11.916469369679575,True
15,Redoubt 3,2009-03-23 12:37:53,2009-03-23 13:41:27,60.49044,-152.76269,"lahar, explosions",,,,,50000000.0,10000000.0,100000000.0,,,,2400.0,2200.0,2600.0,AV,RDT,EHZ,,60.5726,-152.4075,930.0,IRIS,21.543,1.0,,,True,EHZ,99.99949645996094,True,7.533404318966758,False
15,Redoubt 3,2009-03-23 12:37:53,2009-03-23 13:41:27,60.49044,-152.76269,"lahar, explosions",,,,,50000000.0,10000000.0,100000000.0,,,,2400.0,2200.0,2600.0,AV,BKG,EHZ,,61.0696,-152.265,1009.0,IRIS,69.998,1.0,,,True,EHZ,99.99949645996094,True,8.949128105106697,True
16,Redoubt 20,2009-04-04 14:31:22,2009-04-04 15:49:58,60.49044,-152.76269,"lahar, explosions",,,,,155000000.0,60000000.0,250000000.0,,,,2400.0,2200.0,2600.0,AV,RD01,BHZ,,60.4883,-152.7046,1830.0,sac,3.202,1.0,,,False,,,False,0.0,False
16,Redoubt 20,2009-04-04 14:31:22,2009-04-04 15:49:58,60.49044,-152.76269,"lahar, explosions",,,,,155000000.0,60000000.0,250000000.0,,,,2400.0,2200.0,2600.0,AV,RDW,BHZ,,60.5208,-152.7376,1401.0,IRIS,3.653,1.0,,,True,BHZ,50.0,True,3.669800284971149,False
16,Redoubt 20,2009-04-04 14:31:22,2009-04-04 15:49:58,60.49044,-152.76269,"lahar, explosions",,,,,155000000.0,60000000.0,250000000.0,,,,2400.0,2200.0,2600.0,AV,RDN,EHZ,,60.5224,-152.7401,1400.0,IRIS,3.771,1.0,,,True,EHZ,100.0,True,5.169729780896756,True
16,Redoubt 20,2009-04-04 14:31:22,2009-04-04 15:49:58,60.49044,-152.76269,"lahar, explosions",,,,,155000000.0,60000000.0,250000000.0,,,,2400.0,2200.0,2600.0,AV,REF,EHZ,,60.4888,-152.694,1641.0,IRIS,3.781,1.0,,,True,EHZ,100.0,True,3.993300222697499,False
16,Redoubt 20,2009-04-04 14:31:22,2009-04-04 15:49:58,60.49044,-152.76269,"lahar, explosions",,,,,155000000.0,60000000.0,250000000.0,,,,2400.0,2200.0,2600.0,AV,RD03,BHZ,,60.4705,-152.8199,1643.0,sac,3.851,1.0,,,False,,,False,0.0,False
16,Redoubt 20,2009-04-04 14:31:22,2009-04-04 15:49:58,60.49044,-152.76269,"lahar, explosions",,,,,155000000.0,60000000.0,250000000.0,,,,2400.0,2200.0,2600.0,AV,RDWB,BHZ,,60.4875,-152.8425,1546.0,IRIS,4.4,1.0,,,True,BHZ,50.0,True,3.81886494159785,False
16,Redoubt 20,2009-04-04 14:31:22,2009-04-04 15:49:58,60.49044,-152.76269,"lahar, explosions",,,,,155000000.0,60000000.0,250000000.0,,,,2400.0,2200.0,2600.0,AV,RED,EHZ,,60.4196,-152.7742,1071.0,IRIS,7.918,1.0,,,True,EHZ,100.0,True,7.207220691386308,True
16,Redoubt 20,2009-04-04 14:31:22,2009-04-04 15:49:58,60.49044,-152.76269,"lahar, explosions",,,,,155000000.0,60000000.0,250000000.0,,,,2400.0,2200.0,2600.0,AV,DFR,EHZ,,60.5913,-152.6882,1090.0,IRIS,11.959,1.0,,,True,EHZ,99.99949645996094,True,6.062726072328802,True
16,Redoubt 20,2009-04-04 14:31:22,2009-04-04 15:49:58,60.49044,-152.76269,"lahar, explosions",,,,,155000000.0,60000000.0,250000000.0,,,,2400.0,2200.0,2600.0,AV,NCT,EHZ,,60.5621,-152.9293,1136.0,IRIS,12.143,1.0,,,True,EHZ,99.99949645996094,True,4.418101658526676,True
16,Redoubt 20,2009-04-04 14:31:22,2009-04-04 15:49:58,60.49044,-152.76269,"lahar, explosions",,,,,155000000.0,60000000.0,250000000.0,,,,2400.0,2200.0,2600.0,AV,RDT,EHZ,,60.5726,-152.4075,930.0,IRIS,21.543,1.0,,,True,EHZ,99.99949645996094,True,4.752890179327592,True
17,Swift No 2 Dam,2002-04-21 13:30:27,2002-04-21 13:58:33,46.059698,-122.260326,"dam failure, outburst flood",,,,,3000000.0,,,,,,,,,UW,MTM,EHZ,,46.02533,-122.21287,1121.0,IRIS,5.3,1.0,,,False,,,False,0.0,False
17,Swift No 2 Dam,2002-04-21 13:30:27,2002-04-21 13:58:33,46.059698,-122.260326,"dam failure, outburst flood",,,,,3000000.0,,,,,,,,,UW,JUN,EHZ,,46.14706,-122.15243,1049.0,IRIS,12.802,1.0,,,True,EHZ,100.0,True,4.75230532435744,True
17,Swift No 2 Dam,2002-04-21 13:30:27,2002-04-21 13:58:33,46.059698,-122.260326,"dam failure, outburst flood",,,,,3000000.0,,,,,,,,,UW,HSR,EHZ,,46.17428,-122.18065,1720.0,IRIS,14.147,1.0,,,True,EHZ,100.0,True,5.075424448587963,True
17,Swift No 2 Dam,2002-04-21 13:30:27,2002-04-21 13:58:33,46.059698,-122.260326,"dam failure, outburst flood",,,,,3000000.0,,,,,,,,,UW,SEP,EHZ,,46.20021,-122.1906,2116.0,IRIS,16.522,1.0,,,True,EHZ,100.0,True,4.256190760572104,False
17,Swift No 2 Dam,2002-04-21 13:30:27,2002-04-21 13:58:33,46.059698,-122.260326,"dam failure, outburst flood",,,,,3000000.0,,,,,,,,,UW,FL2,EHZ,,46.19622,-122.35149,1378.0,IRIS,16.731,1.0,,,True,EHZ,100.0,True,5.033297333732789,True
17,Swift No 2 Dam,2002-04-21 13:30:27,2002-04-21 13:58:33,46.059698,-122.260326,"dam failure, outburst flood",,,,,3000000.0,,,,,,,,,UW,EDM,EHZ,,46.19717,-122.15121,1609.0,IRIS,17.453,1.0,,,True,EHZ,100.0,True,5.247431741449634,True
17,Swift No 2 Dam,2002-04-21 13:30:27,2002-04-21 13:58:33,46.059698,-122.260326,"dam failure, outburst flood",,,,,3000000.0,,,,,,,,,UW,YEL,EHZ,,46.20955,-122.18899,1750.0,IRIS,17.545,1.0,,,True,EHZ,100.0,True,4.794742306128748,True
17,Swift No 2 Dam,2002-04-21 13:30:27,2002-04-21 13:58:33,46.059698,-122.260326,"dam failure, outburst flood",,,,,3000000.0,,,,,,,,,UW,SOS,EHZ,,46.24386,-122.13787,1270.0,IRIS,22.551,1.0,,,True,EHZ,100.0,True,3.342376275305288,False
17,Swift No 2 Dam,2002-04-21 13:30:27,2002-04-21 13:58:33,46.059698,-122.260326,"dam failure, outburst flood",,,,,3000000.0,,,,,,,,,UW,TDL,EHZ,,46.35067,-122.21704,1400.0,IRIS,32.515,1.0,,,True,EHZ,100.0,True,3.912825684693473,False
17,Swift No 2 Dam,2002-04-21 13:30:27,2002-04-21 13:58:33,46.059698,-122.260326,"dam failure, outburst flood",,,,,3000000.0,,,,,,,,,UW,RVW,EHZ,,46.14794,-122.74347,460.0,IRIS,38.622,1.0,,,True,EHZ,100.0,True,3.930291246256346,False
18,Mount La Perouse,2014-02-16 14:24:44,2014-02-16 14:29:10,58.561046,-137.07371,rock and ice avalanche,6500000.0,330000.0,190000.0,520000.0,14000000.0,9000000.0,22000000.0,68000000000.0,,,1779.0,,,AK,DCPH,BHZ,,59.0906,-138.2154,674.0,IRIS,88.866,0.0,1.0,,True,BHZ,50.0,True,4.067874947305868,False
18,Mount La Perouse,2014-02-16 14:24:44,2014-02-16 14:29:10,58.561046,-137.07371,rock and ice avalanche,6500000.0,330000.0,190000.0,520000.0,14000000.0,9000000.0,22000000.0,68000000000.0,,,1779.0,,,AK,BESE,BHZ,,58.5792,-134.8559,867.0,IRIS,128.581,1.0,1.0,,True,BHZ,50.0,True,7.404292583419454,True
18,Mount La Perouse,2014-02-16 14:24:44,2014-02-16 14:29:10,58.561046,-137.07371,rock and ice avalanche,6500000.0,330000.0,190000.0,520000.0,14000000.0,9000000.0,22000000.0,68000000000.0,,,1779.0,,,AT,SKAG,BHZ,,59.4601,-135.32897,134.0,IRIS,141.386,0.0,1.0,,True,BHZ,50.0,True,10.415917170949276,False
18,Mount La Perouse,2014-02-16 14:24:44,2014-02-16 14:29:10,58.561046,-137.07371,rock and ice avalanche,6500000.0,330000.0,190000.0,520000.0,14000000.0,9000000.0,22000000.0,68000000000.0,,,1779.0,,,AK,JIS,BHZ,,58.2758,-134.3848,10.0,IRIS,159.828,1.0,1.0,,True,BHZ,50.0,True,6.521576634171326,True
18,Mount La Perouse,2014-02-16 14:24:44,2014-02-16 14:29:10,58.561046,-137.07371,rock and ice avalanche,6500000.0,330000.0,190000.0,520000.0,14000000.0,9000000.0,22000000.0,68000000000.0,,,1779.0,,,AK,PNL,BHZ,,59.6659,-139.4036,477.0,IRIS,181.915,0.0,1.0,,True,BHZ,50.0,True,4.909419444170561,False
18,Mount La Perouse,2014-02-16 14:24:44,2014-02-16 14:29:10,58.561046,-137.07371,rock and ice avalanche,6500000.0,330000.0,190000.0,520000.0,14000000.0,9000000.0,22000000.0,68000000000.0,,,1779.0,,,AT,SIT,BHZ,,57.0569,-135.3244,19.0,IRIS,196.866,0.0,1.0,,True,BHZ,50.0,True,7.001440632784727,False
19,Mount Lituya main,2012-06-11 22:24:00,2012-06-11 22:26:52,58.793674,-137.442467,rock and ice avalanche,7900000.0,310000.0,200000.0,520000.0,13000000.0,2800000.0,60000000.0,20000000000.0,,,2400.0,2300.0,2500.0,AT,SKAG,BHZ,,59.4601,-135.32897,134.0,IRIS,141.429,1.0,1.0,,True,BHZ,50.0,True,11.84205772351318,True
19,Mount Lituya main,2012-06-11 22:24:00,2012-06-11 22:26:52,58.793674,-137.442467,rock and ice avalanche,7900000.0,310000.0,200000.0,520000.0,13000000.0,2800000.0,60000000.0,20000000000.0,,,2400.0,2300.0,2500.0,AK,PNL,BHZ,,59.6659,-139.4036,477.0,IRIS,148.545,1.0,1.0,,True,BHZ,50.0,True,11.83543730666545,False
19,Mount Lituya main,2012-06-11 22:24:00,2012-06-11 22:26:52,58.793674,-137.442467,rock and ice avalanche,7900000.0,310000.0,200000.0,520000.0,13000000.0,2800000.0,60000000.0,20000000000.0,,,2400.0,2300.0,2500.0,AT,YKU2,BHZ,,59.5121,-139.67104,10.1,IRIS,150.918,0.0,1.0,,True,BHZ,50.0,True,3.7480570555757806,False
19,Mount Lituya main,2012-06-11 22:24:00,2012-06-11 22:26:52,58.793674,-137.442467,rock and ice avalanche,7900000.0,310000.0,200000.0,520000.0,13000000.0,2800000.0,60000000.0,20000000000.0,,,2400.0,2300.0,2500.0,AK,BESE,BHZ,,58.5792,-134.8559,867.0,IRIS,151.373,1.0,1.0,,True,BHZ,50.0,True,13.540927960923211,True
19,Mount Lituya main,2012-06-11 22:24:00,2012-06-11 22:26:52,58.793674,-137.442467,rock and ice avalanche,7900000.0,310000.0,200000.0,520000.0,13000000.0,2800000.0,60000000.0,20000000000.0,,,2400.0,2300.0,2500.0,YY,IPA5,HHZ,,58.4498,-134.5369,297.0,IRIS,172.596,1.0,1.0,,True,HHZ,200.0,True,13.599621272653849,True
19,Mount Lituya main,2012-06-11 22:24:00,2012-06-11 22:26:52,58.793674,-137.442467,rock and ice avalanche,7900000.0,310000.0,200000.0,520000.0,13000000.0,2800000.0,60000000.0,20000000000.0,,,2400.0,2300.0,2500.0,YY,IPA2,HHZ,,58.451,-134.5332,307.0,IRIS,172.773,1.0,1.0,,True,HHZ,200.0,True,13.824087736730132,True
19,Mount Lituya main,2012-06-11 22:24:00,2012-06-11 22:26:52,58.793674,-137.442467,rock and ice avalanche,7900000.0,310000.0,200000.0,520000.0,13000000.0,2800000.0,60000000.0,20000000000.0,,,2400.0,2300.0,2500.0,AK,JIS,BHZ,,58.2758,-134.3848,10.0,IRIS,186.713,1.0,1.0,,True,BHZ,50.0,True,12.385616945962862,True
20,Bingham Canyon Mine 1,2013-04-11 03:30:24,2013-04-11 03:34:30,40.5319,-112.1488,rock avalanche,1800000.0,,,,30000000.0,21000000.0,36700000.0,70000000000.0,56000000000.0,84000000000.0,850.0,700.0,950.0,UU,CWU,EHZ,01,40.44584,-112.10217,1945.0,IRIS,10.047,1.0,,,True,EHZ,100.0,True,71.94855651521901,True
20,Bingham Canyon Mine 1,2013-04-11 03:30:24,2013-04-11 03:34:30,40.5319,-112.1488,rock avalanche,1800000.0,,,,30000000.0,21000000.0,36700000.0,70000000000.0,56000000000.0,84000000000.0,850.0,700.0,950.0,UU,NOQ,HHZ,01,40.6525,-112.12033,1622.0,IRIS,13.838,1.0,1.0,,True,HHZ,100.0,True,63.62065634759351,True
20,Bingham Canyon Mine 1,2013-04-11 03:30:24,2013-04-11 03:34:30,40.5319,-112.1488,rock avalanche,1800000.0,,,,30000000.0,21000000.0,36700000.0,70000000000.0,56000000000.0,84000000000.0,850.0,700.0,950.0,UU,WTU,EHZ,01,40.45483,-111.9535,1552.0,IRIS,18.39,1.0,,,True,EHZ,100.0,True,47.48401010796053,True
20,Bingham Canyon Mine 1,2013-04-11 03:30:24,2013-04-11 03:34:30,40.5319,-112.1488,rock avalanche,1800000.0,,,,30000000.0,21000000.0,36700000.0,70000000000.0,56000000000.0,84000000000.0,850.0,700.0,950.0,UU,MHD,EHZ,02,40.66067,-111.80083,1597.0,IRIS,32.726,1.0,,,True,EHZ,100.0,True,23.0465199723992,True
20,Bingham Canyon Mine 1,2013-04-11 03:30:24,2013-04-11 03:34:30,40.5319,-112.1488,rock avalanche,1800000.0,,,,30000000.0,21000000.0,36700000.0,70000000000.0,56000000000.0,84000000000.0,850.0,700.0,950.0,UU,GMU,EHZ,01,40.5755,-111.76317,1829.0,IRIS,32.915,1.0,,,True,EHZ,100.0,True,30.767157914566184,True
20,Bingham Canyon Mine 1,2013-04-11 03:30:24,2013-04-11 03:34:30,40.5319,-112.1488,rock avalanche,1800000.0,,,,30000000.0,21000000.0,36700000.0,70000000000.0,56000000000.0,84000000000.0,850.0,700.0,950.0,UU,SAIU,EHZ,01,40.85483,-112.1815,1384.0,IRIS,36.237,1.0,,,True,EHZ,100.0,True,17.59924041646958,False
20,Bingham Canyon Mine 1,2013-04-11 03:30:24,2013-04-11 03:34:30,40.5319,-112.1488,rock avalanche,1800000.0,,,,30000000.0,21000000.0,36700000.0,70000000000.0,56000000000.0,84000000000.0,850.0,700.0,950.0,UU,HRU,EHZ,01,40.7945,-111.88567,1620.0,IRIS,36.8,1.0,,,True,EHZ,100.0,True,18.610345091025,False
20,Bingham Canyon Mine 1,2013-04-11 03:30:24,2013-04-11 03:34:30,40.5319,-112.1488,rock avalanche,1800000.0,,,,30000000.0,21000000.0,36700000.0,70000000000.0,56000000000.0,84000000000.0,850.0,700.0,950.0,UU,CTU,HHZ,01,40.6925,-111.75034,1731.0,IRIS,38.14,1.0,1.0,,True,HHZ,100.0,True,22.17257871097773,False
20,Bingham Canyon Mine 1,2013-04-11 03:30:24,2013-04-11 03:34:30,40.5319,-112.1488,rock avalanche,1800000.0,,,,30000000.0,21000000.0,36700000.0,70000000000.0,56000000000.0,84000000000.0,850.0,700.0,950.0,UU,TCVU,EHZ,01,40.4436,-111.7052,1730.0,IRIS,38.662,1.0,,,True,EHZ,100.0,True,19.4148638492966,False
20,Bingham Canyon Mine 1,2013-04-11 03:30:24,2013-04-11 03:34:30,40.5319,-112.1488,rock avalanche,1800000.0,,,,30000000.0,21000000.0,36700000.0,70000000000.0,56000000000.0,84000000000.0,850.0,700.0,950.0,UU,RBU,EHZ,02,40.78083,-111.80833,1676.0,IRIS,39.991,1.0,,,True,EHZ,100.0,True,21.364680467876983,False
21,Bingham Canyon Mine 2,2013-04-11 05:04:58,2013-04-11 05:07:38,40.5319,-112.1488,rock avalanche,1800000.0,,,,22000000.0,17300000.0,22000000.0,45000000000.0,36000000000.0,54000000000.0,850.0,700.0,950.0,UU,CWU,EHZ,01,40.44584,-112.10217,1945.0,IRIS,10.047,1.0,,,True,EHZ,100.0,True,14.202659219524108,True
21,Bingham Canyon Mine 2,2013-04-11 05:04:58,2013-04-11 05:07:38,40.5319,-112.1488,rock avalanche,1800000.0,,,,22000000.0,17300000.0,22000000.0,45000000000.0,36000000000.0,54000000000.0,850.0,700.0,950.0,UU,NOQ,HHZ,01,40.6525,-112.12033,1622.0,IRIS,13.838,1.0,1.0,,True,HHZ,100.0,True,11.786873603347654,True
21,Bingham Canyon Mine 2,2013-04-11 05:04:58,2013-04-11 05:07:38,40.5319,-112.1488,rock avalanche,1800000.0,,,,22000000.0,17300000.0,22000000.0,45000000000.0,36000000000.0,54000000000.0,850.0,700.0,950.0,UU,WTU,EHZ,01,40.45483,-111.9535,1552.0,IRIS,18.39,1.0,,,True,EHZ,100.0,True,13.580573886712628,True
21,Bingham Canyon Mine 2,2013-04-11 05:04:58,2013-04-11 05:07:38,40.5319,-112.1488,rock avalanche,1800000.0,,,,22000000.0,17300000.0,22000000.0,45000000000.0,36000000000.0,54000000000.0,850.0,700.0,950.0,UU,MHD,EHZ,02,40.66067,-111.80083,1597.0,IRIS,32.726,1.0,,,True,EHZ,100.0,True,7.885505876051755,False
21,Bingham Canyon Mine 2,2013-04-11 05:04:58,2013-04-11 05:07:38,40.5319,-112.1488,rock avalanche,1800000.0,,,,22000000.0,17300000.0,22000000.0,45000000000.0,36000000000.0,54000000000.0,850.0,700.0,950.0,UU,GMU,EHZ,01,40.5755,-111.76317,1829.0,IRIS,32.915,1.0,,,True,EHZ,100.0,True,7.38698378688481,False
21,Bingham Canyon Mine 2,2013-04-11 05:04:58,2013-04-11 05:07:38,40.5319,-112.1488,rock avalanche,1800000.0,,,,22000000.0,17300000.0,22000000.0,45000000000.0,36000000000.0,54000000000.0,850.0,700.0,950.0,UU,SAIU,EHZ,01,40.85483,-112.1815,1384.0,IRIS,36.237,1.0,,,True,EHZ,100.0,True,7.308163412799033,False
21,Bingham Canyon Mine 2,2013-04-11 05:04:58,2013-04-11 05:07:38,40.5319,-112.1488,rock avalanche,1800000.0,,,,22000000.0,17300000.0,22000000.0,45000000000.0,36000000000.0,54000000000.0,850.0,700.0,950.0,UU,HRU,EHZ,01,40.7945,-111.88567,1620.0,IRIS,36.8,1.0,,,True,EHZ,100.0,True,8.400838814379291,True
21,Bingham Canyon Mine 2,2013-04-11 05:04:58,2013-04-11 05:07:38,40.5319,-112.1488,rock avalanche,1800000.0,,,,22000000.0,17300000.0,22000000.0,45000000000.0,36000000000.0,54000000000.0,850.0,700.0,950.0,UU,CTU,HHZ,01,40.6925,-111.75034,1731.0,IRIS,38.14,1.0,1.0,,True,HHZ,100.0,True,7.6266928793502515,False
21,Bingham Canyon Mine 2,2013-04-11 05:04:58,2013-04-11 05:07:38,40.5319,-112.1488,rock avalanche,1800000.0,,,,22000000.0,17300000.0,22000000.0,45000000000.0,36000000000.0,54000000000.0,850.0,700.0,950.0,UU,TCVU,EHZ,01,40.4436,-111.7052,1730.0,IRIS,38.662,1.0,,,True,EHZ,100.0,True,8.704952123545779,True
21,Bingham Canyon Mine 2,2013-04-11 05:04:58,2013-04-11 05:07:38,40.5319,-112.1488,rock avalanche,1800000.0,,,,22000000.0,17300000.0,22000000.0,45000000000.0,36000000000.0,54000000000.0,850.0,700.0,950.0,UU,RBU,EHZ,02,40.78083,-111.80833,1676.0,IRIS,39.991,1.0,,,True,EHZ,100.0,True,7.848713420165677,False
22,Mount Steele 2,2007-07-25 00:58:35,2007-07-25 01:02:51,61.102491,-140.3055,rock and ice avalanche,,,,,54000000.0,27500000.0,80500000.0,108000000000.0,,,1860.0,,,AK,PNL,BHZ,,59.6659,-139.4036,477.0,IRIS,168.31,1.0,1.0,,True,BHZ,50.0,True,28.923218120326112,True
23,Mount Steller,2005-09-14 19:59:38,2005-09-14 20:02:08,60.517152,-143.091546,rock and ice avalanche,,,,,50000000.0,40000000.0,60000000.0,81000000000.0,,,2430.0,,,XZ,KHIT,BHZ,,60.4427,-143.251,1101.0,IRIS,12.071,1.0,1.0,,True,BHZ,50.0,True,37.96360032436666,True
23,Mount Steller,2005-09-14 19:59:38,2005-09-14 20:02:08,60.517152,-143.091546,rock and ice avalanche,,,,,50000000.0,40000000.0,60000000.0,81000000000.0,,,2430.0,,,XZ,GRIN,BHZ,,60.2805,-143.321,625.0,IRIS,29.245,1.0,1.0,,True,BHZ,50.0,True,25.63040759545005,True
23,Mount Steller,2005-09-14 19:59:38,2005-09-14 20:02:08,60.517152,-143.091546,rock and ice avalanche,,,,,50000000.0,40000000.0,60000000.0,81000000000.0,,,2430.0,,,XZ,BARK,BHZ,,60.403,-142.4931,1389.6,IRIS,35.299,1.0,1.0,,True,BHZ,50.0,True,22.241581563389985,True
23,Mount Steller,2005-09-14 19:59:38,2005-09-14 20:02:08,60.517152,-143.091546,rock and ice avalanche,,,,,50000000.0,40000000.0,60000000.0,81000000000.0,,,2430.0,,,XZ,BERG,BHZ,,60.3923,-143.7038,474.0,IRIS,36.452,1.0,1.0,,True,BHZ,50.0,True,14.642380545429608,True
23,Mount Steller,2005-09-14 19:59:38,2005-09-14 20:02:08,60.517152,-143.091546,rock and ice avalanche,,,,,50000000.0,40000000.0,60000000.0,81000000000.0,,,2430.0,,,XZ,BGLC,BHZ,,60.1205,-143.2841,10.0,IRIS,45.457,1.0,1.0,,True,BHZ,50.0,True,13.9677707616941,False
23,Mount Steller,2005-09-14 19:59:38,2005-09-14 20:02:08,60.517152,-143.091546,rock and ice avalanche,,,,,50000000.0,40000000.0,60000000.0,81000000000.0,,,2430.0,,,XZ,NICH,BHZ,,60.2361,-143.9692,507.0,IRIS,57.659,1.0,1.0,,True,BHZ,50.0,True,13.065538246543545,False
23,Mount Steller,2005-09-14 19:59:38,2005-09-14 20:02:08,60.517152,-143.091546,rock and ice avalanche,,,,,50000000.0,40000000.0,60000000.0,81000000000.0,,,2430.0,,,XZ,SUCK,BHZ,,60.072,-143.779,467.0,IRIS,62.492,1.0,1.0,,True,BHZ,50.0,True,13.997256159143166,False
23,Mount Steller,2005-09-14 19:59:38,2005-09-14 20:02:08,60.517152,-143.091546,rock and ice avalanche,,,,,50000000.0,40000000.0,60000000.0,81000000000.0,,,2430.0,,,AK,BMR,BHZ,,60.9677,-144.6051,842.0,IRIS,96.619,1.0,1.0,,True,BHZ,50.0,True,12.146667996325718,False
23,Mount Steller,2005-09-14 19:59:38,2005-09-14 20:02:08,60.517152,-143.091546,rock and ice avalanche,,,,,50000000.0,40000000.0,60000000.0,81000000000.0,,,2430.0,,,AK,DIV,BHZ,,61.1292,-145.7749,941.4,IRIS,161.123,1.0,1.0,,True,BHZ,50.0,True,11.453409587621188,False
23,Mount Steller,2005-09-14 19:59:38,2005-09-14 20:02:08,60.517152,-143.091546,rock and ice avalanche,,,,,50000000.0,40000000.0,60000000.0,81000000000.0,,,2430.0,,,AK,PIN,BHZ,,60.0959,-140.2525,975.0,IRIS,163.803,1.0,1.0,,True,BHZ,50.0,True,14.076334989413386,True
24,Chehalis Lake,2007-12-05 03:02:39,2007-12-05 03:05:19,49.467357,-122.012176,debris avalanche,250000.0,46000.0,37000.0,50000.0,880000.0,670000.0,1200000.0,,,,,600.0,,TA,A05A,BHZ,,48.9983,-122.0852,174.3,IRIS,52.436,1.0,1.0,,True,BHZ,40.0,True,9.996554058044174,True
24,Chehalis Lake,2007-12-05 03:02:39,2007-12-05 03:05:19,49.467357,-122.012176,debris avalanche,250000.0,46000.0,37000.0,50000.0,880000.0,670000.0,1200000.0,,,,,600.0,,UW,MBW,EHZ,,48.78384,-121.90093,1676.0,IRIS,76.448,1.0,0.0,,True,EHZ,100.0,True,7.69833778584219,True
24,Chehalis Lake,2007-12-05 03:02:39,2007-12-05 03:05:19,49.467357,-122.012176,debris avalanche,250000.0,46000.0,37000.0,50000.0,880000.0,670000.0,1200000.0,,,,,600.0,,TA,A04A,BHZ,,48.7197,-122.707,23.0,IRIS,97.409,1.0,0.0,,True,BHZ,40.0,True,3.678277938460767,False
24,Chehalis Lake,2007-12-05 03:02:39,2007-12-05 03:05:19,49.467357,-122.012176,debris avalanche,250000.0,46000.0,37000.0,50000.0,880000.0,670000.0,1200000.0,,,,,600.0,,UW,MCW,EHZ,,48.67903,-122.83264,693.0,IRIS,106.205,1.0,0.0,,True,EHZ,100.0,True,4.717105715588523,False
24,Chehalis Lake,2007-12-05 03:02:39,2007-12-05 03:05:19,49.467357,-122.012176,debris avalanche,250000.0,46000.0,37000.0,50000.0,880000.0,670000.0,1200000.0,,,,,600.0,,TA,B06A,BHZ,,48.5183,-121.4845,75.0,IRIS,112.386,1.0,1.0,,True,BHZ,40.0,True,4.465977375249226,False
24,Chehalis Lake,2007-12-05 03:02:39,2007-12-05 03:05:19,49.467357,-122.012176,debris avalanche,250000.0,46000.0,37000.0,50000.0,880000.0,670000.0,1200000.0,,,,,600.0,,UW,RPW,EHZ,,48.44817,-121.51485,850.0,IRIS,119.05,1.0,0.0,,True,EHZ,100.0,True,7.291724580516202,False
24,Chehalis Lake,2007-12-05 03:02:39,2007-12-05 03:05:19,49.467357,-122.012176,debris avalanche,250000.0,46000.0,37000.0,50000.0,880000.0,670000.0,1200000.0,,,,,600.0,,CN,LLLB,BHZ,,50.609,-121.8815,700.0,IRIS,127.329,1.0,1.0,,True,BHZ,40.0,True,14.244143902674995,True
24,Chehalis Lake,2007-12-05 03:02:39,2007-12-05 03:05:19,49.467357,-122.012176,debris avalanche,250000.0,46000.0,37000.0,50000.0,880000.0,670000.0,1200000.0,,,,,600.0,,TA,A07A,BHZ,,49.048,-120.3837,1842.0,IRIS,127.384,1.0,1.0,,True,BHZ,40.0,True,12.701376761300727,True
24,Chehalis Lake,2007-12-05 03:02:39,2007-12-05 03:05:19,49.467357,-122.012176,debris avalanche,250000.0,46000.0,37000.0,50000.0,880000.0,670000.0,1200000.0,,,,,600.0,,TA,B05A,BHZ,,48.2641,-122.096,154.5,IRIS,133.952,1.0,1.0,,True,BHZ,40.0,True,7.874352857911374,True
24,Chehalis Lake,2007-12-05 03:02:39,2007-12-05 03:05:19,49.467357,-122.012176,debris avalanche,250000.0,46000.0,37000.0,50000.0,880000.0,670000.0,1200000.0,,,,,600.0,,UW,ATES,EHZ,,48.23617,-122.06042,62.0,IRIS,136.962,1.0,0.0,,True,EHZ,100.0,True,3.518692523459643,False
25,Nisqually 2,2011-06-25 15:20:42,2011-06-25 15:21:53,46.843,-121.75,"rock fall, rock and ice avalanche",550000.0,50000.0,45000.0,75000.0,37000.0,27000.0,53000.0,,,,,,,UW,RCM,EHZ,,46.83564,-121.732979,3085.0,IRIS,1.535,1.0,,,True,EHZ,100.0,True,11.943307359289127,False
25,Nisqually 2,2011-06-25 15:20:42,2011-06-25 15:21:53,46.843,-121.75,"rock fall, rock and ice avalanche",550000.0,50000.0,45000.0,75000.0,37000.0,27000.0,53000.0,,,,,,,UW,RCS,EHZ,,46.87083,-121.73231,2877.0,IRIS,3.375,1.0,,,True,EHZ,100.0,True,17.01687266650632,True
25,Nisqually 2,2011-06-25 15:20:42,2011-06-25 15:21:53,46.843,-121.75,"rock fall, rock and ice avalanche",550000.0,50000.0,45000.0,75000.0,37000.0,27000.0,53000.0,,,,,,,UW,STAR,EHZ,,46.850849,-121.792953,3365.0,IRIS,3.39,1.0,,,True,EHZ,100.0,True,15.99836137701725,True
25,Nisqually 2,2011-06-25 15:20:42,2011-06-25 15:21:53,46.843,-121.75,"rock fall, rock and ice avalanche",550000.0,50000.0,45000.0,75000.0,37000.0,27000.0,53000.0,,,,,,,CC,OBSR,BHZ,,46.899719,-121.815331,2382.0,IRIS,8.035,1.0,,,True,BHZ,50.0,True,14.141818515309302,True
25,Nisqually 2,2011-06-25 15:20:42,2011-06-25 15:21:53,46.843,-121.75,"rock fall, rock and ice avalanche",550000.0,50000.0,45000.0,75000.0,37000.0,27000.0,53000.0,,,,,,,CC,PANH,BHZ,,46.859,-121.64261,2109.0,IRIS,8.381,1.0,,,True,BHZ,50.0,True,13.645737917416152,True
25,Nisqually 2,2011-06-25 15:20:42,2011-06-25 15:21:53,46.843,-121.75,"rock fall, rock and ice avalanche",550000.0,50000.0,45000.0,75000.0,37000.0,27000.0,53000.0,,,,,,,UW,LON,BHZ,,46.7506,-121.8096,853.0,IRIS,11.234,1.0,,,True,BHZ,50.0,True,11.405892661841436,False
25,Nisqually 2,2011-06-25 15:20:42,2011-06-25 15:21:53,46.843,-121.75,"rock fall, rock and ice avalanche",550000.0,50000.0,45000.0,75000.0,37000.0,27000.0,53000.0,,,,,,,UW,LO2,EHZ,,46.7506,-121.8096,853.0,IRIS,11.234,1.0,,,True,EHZ,100.0,True,11.353778094657777,False
25,Nisqually 2,2011-06-25 15:20:42,2011-06-25 15:21:53,46.843,-121.75,"rock fall, rock and ice avalanche",550000.0,50000.0,45000.0,75000.0,37000.0,27000.0,53000.0,,,,,,,UW,FMW,EHZ,,46.94139,-121.67101,1859.0,IRIS,12.485,1.0,,,True,EHZ,100.0,True,11.9699581861635,True
25,Nisqually 2,2011-06-25 15:20:42,2011-06-25 15:21:53,46.843,-121.75,"rock fall, rock and ice avalanche",550000.0,50000.0,45000.0,75000.0,37000.0,27000.0,53000.0,,,,,,,UW,GLK,EHZ,,46.5575,-121.61073,1305.0,IRIS,33.477,1.0,,,True,EHZ,100.0,True,4.36705660451735,False
25,Nisqually 2,2011-06-25 15:20:42,2011-06-25 15:21:53,46.843,-121.75,"rock fall, rock and ice avalanche",550000.0,50000.0,45000.0,75000.0,37000.0,27000.0,53000.0,,,,,,,PB,B941,EHZ,,46.9868,-122.219,151.0,IRIS,39.14,1.0,,,True,EHZ,100.0,True,4.704636848019035,False
26,Nisqually 3,2011-06-25 23:04:05,2011-06-25 23:11:15,46.843,-121.75,"rock fall, rock and ice avalanche",,,,,110000.0,78000.0,150000.0,,,,,,,UW,RCM,EHZ,,46.83564,-121.732979,3085.0,IRIS,1.535,1.0,,,True,EHZ,100.0,True,11.62950869407547,True
26,Nisqually 3,2011-06-25 23:04:05,2011-06-25 23:11:15,46.843,-121.75,"rock fall, rock and ice avalanche",,,,,110000.0,78000.0,150000.0,,,,,,,UW,RCS,EHZ,,46.87083,-121.73231,2877.0,IRIS,3.375,1.0,,,True,EHZ,100.0,True,26.119767616562488,True
26,Nisqually 3,2011-06-25 23:04:05,2011-06-25 23:11:15,46.843,-121.75,"rock fall, rock and ice avalanche",,,,,110000.0,78000.0,150000.0,,,,,,,UW,STAR,EHZ,,46.850849,-121.792953,3365.0,IRIS,3.39,1.0,,,True,EHZ,100.0,True,19.77172679809905,True
26,Nisqually 3,2011-06-25 23:04:05,2011-06-25 23:11:15,46.843,-121.75,"rock fall, rock and ice avalanche",,,,,110000.0,78000.0,150000.0,,,,,,,CC,OBSR,BHZ,,46.899719,-121.815331,2382.0,IRIS,8.035,1.0,,,True,BHZ,50.0,True,18.009220786924374,True
26,Nisqually 3,2011-06-25 23:04:05,2011-06-25 23:11:15,46.843,-121.75,"rock fall, rock and ice avalanche",,,,,110000.0,78000.0,150000.0,,,,,,,CC,PANH,BHZ,,46.859,-121.64261,2109.0,IRIS,8.381,1.0,,,True,BHZ,50.0,True,15.580274104216686,True
26,Nisqually 3,2011-06-25 23:04:05,2011-06-25 23:11:15,46.843,-121.75,"rock fall, rock and ice avalanche",,,,,110000.0,78000.0,150000.0,,,,,,,UW,LO2,EHZ,,46.7506,-121.8096,853.0,IRIS,11.234,1.0,,,True,EHZ,100.0,True,11.084304172904572,False
26,Nisqually 3,2011-06-25 23:04:05,2011-06-25 23:11:15,46.843,-121.75,"rock fall, rock and ice avalanche",,,,,110000.0,78000.0,150000.0,,,,,,,UW,LON,BHZ,,46.7506,-121.8096,853.0,IRIS,11.234,1.0,,,True,BHZ,50.0,True,11.445557914654437,False
26,Nisqually 3,2011-06-25 23:04:05,2011-06-25 23:11:15,46.843,-121.75,"rock fall, rock and ice avalanche",,,,,110000.0,78000.0,150000.0,,,,,,,UW,FMW,EHZ,,46.94139,-121.67101,1859.0,IRIS,12.485,1.0,,,True,EHZ,100.0,True,11.160318738492892,False
26,Nisqually 3,2011-06-25 23:04:05,2011-06-25 23:11:15,46.843,-121.75,"rock fall, rock and ice avalanche",,,,,110000.0,78000.0,150000.0,,,,,,,UW,GLK,EHZ,,46.5575,-121.61073,1305.0,IRIS,33.477,1.0,,,True,EHZ,100.0,True,4.689906679084337,False
26,Nisqually 3,2011-06-25 23:04:05,2011-06-25 23:11:15,46.843,-121.75,"rock fall, rock and ice avalanche",,,,,110000.0,78000.0,150000.0,,,,,,,PB,B941,EHZ,,46.9868,-122.219,151.0,IRIS,39.14,1.0,,,True,EHZ,100.0,True,4.259173545796963,False
27,Nisqually 4,2011-06-26 01:28:51,2011-06-26 01:35:01,46.843,-121.75,"rock fall, rock and ice avalanche",,,,,37000.0,27000.0,52000.0,,,,,,,UW,RCM,EHZ,,46.83564,-121.732979,3085.0,IRIS,1.535,1.0,,,True,EHZ,100.0,True,12.180944205457296,False
27,Nisqually 4,2011-06-26 01:28:51,2011-06-26 01:35:01,46.843,-121.75,"rock fall, rock and ice avalanche",,,,,37000.0,27000.0,52000.0,,,,,,,UW,RCS,EHZ,,46.87083,-121.73231,2877.0,IRIS,3.375,1.0,,,True,EHZ,100.0,True,26.17266004763058,True
27,Nisqually 4,2011-06-26 01:28:51,2011-06-26 01:35:01,46.843,-121.75,"rock fall, rock and ice avalanche",,,,,37000.0,27000.0,52000.0,,,,,,,UW,STAR,EHZ,,46.850849,-121.792953,3365.0,IRIS,3.39,1.0,,,True,EHZ,100.0,True,18.53198742519071,True
27,Nisqually 4,2011-06-26 01:28:51,2011-06-26 01:35:01,46.843,-121.75,"rock fall, rock and ice avalanche",,,,,37000.0,27000.0,52000.0,,,,,,,CC,OBSR,BHZ,,46.899719,-121.815331,2382.0,IRIS,8.035,1.0,,,True,BHZ,50.0,True,19.152144203971197,True
27,Nisqually 4,2011-06-26 01:28:51,2011-06-26 01:35:01,46.843,-121.75,"rock fall, rock and ice avalanche",,,,,37000.0,27000.0,52000.0,,,,,,,CC,PANH,BHZ,,46.859,-121.64261,2109.0,IRIS,8.381,1.0,,,True,BHZ,50.0,True,14.831743480476344,True
27,Nisqually 4,2011-06-26 01:28:51,2011-06-26 01:35:01,46.843,-121.75,"rock fall, rock and ice avalanche",,,,,37000.0,27000.0,52000.0,,,,,,,UW,LON,BHZ,,46.7506,-121.8096,853.0,IRIS,11.234,1.0,,,True,BHZ,50.0,True,13.848679927000616,True
27,Nisqually 4,2011-06-26 01:28:51,2011-06-26 01:35:01,46.843,-121.75,"rock fall, rock and ice avalanche",,,,,37000.0,27000.0,52000.0,,,,,,,UW,LO2,EHZ,,46.7506,-121.8096,853.0,IRIS,11.234,1.0,,,True,EHZ,100.0,True,13.22926459374541,False
27,Nisqually 4,2011-06-26 01:28:51,2011-06-26 01:35:01,46.843,-121.75,"rock fall, rock and ice avalanche",,,,,37000.0,27000.0,52000.0,,,,,,,UW,FMW,EHZ,,46.94139,-121.67101,1859.0,IRIS,12.485,1.0,,,True,EHZ,100.0,True,10.401060496470748,False
27,Nisqually 4,2011-06-26 01:28:51,2011-06-26 01:35:01,46.843,-121.75,"rock fall, rock and ice avalanche",,,,,37000.0,27000.0,52000.0,,,,,,,UW,GLK,EHZ,,46.5575,-121.61073,1305.0,IRIS,33.477,1.0,,,True,EHZ,100.0,True,4.144989458604498,False
27,Nisqually 4,2011-06-26 01:28:51,2011-06-26 01:35:01,46.843,-121.75,"rock fall, rock and ice avalanche",,,,,37000.0,27000.0,52000.0,,,,,,,PB,B941,EHZ,,46.9868,-122.219,151.0,IRIS,39.14,1.0,,,True,EHZ,100.0,True,4.224886395191749,False
28,Nisqually 5,2011-06-27 18:56:46,2011-06-27 19:03:09,46.843,-121.75,"rock fall, rock and ice avalanche",,,,,160000.0,120000.0,230000.0,,,,1650.0,,,UW,RCM,EHZ,,46.83564,-121.732979,3085.0,IRIS,1.535,1.0,,,True,EHZ,100.0,True,12.45147422739683,False
28,Nisqually 5,2011-06-27 18:56:46,2011-06-27 19:03:09,46.843,-121.75,"rock fall, rock and ice avalanche",,,,,160000.0,120000.0,230000.0,,,,1650.0,,,UW,RCS,EHZ,,46.87083,-121.73231,2877.0,IRIS,3.375,1.0,,,True,EHZ,100.0,True,32.14676306030205,True
28,Nisqually 5,2011-06-27 18:56:46,2011-06-27 19:03:09,46.843,-121.75,"rock fall, rock and ice avalanche",,,,,160000.0,120000.0,230000.0,,,,1650.0,,,UW,STAR,EHZ,,46.850849,-121.792953,3365.0,IRIS,3.39,1.0,,,True,EHZ,100.0,True,25.842067951457555,True
28,Nisqually 5,2011-06-27 18:56:46,2011-06-27 19:03:09,46.843,-121.75,"rock fall, rock and ice avalanche",,,,,160000.0,120000.0,230000.0,,,,1650.0,,,CC,OBSR,BHZ,,46.899719,-121.815331,2382.0,IRIS,8.035,1.0,,,True,BHZ,50.0,True,28.08567938171573,True
28,Nisqually 5,2011-06-27 18:56:46,2011-06-27 19:03:09,46.843,-121.75,"rock fall, rock and ice avalanche",,,,,160000.0,120000.0,230000.0,,,,1650.0,,,CC,PANH,BHZ,,46.859,-121.64261,2109.0,IRIS,8.381,1.0,,,True,BHZ,50.0,True,23.567542158654724,True
28,Nisqually 5,2011-06-27 18:56:46,2011-06-27 19:03:09,46.843,-121.75,"rock fall, rock and ice avalanche",,,,,160000.0,120000.0,230000.0,,,,1650.0,,,UW,LO2,EHZ,,46.7506,-121.8096,853.0,IRIS,11.234,1.0,,,True,EHZ,100.0,True,20.34551785704256,False
28,Nisqually 5,2011-06-27 18:56:46,2011-06-27 19:03:09,46.843,-121.75,"rock fall, rock and ice avalanche",,,,,160000.0,120000.0,230000.0,,,,1650.0,,,UW,LON,BHZ,,46.7506,-121.8096,853.0,IRIS,11.234,1.0,,,True,BHZ,50.0,True,21.012872959911657,True
28,Nisqually 5,2011-06-27 18:56:46,2011-06-27 19:03:09,46.843,-121.75,"rock fall, rock and ice avalanche",,,,,160000.0,120000.0,230000.0,,,,1650.0,,,UW,FMW,EHZ,,46.94139,-121.67101,1859.0,IRIS,12.485,1.0,,,True,EHZ,100.0,True,19.32233283865068,False
28,Nisqually 5,2011-06-27 18:56:46,2011-06-27 19:03:09,46.843,-121.75,"rock fall, rock and ice avalanche",,,,,160000.0,120000.0,230000.0,,,,1650.0,,,PB,B941,EHZ,,46.9868,-122.219,151.0,IRIS,39.14,1.0,,,True,EHZ,100.0,True,4.789475525429397,False
28,Nisqually 5,2011-06-27 18:56:46,2011-06-27 19:03:09,46.843,-121.75,"rock fall, rock and ice avalanche",,,,,160000.0,120000.0,230000.0,,,,1650.0,,,UW,GSM,EHZ,,47.20299,-121.79572,1305.0,IRIS,40.171,1.0,,,True,EHZ,100.0,True,7.050995066482681,False
29,Nisqually 7,2011-07-01 23:30:05,2011-07-01 23:36:27,46.843,-121.75,"rock fall, rock and ice avalanche",,,,,160000.0,120000.0,230000.0,,,,,,,UW,RCM,EHZ,,46.83564,-121.732979,3085.0,IRIS,1.535,1.0,,,True,EHZ,100.0,True,11.652839089661189,False
29,Nisqually 7,2011-07-01 23:30:05,2011-07-01 23:36:27,46.843,-121.75,"rock fall, rock and ice avalanche",,,,,160000.0,120000.0,230000.0,,,,,,,UW,RCS,EHZ,,46.87083,-121.73231,2877.0,IRIS,3.375,1.0,,,True,EHZ,100.0,True,28.85513474491505,True
29,Nisqually 7,2011-07-01 23:30:05,2011-07-01 23:36:27,46.843,-121.75,"rock fall, rock and ice avalanche",,,,,160000.0,120000.0,230000.0,,,,,,,UW,STAR,EHZ,,46.850849,-121.792953,3365.0,IRIS,3.39,1.0,,,True,EHZ,100.0,True,27.812820384965125,True
29,Nisqually 7,2011-07-01 23:30:05,2011-07-01 23:36:27,46.843,-121.75,"rock fall, rock and ice avalanche",,,,,160000.0,120000.0,230000.0,,,,,,,CC,OBSR,BHZ,,46.899719,-121.815331,2382.0,IRIS,8.035,1.0,,,True,BHZ,50.0,True,24.39287773099349,True
29,Nisqually 7,2011-07-01 23:30:05,2011-07-01 23:36:27,46.843,-121.75,"rock fall, rock and ice avalanche",,,,,160000.0,120000.0,230000.0,,,,,,,CC,PANH,BHZ,,46.859,-121.64261,2109.0,IRIS,8.381,1.0,,,True,BHZ,50.0,True,22.629952766676052,True
29,Nisqually 7,2011-07-01 23:30:05,2011-07-01 23:36:27,46.843,-121.75,"rock fall, rock and ice avalanche",,,,,160000.0,120000.0,230000.0,,,,,,,UW,LO2,EHZ,,46.7506,-121.8096,853.0,IRIS,11.234,1.0,,,True,EHZ,100.0,True,19.87741027590299,False
29,Nisqually 7,2011-07-01 23:30:05,2011-07-01 23:36:27,46.843,-121.75,"rock fall, rock and ice avalanche",,,,,160000.0,120000.0,230000.0,,,,,,,UW,LON,BHZ,,46.7506,-121.8096,853.0,IRIS,11.234,1.0,,,True,BHZ,50.0,True,20.196603270856013,True
29,Nisqually 7,2011-07-01 23:30:05,2011-07-01 23:36:27,46.843,-121.75,"rock fall, rock and ice avalanche",,,,,160000.0,120000.0,230000.0,,,,,,,UW,FMW,EHZ,,46.94139,-121.67101,1859.0,IRIS,12.485,1.0,,,True,EHZ,100.0,True,19.38285872906321,False
29,Nisqually 7,2011-07-01 23:30:05,2011-07-01 23:36:27,46.843,-121.75,"rock fall, rock and ice avalanche",,,,,160000.0,120000.0,230000.0,,,,,,,PB,B941,EHZ,,46.9868,-122.219,151.0,IRIS,39.14,1.0,,,True,EHZ,100.0,True,6.877835686801225,False
29,Nisqually 7,2011-07-01 23:30:05,2011-07-01 23:36:27,46.843,-121.75,"rock fall, rock and ice avalanche",,,,,160000.0,120000.0,230000.0,,,,,,,UW,GSM,EHZ,,47.20299,-121.79572,1305.0,IRIS,40.171,1.0,,,True,EHZ,100.0,True,7.518623071154568,False
30,Nisqually 9,2011-07-03 00:07:31,2011-07-03 00:08:58,46.843,-121.75,"rock fall, rock and ice avalanche",,,,,15000.0,11000.0,21000.0,,,,,,,UW,RCM,EHZ,,46.83564,-121.732979,3085.0,IRIS,1.535,1.0,,,True,EHZ,100.0,True,13.335728863934465,False
30,Nisqually 9,2011-07-03 00:07:31,2011-07-03 00:08:58,46.843,-121.75,"rock fall, rock and ice avalanche",,,,,15000.0,11000.0,21000.0,,,,,,,UW,RCS,EHZ,,46.87083,-121.73231,2877.0,IRIS,3.375,1.0,,,True,EHZ,100.0,True,18.08023827459048,True
30,Nisqually 9,2011-07-03 00:07:31,2011-07-03 00:08:58,46.843,-121.75,"rock fall, rock and ice avalanche",,,,,15000.0,11000.0,21000.0,,,,,,,UW,STAR,EHZ,,46.850849,-121.792953,3365.0,IRIS,3.39,1.0,,,True,EHZ,100.0,True,16.108374216760847,True
30,Nisqually 9,2011-07-03 00:07:31,2011-07-03 00:08:58,46.843,-121.75,"rock fall, rock and ice avalanche",,,,,15000.0,11000.0,21000.0,,,,,,,CC,OBSR,BHZ,,46.899719,-121.815331,2382.0,IRIS,8.035,1.0,,,True,BHZ,50.0,True,15.418112914411047,True
30,Nisqually 9,2011-07-03 00:07:31,2011-07-03 00:08:58,46.843,-121.75,"rock fall, rock and ice avalanche",,,,,15000.0,11000.0,21000.0,,,,,,,CC,PANH,BHZ,,46.859,-121.64261,2109.0,IRIS,8.381,1.0,,,True,BHZ,50.0,True,16.52551939233008,True
30,Nisqually 9,2011-07-03 00:07:31,2011-07-03 00:08:58,46.843,-121.75,"rock fall, rock and ice avalanche",,,,,15000.0,11000.0,21000.0,,,,,,,UW,LO2,EHZ,,46.7506,-121.8096,853.0,IRIS,11.234,1.0,,,True,EHZ,100.0,True,10.563977039199871,False
30,Nisqually 9,2011-07-03 00:07:31,2011-07-03 00:08:58,46.843,-121.75,"rock fall, rock and ice avalanche",,,,,15000.0,11000.0,21000.0,,,,,,,UW,FMW,EHZ,,46.94139,-121.67101,1859.0,IRIS,12.485,1.0,,,True,EHZ,100.0,True,13.63847177419668,True
30,Nisqually 9,2011-07-03 00:07:31,2011-07-03 00:08:58,46.843,-121.75,"rock fall, rock and ice avalanche",,,,,15000.0,11000.0,21000.0,,,,,,,PB,B941,EHZ,,46.9868,-122.219,151.0,IRIS,39.14,1.0,,,True,EHZ,100.0,True,4.531414608074672,False
30,Nisqually 9,2011-07-03 00:07:31,2011-07-03 00:08:58,46.843,-121.75,"rock fall, rock and ice avalanche",,,,,15000.0,11000.0,21000.0,,,,,,,UW,NAC,EHZ,,46.73301,-120.82485,728.0,IRIS,71.691,1.0,,,True,EHZ,100.0,True,3.7599123710817546,False
30,Nisqually 9,2011-07-03 00:07:31,2011-07-03 00:08:58,46.843,-121.75,"rock fall, rock and ice avalanche",,,,,15000.0,11000.0,21000.0,,,,,,,UW,ASR,EHZ,,46.15259,-121.60164,1357.0,IRIS,77.587,1.0,,,True,EHZ,100.0,True,3.922566613191649,False
31,West Salt Creek precursor,2014-05-25 13:18:52,2014-05-25 13:19:48,39.168051,-107.848303,"landslide, debris flow",,,,,586000.0,100000.0,1000000.0,,,,,,,TA,O20A,BHZ,,40.1348,-108.2416,1915.0,IRIS,112.518,0.0,1.0,,True,BHZ,40.0,True,3.090099366261906,False
31,West Salt Creek precursor,2014-05-25 13:18:52,2014-05-25 13:19:48,39.168051,-107.848303,"landslide, debris flow",,,,,586000.0,100000.0,1000000.0,,,,,,,RE,PV12,HHZ,,38.31751,-108.80231,2092.0,sac,125.673,1.0,0.0,,False,,,False,0.0,False
31,West Salt Creek precursor,2014-05-25 13:18:52,2014-05-25 13:19:48,39.168051,-107.848303,"landslide, debris flow",,,,,586000.0,100000.0,1000000.0,,,,,,,RE,PV04,HHZ,,38.39124,-108.90307,2176.0,sac,125.842,1.0,0.0,,False,,,False,0.0,False
31,West Salt Creek precursor,2014-05-25 13:18:52,2014-05-25 13:19:48,39.168051,-107.848303,"landslide, debris flow",,,,,586000.0,100000.0,1000000.0,,,,,,,RE,PV03,EHZ,,38.2543,-108.848,2007.0,sac,133.601,1.0,,,False,,,False,0.0,False
31,West Salt Creek precursor,2014-05-25 13:18:52,2014-05-25 13:19:48,39.168051,-107.848303,"landslide, debris flow",,,,,586000.0,100000.0,1000000.0,,,,,,,RE,PV14,HHZ,,38.37289,-109.02294,2234.0,sac,134.952,1.0,0.0,,False,,,False,0.0,False
31,West Salt Creek precursor,2014-05-25 13:18:52,2014-05-25 13:19:48,39.168051,-107.848303,"landslide, debris flow",,,,,586000.0,100000.0,1000000.0,,,,,,,TA,S22A,BHZ,,37.7461,-106.8293,2626.0,IRIS,181.175,,1.0,,True,BHZ,40.0,True,2.9902343959676485,False
32,Mount Rainier,2015-08-13 16:49:48,2015-08-13 20:00:00,46.81934,-121.81323,"outburst flood, debris flow",,,,,,,,,,,,,,UW,RER,EHZ,,46.81905,-121.84213,1756.0,IRIS,2.206,1.0,,,True,EHZ,100.0,True,8.385612452890898,True
32,Mount Rainier,2015-08-13 16:49:48,2015-08-13 20:00:00,46.81934,-121.81323,"outburst flood, debris flow",,,,,,,,,,,,,,UW,STAR,EHZ,,46.850849,-121.792953,3365.0,IRIS,3.829,1.0,,,True,EHZ,100.0,True,4.299631820109915,True
32,Mount Rainier,2015-08-13 16:49:48,2015-08-13 20:00:00,46.81934,-121.81323,"outburst flood, debris flow",,,,,,,,,,,,,,UW,LON,BHZ,,46.7506,-121.8096,853.0,IRIS,7.647,1.0,,,True,BHZ,40.0,True,4.588110429800701,True
32,Mount Rainier,2015-08-13 16:49:48,2015-08-13 20:00:00,46.81934,-121.81323,"outburst flood, debris flow",,,,,,,,,,,,,,UW,LO2,EHZ,,46.7506,-121.8096,853.0,IRIS,7.647,1.0,,,True,EHZ,100.0,True,4.526282751855522,True
32,Mount Rainier,2015-08-13 16:49:48,2015-08-13 20:00:00,46.81934,-121.81323,"outburst flood, debris flow",,,,,,,,,,,,,,UW,RCS,EHZ,,46.87083,-121.73231,2877.0,IRIS,8.418,1.0,,,True,EHZ,100.0,True,4.669872068349393,True
32,Mount Rainier,2015-08-13 16:49:48,2015-08-13 20:00:00,46.81934,-121.81323,"outburst flood, debris flow",,,,,,,,,,,,,,CC,OBSR,BHZ,,46.899719,-121.815331,2382.0,IRIS,8.937,1.0,,,True,BHZ,50.0,True,3.674243045513542,False
32,Mount Rainier,2015-08-13 16:49:48,2015-08-13 20:00:00,46.81934,-121.81323,"outburst flood, debris flow",,,,,,,,,,,,,,UW,FMW,EHZ,,46.94139,-121.67101,1859.0,IRIS,17.367,1.0,,,True,EHZ,100.0,True,3.6021534009242213,False
32,Mount Rainier,2015-08-13 16:49:48,2015-08-13 20:00:00,46.81934,-121.81323,"outburst flood, debris flow",,,,,,,,,,,,,,UW,WPW,EHZ,,46.69864,-121.53734,1280.0,IRIS,24.986,1.0,,,True,EHZ,100.0,True,3.9126938082390943,False
33,Nile Valley western failure,2009-10-11 14:36:42,2009-10-11 14:39:44,46.816768,-120.920453,rock slide,82000.0,12000.0,12000.0,20000.0,130000.0,99000.0,180000.0,,,,120.0,100.0,140.0,UW,NAC,EHZ,,46.73301,-120.82485,728.0,IRIS,11.802,1.0,,,True,EHZ,100.0,True,8.127881366345655,True
33,Nile Valley western failure,2009-10-11 14:36:42,2009-10-11 14:39:44,46.816768,-120.920453,rock slide,82000.0,12000.0,12000.0,20000.0,130000.0,99000.0,180000.0,,,,120.0,100.0,140.0,UW,ELL,EHZ,,46.90951,-120.56751,789.0,IRIS,29.018,1.0,,,True,EHZ,100.0,True,5.865113805581475,True
33,Nile Valley western failure,2009-10-11 14:36:42,2009-10-11 14:39:44,46.816768,-120.920453,rock slide,82000.0,12000.0,12000.0,20000.0,130000.0,99000.0,180000.0,,,,120.0,100.0,140.0,UW,TBM,EHZ,,47.16985,-120.59918,1006.0,IRIS,46.454,1.0,,,True,EHZ,100.0,True,3.3232067998294936,True
34,Nile Valley eastern failure,2009-10-11 16:44:27,2009-10-11 16:59:52,46.816657,-120.915277,rock slide,230000.0,49000.0,49000.0,61000.0,960000.0,740000.0,1300000.0,,,,200.0,180.0,220.0,UW,NAC,EHZ,,46.73301,-120.82485,728.0,IRIS,11.512,1.0,,,True,EHZ,100.0,True,5.03907838148426,True
34,Nile Valley eastern failure,2009-10-11 16:44:27,2009-10-11 16:59:52,46.816657,-120.915277,rock slide,230000.0,49000.0,49000.0,61000.0,960000.0,740000.0,1300000.0,,,,200.0,180.0,220.0,UW,ELL,EHZ,,46.90951,-120.56751,789.0,IRIS,28.763,1.0,,,True,EHZ,100.0,True,3.6527104011002174,True
34,Nile Valley eastern failure,2009-10-11 16:44:27,2009-10-11 16:59:52,46.816657,-120.915277,rock slide,230000.0,49000.0,49000.0,61000.0,960000.0,740000.0,1300000.0,,,,200.0,180.0,220.0,UW,LON,BHZ,,46.7506,-121.8096,853.0,IRIS,68.434,,1.0,,True,BHZ,50.0,True,3.204031104485056,False
35,Mount St Helens,2015-08-14 21:35:27,2015-08-14 22:11:56,46.205076,-122.214418,debris flow,,,,,13000.0,4400.0,28000.0,,,,820.0,1000.0,600.0,CC,SEP,EHZ,,46.20021,-122.1906,2116.0,IRIS,1.916,1.0,,,True,EHZ,50.0,True,9.11115269939281,True
35,Mount St Helens,2015-08-14 21:35:27,2015-08-14 22:11:56,46.205076,-122.214418,debris flow,,,,,13000.0,4400.0,28000.0,,,,820.0,1000.0,600.0,UW,SHW,EHZ,,46.19347,-122.23635,1425.0,IRIS,2.128,1.0,,,True,EHZ,100.0,True,8.419563856911921,True
35,Mount St Helens,2015-08-14 21:35:27,2015-08-14 22:11:56,46.205076,-122.214418,debris flow,,,,,13000.0,4400.0,28000.0,,,,820.0,1000.0,600.0,CC,VALT,BHZ,,46.21422,-122.18925,1681.0,IRIS,2.192,1.0,,,True,BHZ,50.0,True,7.85034055146869,True
35,Mount St Helens,2015-08-14 21:35:27,2015-08-14 22:11:56,46.205076,-122.214418,debris flow,,,,,13000.0,4400.0,28000.0,,,,820.0,1000.0,600.0,CC,SWF2,BHZ,,46.17835,-122.21677,1548.0,IRIS,2.976,1.0,,,True,BHZ,50.0,True,9.250457252137515,True
35,Mount St Helens,2015-08-14 21:35:27,2015-08-14 22:11:56,46.205076,-122.214418,debris flow,,,,,13000.0,4400.0,28000.0,,,,820.0,1000.0,600.0,CC,SUG,EHZ,,46.21555,-122.17626,1859.0,IRIS,3.166,1.0,,,True,EHZ,50.0,True,5.886027832435453,False
35,Mount St Helens,2015-08-14 21:35:27,2015-08-14 22:11:56,46.205076,-122.214418,debris flow,,,,,13000.0,4400.0,28000.0,,,,820.0,1000.0,600.0,CC,STD,BHZ,,46.23761,-122.22396,1268.0,IRIS,3.691,1.0,,,True,BHZ,50.0,True,6.030063689811873,False
35,Mount St Helens,2015-08-14 21:35:27,2015-08-14 22:11:56,46.205076,-122.214418,debris flow,,,,,13000.0,4400.0,28000.0,,,,820.0,1000.0,600.0,UW,HSR,EHZ,,46.17428,-122.18065,1720.0,IRIS,4.303,1.0,,,True,EHZ,100.0,True,7.180827932878178,True
35,Mount St Helens,2015-08-14 21:35:27,2015-08-14 22:11:56,46.205076,-122.214418,debris flow,,,,,13000.0,4400.0,28000.0,,,,820.0,1000.0,600.0,UW,EDM,EHZ,,46.19717,-122.15121,1609.0,IRIS,4.957,1.0,,,True,EHZ,100.0,True,6.1604203324724365,False
35,Mount St Helens,2015-08-14 21:35:27,2015-08-14 22:11:56,46.205076,-122.214418,debris flow,,,,,13000.0,4400.0,28000.0,,,,820.0,1000.0,600.0,UW,SOS,EHZ,,46.24386,-122.13787,1270.0,IRIS,7.312,1.0,,,True,EHZ,100.0,True,5.165422799663519,False
35,Mount St Helens,2015-08-14 21:35:27,2015-08-14 22:11:56,46.205076,-122.214418,debris flow,,,,,13000.0,4400.0,28000.0,,,,820.0,1000.0,600.0,PB,B202,EHZ,,46.2447,-122.1367,1218.6,IRIS,7.44,1.0,,,True,EHZ,100.0,True,4.685256492022774,False
36,Mount Rainier,2015-08-19 18:49:50,2015-08-19 18:51:36,46.838867,-121.768746,rock fall,,,,,,,,,,,,,,UW,STAR,EHZ,,46.85085,-121.79295,3365.0,IRIS,2.277,1.0,,,True,EHZ,100.0,True,10.506220180515696,True
36,Mount Rainier,2015-08-19 18:49:50,2015-08-19 18:51:36,46.838867,-121.768746,rock fall,,,,,,,,,,,,,,UW,RCS,EHZ,,46.87083,-121.73231,2877.0,IRIS,4.511,1.0,,,True,EHZ,100.0,True,11.960373895210449,True
36,Mount Rainier,2015-08-19 18:49:50,2015-08-19 18:51:36,46.838867,-121.768746,rock fall,,,,,,,,,,,,,,UW,RER,EHZ,,46.81905,-121.84213,1756.0,IRIS,6.017,1.0,,,True,EHZ,100.0,True,9.968974187584475,True
36,Mount Rainier,2015-08-19 18:49:50,2015-08-19 18:51:36,46.838867,-121.768746,rock fall,,,,,,,,,,,,,,CC,OBSR,BHZ,,46.89972,-121.81533,2382.0,IRIS,7.641,1.0,,,True,BHZ,50.0,True,10.16649885466539,True
36,Mount Rainier,2015-08-19 18:49:50,2015-08-19 18:51:36,46.838867,-121.768746,rock fall,,,,,,,,,,,,,,CC,PANH,BHZ,,46.859,-121.64261,2109.0,IRIS,9.877,1.0,,,True,BHZ,50.0,True,9.866561423230396,True
36,Mount Rainier,2015-08-19 18:49:50,2015-08-19 18:51:36,46.838867,-121.768746,rock fall,,,,,,,,,,,,,,UW,LO2,EHZ,,46.7506,-121.8096,853.0,IRIS,10.296,1.0,,,True,EHZ,100.0,True,8.757484366420934,False
36,Mount Rainier,2015-08-19 18:49:50,2015-08-19 18:51:36,46.838867,-121.768746,rock fall,,,,,,,,,,,,,,UW,LON,BHZ,,46.7506,-121.8096,853.0,IRIS,10.296,1.0,,,True,BHZ,40.0,True,9.0580368244144,False
36,Mount Rainier,2015-08-19 18:49:50,2015-08-19 18:51:36,46.838867,-121.768746,rock fall,,,,,,,,,,,,,,UW,FMW,EHZ,,46.94139,-121.67101,1859.0,IRIS,13.615,1.0,,,True,EHZ,100.0,True,9.779996328007137,False
36,Mount Rainier,2015-08-19 18:49:50,2015-08-19 18:51:36,46.838867,-121.768746,rock fall,,,,,,,,,,,,,,UW,WPW,EHZ,,46.69864,-121.53734,1280.0,IRIS,23.568,1.0,,,True,EHZ,100.0,True,5.2978750418906175,False
36,Mount Rainier,2015-08-19 18:49:50,2015-08-19 18:51:36,46.838867,-121.768746,rock fall,,,,,,,,,,,,,,UW,GLK,EHZ,,46.5575,-121.61073,1305.0,IRIS,33.532,1.0,,,True,EHZ,100.0,True,4.277618986467263,False
37,"White River, Mount Hood",2015-08-19 21:04:40,2015-08-20 02:36:40,45.3463,-121.6999,debris flow,,,,,,,,,,,1100.0,800.0,1200.0,CC,TIMB,EHZ,,45.33572,-121.71036,1869.0,IRIS,1.433,1.0,,,True,EHZ,50.0,True,4.812379484309488,True
37,"White River, Mount Hood",2015-08-19 21:04:40,2015-08-20 02:36:40,45.3463,-121.6999,debris flow,,,,,,,,,,,1100.0,800.0,1200.0,CC,PALM,EHZ,,45.358575,-121.705538,2590.0,IRIS,1.434,1.0,,,True,EHZ,50.0,True,5.024890782844095,True
37,"White River, Mount Hood",2015-08-19 21:04:40,2015-08-20 02:36:40,45.3463,-121.6999,debris flow,,,,,,,,,,,1100.0,800.0,1200.0,UW,HOOD,BHZ,,45.32226,-121.65093,1512.0,IRIS,4.677,1.0,,,True,BHZ,40.0,True,3.8875249904762574,True
38,"White River, Mount Hood",2015-08-20 20:47:12,2015-08-20 21:34:36,45.3463,-121.6999,debris flow,,,,,,,,,,,1100.0,800.0,1200.0,CC,TIMB,EHZ,,45.33572,-121.71036,1869.0,IRIS,1.433,1.0,,,True,EHZ,50.0,True,5.312272389109529,True
38,"White River, Mount Hood",2015-08-20 20:47:12,2015-08-20 21:34:36,45.3463,-121.6999,debris flow,,,,,,,,,,,1100.0,800.0,1200.0,CC,PALM,EHZ,,45.358575,-121.705538,2590.0,IRIS,1.434,1.0,,,True,EHZ,50.0,True,6.254608210739253,True
38,"White River, Mount Hood",2015-08-20 20:47:12,2015-08-20 21:34:36,45.3463,-121.6999,debris flow,,,,,,,,,,,1100.0,800.0,1200.0,UW,HOOD,BHZ,,45.32226,-121.65093,1512.0,IRIS,4.677,1.0,,,True,BHZ,40.0,True,5.173756873314282,True
38,"White River, Mount Hood",2015-08-20 20:47:12,2015-08-20 21:34:36,45.3463,-121.6999,debris flow,,,,,,,,,,,1100.0,800.0,1200.0,CC,HIYU,EHZ,,45.435232,-121.807393,1418.0,IRIS,12.983,1.0,,,True,EHZ,50.0,True,3.259365923632979,True
39,"White River, Mount Hood",2015-08-22 23:58:20,2015-08-23 01:47:27,45.3463,-121.6999,debris flow,,,,,,,,,,,,,,CC,TIMB,EHZ,,45.33572,-121.71036,1869.0,IRIS,1.433,1.0,,,True,EHZ,50.0,True,5.594933062388438,True
39,"White River, Mount Hood",2015-08-22 23:58:20,2015-08-23 01:47:27,45.3463,-121.6999,debris flow,,,,,,,,,,,,,,CC,PALM,EHZ,,45.358575,-121.705538,2590.0,IRIS,1.434,1.0,,,True,EHZ,50.0,True,7.37076997393954,True
39,"White River, Mount Hood",2015-08-22 23:58:20,2015-08-23 01:47:27,45.3463,-121.6999,debris flow,,,,,,,,,,,,,,UW,HOOD,BHZ,,45.32226,-121.65093,1512.0,IRIS,4.677,1.0,,,True,BHZ,40.0,True,4.6275025745054,True
41,Mount Lituya secondary,2012-06-11 22:30:03,2012-06-11 22:32:48,58.795026,-137.433002,landslide,,,,,,,,,,,,,,AT,SKAG,BHZ,,59.4601,-135.32897,134.0,IRIS,141.429,1.0,,,True,BHZ,50.0,True,5.068525521372624,False
41,Mount Lituya secondary,2012-06-11 22:30:03,2012-06-11 22:32:48,58.795026,-137.433002,landslide,,,,,,,,,,,,,,AK,PNL,BHZ,,59.6659,-139.4036,477.0,IRIS,148.545,1.0,,,True,BHZ,50.0,True,7.279013198350065,True
41,Mount Lituya secondary,2012-06-11 22:30:03,2012-06-11 22:32:48,58.795026,-137.433002,landslide,,,,,,,,,,,,,,AK,BESE,BHZ,,58.5792,-134.8559,867.0,IRIS,151.373,1.0,,,True,BHZ,50.0,True,7.49348615064413,True
41,Mount Lituya secondary,2012-06-11 22:30:03,2012-06-11 22:32:48,58.795026,-137.433002,landslide,,,,,,,,,,,,,,YY,IPA5,HHZ,,58.4498,-134.5369,297.0,IRIS,172.596,1.0,,,True,HHZ,200.0,True,7.702295212764186,True
41,Mount Lituya secondary,2012-06-11 22:30:03,2012-06-11 22:32:48,58.795026,-137.433002,landslide,,,,,,,,,,,,,,YY,IPA2,HHZ,,58.451,-134.5332,307.0,IRIS,172.773,1.0,,,True,HHZ,200.0,True,7.941865573106895,True
41,Mount Lituya secondary,2012-06-11 22:30:03,2012-06-11 22:32:48,58.795026,-137.433002,landslide,,,,,,,,,,,,,,AK,JIS,BHZ,,58.2758,-134.3848,10.0,IRIS,186.713,1.0,,,True,BHZ,50.0,True,7.616787243705008,True
42,Mount Meager secondary,2010-08-06 10:34:17,2010-08-06 10:36:06,50.623796,-123.498731,landslide,,,,,300000.0,,,700000000.0,,,,,,CN,WSLR,BHZ,,50.1265,-122.9212,906.0,sac,68.904,1.0,1.0,,False,,,False,0.0,False
42,Mount Meager secondary,2010-08-06 10:34:17,2010-08-06 10:36:06,50.623796,-123.498731,landslide,,,,,300000.0,,,700000000.0,,,,,,CN,WPB,EHZ,,49.6478,-123.2094,260.0,IRIS,110.515,1.0,,,True,EHZ,100.0,True,4.518154076196611,True
42,Mount Meager secondary,2010-08-06 10:34:17,2010-08-06 10:36:06,50.623796,-123.498731,landslide,,,,,300000.0,,,700000000.0,,,,,,CN,LLLB,BHZ,,50.609,-121.8815,700.0,IRIS,114.469,1.0,1.0,,True,BHZ,40.0,True,4.558945290265707,True
42,Mount Meager secondary,2010-08-06 10:34:17,2010-08-06 10:36:06,50.623796,-123.498731,landslide,,,,,300000.0,,,700000000.0,,,,,,CN,SHB,BHZ,,49.593,-123.8805,1143.0,IRIS,117.864,1.0,1.0,,True,BHZ,40.0,True,4.593284205652355,True
42,Mount Meager secondary,2010-08-06 10:34:17,2010-08-06 10:36:06,50.623796,-123.498731,landslide,,,,,300000.0,,,700000000.0,,,,,,CN,TXB,EHZ,,49.6969,-124.436,515.0,IRIS,122.942,1.0,,,True,EHZ,100.0,True,4.510612694999104,True
42,Mount Meager secondary,2010-08-06 10:34:17,2010-08-06 10:36:06,50.623796,-123.498731,landslide,,,,,300000.0,,,700000000.0,,,,,,CN,BIB,EHZ,,49.4103,-123.3105,38.0,IRIS,135.649,1.0,,,True,EHZ,100.0,True,4.169254296432723,False
42,Mount Meager secondary,2010-08-06 10:34:17,2010-08-06 10:36:06,50.623796,-123.498731,landslide,,,,,300000.0,,,700000000.0,,,,,,CN,CBB,BHZ,,50.0316,-125.3653,319.0,IRIS,148.336,0.0,1.0,,True,BHZ,40.0,True,3.519193022471588,False
42,Mount Meager secondary,2010-08-06 10:34:17,2010-08-06 10:36:06,50.623796,-123.498731,landslide,,,,,300000.0,,,700000000.0,,,,,,CN,NLLB,BHZ,,49.2274,-123.9881,192.0,IRIS,159.242,1.0,1.0,,True,BHZ,40.0,True,4.816001569343157,True
42,Mount Meager secondary,2010-08-06 10:34:17,2010-08-06 10:36:06,50.623796,-123.498731,landslide,,,,,300000.0,,,700000000.0,,,,,,CN,ALB,EHZ,,49.2718,-124.8277,26.0,IRIS,178.073,1.0,,,True,EHZ,100.0,True,3.4696056177999406,False
42,Mount Meager secondary,2010-08-06 10:34:17,2010-08-06 10:36:06,50.623796,-123.498731,landslide,,,,,300000.0,,,700000000.0,,,,,,PB,B927,EHZ,,49.2188,-124.8113,39.0,IRIS,182.493,1.0,,,True,EHZ,100.0,True,3.5009242209733418,False
43,Mount Steele,2015-10-12 02:01:41,2015-10-12 02:05:33,61.0838,-140.2257,rock avalanche,,,,,20000000.0,,,47500000000.0,45000000000.0,50000000000.0,1020.0,800.0,1120.0,AK,LOGN,BHZ,,60.824,-141.0048,1663.1,IRIS,51.438,1.0,1.0,,True,BHZ,50.0,True,13.22655418883817,True
43,Mount Steele,2015-10-12 02:01:41,2015-10-12 02:05:33,61.0838,-140.2257,rock avalanche,,,,,20000000.0,,,47500000000.0,45000000000.0,50000000000.0,1020.0,800.0,1120.0,AK,CTG,BHZ,,60.9649,-141.3401,1507.9,IRIS,61.794,1.0,1.0,,True,BHZ,50.0,True,12.932357028502908,True
43,Mount Steele,2015-10-12 02:01:41,2015-10-12 02:05:33,61.0838,-140.2257,rock avalanche,,,,,20000000.0,,,47500000000.0,45000000000.0,50000000000.0,1020.0,800.0,1120.0,AK,BARN,BHZ,,61.0595,-141.6622,1689.0,IRIS,77.623,1.0,1.0,,True,BHZ,50.0,True,10.162519782385514,False
43,Mount Steele,2015-10-12 02:01:41,2015-10-12 02:05:33,61.0838,-140.2257,rock avalanche,,,,,20000000.0,,,47500000000.0,45000000000.0,50000000000.0,1020.0,800.0,1120.0,AK,TABL,BHZ,,60.4399,-141.1443,2050.0,IRIS,87.844,1.0,1.0,,True,BHZ,50.0,True,10.29040080766218,True
43,Mount Steele,2015-10-12 02:01:41,2015-10-12 02:05:33,61.0838,-140.2257,rock avalanche,,,,,20000000.0,,,47500000000.0,45000000000.0,50000000000.0,1020.0,800.0,1120.0,AK,GRNC,BHZ,,60.7315,-141.7558,2116.0,IRIS,92.03,1.0,1.0,,True,BHZ,50.0,True,11.627087608617495,True
43,Mount Steele,2015-10-12 02:01:41,2015-10-12 02:05:33,61.0838,-140.2257,rock avalanche,,,,,20000000.0,,,47500000000.0,45000000000.0,50000000000.0,1020.0,800.0,1120.0,AK,RKAV,BHZ,,60.2994,-141.3478,1647.0,IRIS,107.104,1.0,1.0,,True,BHZ,50.0,True,9.55625215560915,False
43,Mount Steele,2015-10-12 02:01:41,2015-10-12 02:05:33,61.0838,-140.2257,rock avalanche,,,,,20000000.0,,,47500000000.0,45000000000.0,50000000000.0,1020.0,800.0,1120.0,AK,SAMH,BHZ,,60.1294,-140.7828,1140.0,IRIS,111.04,1.0,1.0,,True,BHZ,50.0,True,7.822415975487532,False
43,Mount Steele,2015-10-12 02:01:41,2015-10-12 02:05:33,61.0838,-140.2257,rock avalanche,,,,,20000000.0,,,47500000000.0,45000000000.0,50000000000.0,1020.0,800.0,1120.0,AK,BAL,BHZ,,61.036,-142.3462,1318.0,IRIS,114.667,1.0,1.0,,True,BHZ,50.0,True,10.417751652821805,True
43,Mount Steele,2015-10-12 02:01:41,2015-10-12 02:05:33,61.0838,-140.2257,rock avalanche,,,,,20000000.0,,,47500000000.0,45000000000.0,50000000000.0,1020.0,800.0,1120.0,AK,YAH,BHZ,,60.3583,-141.751,2125.0,IRIS,116.338,1.0,1.0,,True,BHZ,50.0,True,8.672517249338153,False
43,Mount Steele,2015-10-12 02:01:41,2015-10-12 02:05:33,61.0838,-140.2257,rock avalanche,,,,,20000000.0,,,47500000000.0,45000000000.0,50000000000.0,1020.0,800.0,1120.0,AK,KIAG,BHZ,,60.9231,-142.3605,1752.2,IRIS,116.945,1.0,1.0,,True,BHZ,50.0,True,9.67393722063395,False
44,Mount Steele 1,2007-07-22 20:26:07,2007-07-22 20:28:56,61.102491,-140.3055,ice avalanche,,,,,3000000.0,,,,,,2600.0,2400.0,2200.0,XZ,LOGN,BHZ,,60.8241,-141.0048,1665.0,IRIS,49.586,1.0,1.0,,True,BHZ,50.0,True,11.218109442482254,True
44,Mount Steele 1,2007-07-22 20:26:07,2007-07-22 20:28:56,61.102491,-140.3055,ice avalanche,,,,,3000000.0,,,,,,2600.0,2400.0,2200.0,XZ,BARN,BHZ,,61.0595,-141.6621,1915.0,IRIS,73.581,1.0,1.0,,True,BHZ,50.0,True,9.988949071183557,False
44,Mount Steele 1,2007-07-22 20:26:07,2007-07-22 20:28:56,61.102491,-140.3055,ice avalanche,,,,,3000000.0,,,,,,2600.0,2400.0,2200.0,XZ,TABL,BHZ,,60.4399,-141.1443,2050.0,IRIS,87.587,1.0,1.0,,True,BHZ,50.0,True,10.064773648590332,False
44,Mount Steele 1,2007-07-22 20:26:07,2007-07-22 20:28:56,61.102491,-140.3055,ice avalanche,,,,,3000000.0,,,,,,2600.0,2400.0,2200.0,XZ,GRNC,BHZ,,60.7315,-141.7558,2116.0,IRIS,89.379,1.0,1.0,,True,BHZ,50.0,True,12.356696495023636,True
44,Mount Steele 1,2007-07-22 20:26:07,2007-07-22 20:28:56,61.102491,-140.3055,ice avalanche,,,,,3000000.0,,,,,,2600.0,2400.0,2200.0,XZ,RKAV,BHZ,,60.2994,-141.3478,1647.0,IRIS,106.803,1.0,0.0,,True,BHZ,50.0,True,7.351667107649864,False
44,Mount Steele 1,2007-07-22 20:26:07,2007-07-22 20:28:56,61.102491,-140.3055,ice avalanche,,,,,3000000.0,,,,,,2600.0,2400.0,2200.0,XZ,KIAG,BHZ,,60.9231,-142.3607,1773.0,IRIS,113.226,1.0,1.0,,True,BHZ,50.0,True,13.146844527295334,True
44,Mount Steele 1,2007-07-22 20:26:07,2007-07-22 20:28:56,61.102491,-140.3055,ice avalanche,,,,,3000000.0,,,,,,2600.0,2400.0,2200.0,XZ,PTPK,BHZ,,61.187,-142.467,1933.0,IRIS,116.885,1.0,1.0,,True,BHZ,50.0,True,9.433121071086536,False
44,Mount Steele 1,2007-07-22 20:26:07,2007-07-22 20:28:56,61.102491,-140.3055,ice avalanche,,,,,3000000.0,,,,,,2600.0,2400.0,2200.0,XZ,BAGL,BHZ,,60.4896,-142.0915,1470.0,IRIS,119.411,1.0,1.0,,True,BHZ,50.0,True,10.627731859291307,True
44,Mount Steele 1,2007-07-22 20:26:07,2007-07-22 20:28:56,61.102491,-140.3055,ice avalanche,,,,,3000000.0,,,,,,2600.0,2400.0,2200.0,XZ,ISLE,BHZ,,60.602,-142.3411,1485.0,IRIS,124.396,1.0,1.0,,True,BHZ,50.0,True,10.840218027262368,True
44,Mount Steele 1,2007-07-22 20:26:07,2007-07-22 20:28:56,61.102491,-140.3055,ice avalanche,,,,,3000000.0,,,,,,2600.0,2400.0,2200.0,XZ,MESA,BHZ,,60.1785,-141.9505,1919.0,IRIS,137.441,1.0,0.0,,True,BHZ,50.0,True,9.512498101110127,False
45,Iliamna,2013-11-05 16:32:03,2013-11-05 16:35:20,60.02716,-153.0767,ice and rock avalanche,,,,,,,,,,,1700.0,1500.0,1900.0,AV,IVE,EHZ,,60.0163,-153.0185,1173.0,IRIS,3.464,1.0,,,True,EHZ,100.0,True,8.093788413936963,True
45,Iliamna,2013-11-05 16:32:03,2013-11-05 16:35:20,60.02716,-153.0767,ice and rock avalanche,,,,,,,,,,,1700.0,1500.0,1900.0,AV,IVE,BHZ,,60.0163,-153.0185,1173.0,IRIS,3.464,1.0,,,True,EHZ,100.0,True,8.093788413936963,True
45,Iliamna,2013-11-05 16:32:03,2013-11-05 16:35:20,60.02716,-153.0767,ice and rock avalanche,,,,,,,,,,,1700.0,1500.0,1900.0,AV,ILW,EHZ,,60.0592,-153.1392,1646.0,IRIS,4.987,1.0,,,True,EHZ,100.0,True,10.91880953647099,True
45,Iliamna,2013-11-05 16:32:03,2013-11-05 16:35:20,60.02716,-153.0767,ice and rock avalanche,,,,,,,,,,,1700.0,1500.0,1900.0,AV,ILW,BHZ,,60.0592,-153.1392,1646.0,IRIS,4.987,1.0,,,True,EHZ,100.0,True,10.91880953647099,True
45,Iliamna,2013-11-05 16:32:03,2013-11-05 16:35:20,60.02716,-153.0767,ice and rock avalanche,,,,,,,,,,,1700.0,1500.0,1900.0,AV,ILS,EHZ,,59.957,-153.0703,1125.0,IRIS,7.825,1.0,,,True,EHZ,100.0,True,11.565262995514749,True
45,Iliamna,2013-11-05 16:32:03,2013-11-05 16:35:20,60.02716,-153.0767,ice and rock avalanche,,,,,,,,,,,1700.0,1500.0,1900.0,AV,ILI,EHZ,,60.0807,-152.9606,771.0,IRIS,8.799,1.0,,,True,EHZ,100.0,True,4.6080712763142,False
45,Iliamna,2013-11-05 16:32:03,2013-11-05 16:35:20,60.02716,-153.0767,ice and rock avalanche,,,,,,,,,,,1700.0,1500.0,1900.0,AV,RED,EHZ,,60.4196,-152.7742,1071.0,IRIS,46.828,1.0,,,True,EHZ,100.0,True,3.6410340763486575,False
45,Iliamna,2013-11-05 16:32:03,2013-11-05 16:35:20,60.02716,-153.0767,ice and rock avalanche,,,,,,,,,,,1700.0,1500.0,1900.0,AV,RSO,EHZ,,60.4616,-152.756,1921.0,IRIS,51.56,1.0,,,True,EHZ,100.0,True,3.947132222191199,False
46,Iliamna,2014-01-28 12:10:43,2014-01-28 12:13:19,60.02716,-153.0767,ice avalanche,,,,,,,,,,,,,,AV,IVE,EHZ,,60.0163,-153.0185,1173.0,IRIS,3.464,1.0,,,True,EHZ,100.0,True,9.272473438382546,True
46,Iliamna,2014-01-28 12:10:43,2014-01-28 12:13:19,60.02716,-153.0767,ice avalanche,,,,,,,,,,,,,,AV,ILW,EHZ,,60.0592,-153.1392,1646.0,IRIS,4.987,1.0,,,True,EHZ,100.0,True,7.09260390547584,True
46,Iliamna,2014-01-28 12:10:43,2014-01-28 12:13:19,60.02716,-153.0767,ice avalanche,,,,,,,,,,,,,,AV,ILS,EHZ,,59.957,-153.0703,1125.0,IRIS,7.825,1.0,,,True,EHZ,100.0,True,7.486874485096235,True
46,Iliamna,2014-01-28 12:10:43,2014-01-28 12:13:19,60.02716,-153.0767,ice avalanche,,,,,,,,,,,,,,AV,RSO,EHZ,,60.4616,-152.756,1921.0,IRIS,51.56,1.0,,,True,EHZ,100.0,True,3.405921632198302,True
46,Iliamna,2014-01-28 12:10:43,2014-01-28 12:13:19,60.02716,-153.0767,ice avalanche,,,,,,,,,,,,,,AV,DFR,EHZ,,60.5913,-152.6882,1090.0,IRIS,66.422,1.0,,,True,EHZ,100.0,True,3.396281150056592,True
47,Iliamna,2013-02-02 13:55:50,2013-02-02 14:02:06,60.023282,-153.031,ice avalanche,3000000.0,220000.0,120000.0,310000.0,5600000.0,2700000.0,12000000.0,,,,1400.0,1300.0,1600.0,AV,IVE,EHZ,,60.0163,-153.0185,1173.0,IRIS,3.464,1.0,,,True,EHZ,100.0,True,7.938134557477811,False
47,Iliamna,2013-02-02 13:55:50,2013-02-02 14:02:06,60.023282,-153.031,ice avalanche,3000000.0,220000.0,120000.0,310000.0,5600000.0,2700000.0,12000000.0,,,,1400.0,1300.0,1600.0,AV,INE,EHZ,,60.0599,-153.0644,1634.0,IRIS,3.712,1.0,,,True,EHZ,100.0,True,10.650871471607385,False
47,Iliamna,2013-02-02 13:55:50,2013-02-02 14:02:06,60.023282,-153.031,ice avalanche,3000000.0,220000.0,120000.0,310000.0,5600000.0,2700000.0,12000000.0,,,,1400.0,1300.0,1600.0,AV,ILW,EHZ,,60.0592,-153.1392,1646.0,IRIS,4.987,1.0,,,True,EHZ,100.0,True,16.58023199628108,True
47,Iliamna,2013-02-02 13:55:50,2013-02-02 14:02:06,60.023282,-153.031,ice avalanche,3000000.0,220000.0,120000.0,310000.0,5600000.0,2700000.0,12000000.0,,,,1400.0,1300.0,1600.0,AV,ILS,EHZ,,59.957,-153.0703,1125.0,IRIS,7.825,1.0,,,True,EHZ,100.0,True,22.008236078368736,True
47,Iliamna,2013-02-02 13:55:50,2013-02-02 14:02:06,60.023282,-153.031,ice avalanche,3000000.0,220000.0,120000.0,310000.0,5600000.0,2700000.0,12000000.0,,,,1400.0,1300.0,1600.0,AV,ILI,EHZ,,60.0807,-152.9606,771.0,IRIS,8.799,1.0,,,True,EHZ,100.0,True,11.491488780159434,True
47,Iliamna,2013-02-02 13:55:50,2013-02-02 14:02:06,60.023282,-153.031,ice avalanche,3000000.0,220000.0,120000.0,310000.0,5600000.0,2700000.0,12000000.0,,,,1400.0,1300.0,1600.0,AV,RED,BHZ,,60.4196,-152.7742,1071.0,IRIS,46.828,1.0,0.0,,True,EHZ,100.0,True,86.59504169436485,True
47,Iliamna,2013-02-02 13:55:50,2013-02-02 14:02:06,60.023282,-153.031,ice avalanche,3000000.0,220000.0,120000.0,310000.0,5600000.0,2700000.0,12000000.0,,,,1400.0,1300.0,1600.0,AV,RSO,EHZ,,60.4616,-152.756,1921.0,IRIS,51.56,1.0,,,True,EHZ,100.0,True,11.568478089843856,True
47,Iliamna,2013-02-02 13:55:50,2013-02-02 14:02:06,60.023282,-153.031,ice avalanche,3000000.0,220000.0,120000.0,310000.0,5600000.0,2700000.0,12000000.0,,,,1400.0,1300.0,1600.0,AV,REF,EHZ,,60.4888,-152.694,1641.0,IRIS,55.627,1.0,,,True,EHZ,100.0,True,9.60602484857244,False
47,Iliamna,2013-02-02 13:55:50,2013-02-02 14:02:06,60.023282,-153.031,ice avalanche,3000000.0,220000.0,120000.0,310000.0,5600000.0,2700000.0,12000000.0,,,,1400.0,1300.0,1600.0,AV,RDN,EHZ,,60.5224,-152.7401,1400.0,IRIS,58.237,1.0,,,True,EHZ,100.0,True,8.843428164492822,False
47,Iliamna,2013-02-02 13:55:50,2013-02-02 14:02:06,60.023282,-153.031,ice avalanche,3000000.0,220000.0,120000.0,310000.0,5600000.0,2700000.0,12000000.0,,,,1400.0,1300.0,1600.0,AV,RDJH,BHZ,,60.5905,-152.8058,1414.0,IRIS,64.528,1.0,0.0,,True,BHZ,50.0,True,8.69371435807509,False
48,Iliamna,2012-10-13 04:16:16,2012-10-13 04:18:05,60.03114,-153.0799,rock and ice avalanche,,,,,,,,,,,,,,AV,RED,BHZ,,60.4196,-152.7742,1071.0,IRIS,46.478,1.0,,,True,BHZ,50.0,True,5.451115785812924,True
48,Iliamna,2012-10-13 04:16:16,2012-10-13 04:18:05,60.03114,-153.0799,rock and ice avalanche,,,,,,,,,,,,,,AV,RSO,EHZ,,60.4616,-152.756,1921.0,IRIS,51.205,1.0,,,True,EHZ,100.0,True,5.935689947516069,True
48,Iliamna,2012-10-13 04:16:16,2012-10-13 04:18:05,60.03114,-153.0799,rock and ice avalanche,,,,,,,,,,,,,,AV,REF,EHZ,,60.4888,-152.694,1641.0,IRIS,55.285,1.0,,,True,EHZ,100.0,True,3.898790417767596,False
48,Iliamna,2012-10-13 04:16:16,2012-10-13 04:18:05,60.03114,-153.0799,rock and ice avalanche,,,,,,,,,,,,,,AV,RDN,EHZ,,60.5224,-152.7401,1400.0,IRIS,57.874,1.0,,,True,EHZ,100.0,True,3.9538760731785874,False
48,Iliamna,2012-10-13 04:16:16,2012-10-13 04:18:05,60.03114,-153.0799,rock and ice avalanche,,,,,,,,,,,,,,AV,RDJH,BHZ,,60.5905,-152.8058,1414.0,IRIS,64.138,1.0,,,True,BHZ,50.0,True,4.5287255956736185,False
48,Iliamna,2012-10-13 04:16:16,2012-10-13 04:18:05,60.03114,-153.0799,rock and ice avalanche,,,,,,,,,,,,,,AV,DFR,EHZ,,60.5913,-152.6882,1090.0,IRIS,66.06,1.0,,,True,EHZ,100.0,True,5.730513061903274,True
48,Iliamna,2012-10-13 04:16:16,2012-10-13 04:18:05,60.03114,-153.0799,rock and ice avalanche,,,,,,,,,,,,,,AV,RDT,EHZ,,60.5726,-152.4075,930.0,IRIS,70.863,1.0,,,True,EHZ,100.0,True,4.597935749043365,False
48,Iliamna,2012-10-13 04:16:16,2012-10-13 04:18:05,60.03114,-153.0799,rock and ice avalanche,,,,,,,,,,,,,,AV,SPU,EHZ,,61.1811,-152.0566,800.0,IRIS,139.851,1.0,,,True,EHZ,100.0,True,3.884284235760881,False
48,Iliamna,2012-10-13 04:16:16,2012-10-13 04:18:05,60.03114,-153.0799,rock and ice avalanche,,,,,,,,,,,,,,AV,SPWE,EHZ,,61.2728,-152.5614,1327.0,IRIS,141.226,1.0,,,True,EHZ,100.0,True,5.607691584897077,True
48,Iliamna,2012-10-13 04:16:16,2012-10-13 04:18:05,60.03114,-153.0799,rock and ice avalanche,,,,,,,,,,,,,,AV,BGL,EHZ,,61.2663,-152.3913,1127.0,IRIS,142.686,1.0,,,True,EHZ,100.0,True,4.767986060966105,True
49,Iliamna,2014-10-03 03:16:44,2014-10-03 03:17:23,60.03175,-153.07788,rock fall,,,,,,,,,,,1000.0,900.0,1200.0,AV,IVE,BHZ,,60.0163,-153.0185,1173.0,IRIS,3.732,1.0,,,True,EHZ,100.0,True,20.869230873555097,True
49,Iliamna,2014-10-03 03:16:44,2014-10-03 03:17:23,60.03175,-153.07788,rock fall,,,,,,,,,,,1000.0,900.0,1200.0,AV,IVE,EHZ,,60.0163,-153.0185,1173.0,IRIS,3.732,1.0,,,True,EHZ,100.0,True,20.869230873555097,True
49,Iliamna,2014-10-03 03:16:44,2014-10-03 03:17:23,60.03175,-153.07788,rock fall,,,,,,,,,,,1000.0,900.0,1200.0,AV,ILS,EHZ,,59.957,-153.0703,1125.0,IRIS,8.339,1.0,,,True,EHZ,100.0,True,10.904524369013798,True
49,Iliamna,2014-10-03 03:16:44,2014-10-03 03:17:23,60.03175,-153.07788,rock fall,,,,,,,,,,,1000.0,900.0,1200.0,AV,RSO,EHZ,,60.4616,-152.756,1921.0,IRIS,51.103,1.0,,,True,EHZ,100.0,True,3.065583013420016,False
49,Iliamna,2014-10-03 03:16:44,2014-10-03 03:17:23,60.03175,-153.07788,rock fall,,,,,,,,,,,1000.0,900.0,1200.0,AV,RDWB,BHZ,,60.4875,-152.8425,1546.0,IRIS,52.423,1.0,,,True,BHZ,50.0,True,3.675063131637555,True
49,Iliamna,2014-10-03 03:16:44,2014-10-03 03:17:23,60.03175,-153.07788,rock fall,,,,,,,,,,,1000.0,900.0,1200.0,AV,RDN,EHZ,,60.5224,-152.7401,1400.0,IRIS,57.773,1.0,,,True,EHZ,100.0,True,3.2202839462183697,False
49,Iliamna,2014-10-03 03:16:44,2014-10-03 03:17:23,60.03175,-153.07788,rock fall,,,,,,,,,,,1000.0,900.0,1200.0,AV,NCT,EHZ,,60.5621,-152.9293,1136.0,IRIS,59.659,1.0,,,True,EHZ,100.0,True,3.611351116232203,True
50,Iliamna,2014-07-20 15:58:16,2014-07-20 16:05:06,60.026819,-153.062878,ice and rock avalanche,330000.0,13000.0,6200.0,17000.0,150000.0,97000.0,230000.0,,,,1400.0,1300.0,1500.0,AV,IVE,EHZ,,60.0163,-153.0185,1173.0,IRIS,2.738,1.0,,,True,EHZ,100.0,True,6.7446454215459575,True
50,Iliamna,2014-07-20 15:58:16,2014-07-20 16:05:06,60.026819,-153.062878,ice and rock avalanche,330000.0,13000.0,6200.0,17000.0,150000.0,97000.0,230000.0,,,,1400.0,1300.0,1500.0,AV,ILS,EHZ,,59.957,-153.0703,1125.0,IRIS,7.79,1.0,,,True,EHZ,100.0,True,3.955496479527951,True
51,South Twin 1,2005-05-15 13:46:16,2005-05-15 13:52:16,59.981,-153.06354,rock avalanche,1100000.0,36000.0,17000.0,42000.0,91000.0,62000.0,140000.0,,,,1400.0,1300.0,1460.0,AV,ILS,EHZ,,59.957,-153.0703,1125.0,IRIS,2.7,1.0,,,True,EHZ,100.0,True,22.02556670348286,True
51,South Twin 1,2005-05-15 13:46:16,2005-05-15 13:52:16,59.981,-153.06354,rock avalanche,1100000.0,36000.0,17000.0,42000.0,91000.0,62000.0,140000.0,,,,1400.0,1300.0,1460.0,AV,IVS,EHZ,,60.0086,-153.083,2332.0,IRIS,3.261,1.0,,,True,EHZ,100.0,True,16.013189828575747,True
51,South Twin 1,2005-05-15 13:46:16,2005-05-15 13:52:16,59.981,-153.06354,rock avalanche,1100000.0,36000.0,17000.0,42000.0,91000.0,62000.0,140000.0,,,,1400.0,1300.0,1460.0,AV,IVE,EHZ,,60.0163,-153.0185,1173.0,IRIS,4.667,1.0,,,True,EHZ,100.0,True,7.294625183179425,True
51,South Twin 1,2005-05-15 13:46:16,2005-05-15 13:52:16,59.981,-153.06354,rock avalanche,1100000.0,36000.0,17000.0,42000.0,91000.0,62000.0,140000.0,,,,1400.0,1300.0,1460.0,AV,INE,EHZ,,60.0599,-153.0644,1634.0,IRIS,8.791,1.0,,,True,EHZ,100.0,True,10.426653364276303,True
51,South Twin 1,2005-05-15 13:46:16,2005-05-15 13:52:16,59.981,-153.06354,rock avalanche,1100000.0,36000.0,17000.0,42000.0,91000.0,62000.0,140000.0,,,,1400.0,1300.0,1460.0,AV,ILW,EHZ,,60.0592,-153.1392,1646.0,IRIS,9.68,1.0,,,True,EHZ,100.0,True,7.007032236083552,True
51,South Twin 1,2005-05-15 13:46:16,2005-05-15 13:52:16,59.981,-153.06354,rock avalanche,1100000.0,36000.0,17000.0,42000.0,91000.0,62000.0,140000.0,,,,1400.0,1300.0,1460.0,AV,ILI,EHZ,,60.0807,-152.9606,771.0,IRIS,12.503,1.0,,,True,EHZ,100.0,True,4.920337300944841,False
52,Mount St Helens,2015-09-17 23:27:00,2015-09-18 00:41:44,46.205076,-122.214418,debris flow,,,,,,,,,,,,,,UW,SHW,EHZ,,46.19347,-122.23635,1425.0,IRIS,2.128,1.0,,,True,EHZ,100.0,True,4.268298771368639,True
52,Mount St Helens,2015-09-17 23:27:00,2015-09-18 00:41:44,46.205076,-122.214418,debris flow,,,,,,,,,,,,,,CC,SWF2,BHZ,,46.17835,-122.21677,1548.0,IRIS,2.976,1.0,,,True,BHZ,50.0,True,4.11015998586578,True
52,Mount St Helens,2015-09-17 23:27:00,2015-09-18 00:41:44,46.205076,-122.214418,debris flow,,,,,,,,,,,,,,CC,SUG,EHZ,,46.21555,-122.17626,1859.0,IRIS,3.166,1.0,,,True,EHZ,50.0,True,4.345804955061372,True
52,Mount St Helens,2015-09-17 23:27:00,2015-09-18 00:41:44,46.205076,-122.214418,debris flow,,,,,,,,,,,,,,CC,STD,BHZ,,46.23761,-122.22396,1268.0,IRIS,3.691,1.0,,,True,BHZ,50.0,True,4.03109718210879,True
53,Mount Baker,2013-05-31 09:54:26,2013-05-31 10:15:11,48.746682,-121.862559,"debris slide, debris flow",200000.0,20000.0,6200.0,23000.0,60000.0,39000.0,92000.0,,,,437.0,,,UW,MBW,EHZ,,48.78384,-121.90093,1676.0,IRIS,5.166,1.0,,,True,EHZ,100.0,True,5.937134459802088,True
53,Mount Baker,2013-05-31 09:54:26,2013-05-31 10:15:11,48.746682,-121.862559,"debris slide, debris flow",200000.0,20000.0,6200.0,23000.0,60000.0,39000.0,92000.0,,,,437.0,,,UW,MRBL,BHZ,,48.5183,-121.4845,75.0,IRIS,37.567,1.0,,,True,BHZ,40.0,True,3.1622725038029054,True
53,Mount Baker,2013-05-31 09:54:26,2013-05-31 10:15:11,48.746682,-121.862559,"debris slide, debris flow",200000.0,20000.0,6200.0,23000.0,60000.0,39000.0,92000.0,,,,437.0,,,TA,B05D,BHZ,,48.2641,-122.096,153.0,IRIS,56.196,1.0,,,True,BHZ,40.0,True,3.363438614995301,True
53,Mount Baker,2013-05-31 09:54:26,2013-05-31 10:15:11,48.746682,-121.862559,"debris slide, debris flow",200000.0,20000.0,6200.0,23000.0,60000.0,39000.0,92000.0,,,,437.0,,,UW,JCW,EHZ,,48.19533,-121.92746,792.0,IRIS,61.314,1.0,,,True,EHZ,100.0,True,3.2802462639528374,True
54,"Red Glacier, Iliamna",2003-07-25 10:20:37,2003-07-25 10:23:46,60.02825,-153.0787,ice avalanche,,,,,16000000.0,12000000.0,20000000.0,,,,1940.0,,,AV,IVS,EHZ,,60.0086,-153.083,2332.0,IRIS,2.202,1.0,,,True,EHZ,100.0,True,4.727450067066395,True
54,"Red Glacier, Iliamna",2003-07-25 10:20:37,2003-07-25 10:23:46,60.02825,-153.0787,ice avalanche,,,,,16000000.0,12000000.0,20000000.0,,,,1940.0,,,AV,IVE,EHZ,,60.0163,-153.0185,1173.0,IRIS,3.611,1.0,,,True,EHZ,100.0,True,3.7382590819406576,False
54,"Red Glacier, Iliamna",2003-07-25 10:20:37,2003-07-25 10:23:46,60.02825,-153.0787,ice avalanche,,,,,16000000.0,12000000.0,20000000.0,,,,1940.0,,,AV,ILS,EHZ,,59.957,-153.0703,1125.0,IRIS,7.952,1.0,,,True,EHZ,100.0,True,7.403743355629186,True
54,"Red Glacier, Iliamna",2003-07-25 10:20:37,2003-07-25 10:23:46,60.02825,-153.0787,ice avalanche,,,,,16000000.0,12000000.0,20000000.0,,,,1940.0,,,AV,OPT,EHZ,,59.6526,-153.2321,602.0,IRIS,42.726,1.0,,,True,EHZ,100.0,True,5.67705149170267,True
54,"Red Glacier, Iliamna",2003-07-25 10:20:37,2003-07-25 10:23:46,60.02825,-153.0787,ice avalanche,,,,,16000000.0,12000000.0,20000000.0,,,,1940.0,,,AV,RED,EHZ,,60.4196,-152.7742,1071.0,IRIS,46.755,1.0,,,True,EHZ,100.0,True,5.044715108404584,True
54,"Red Glacier, Iliamna",2003-07-25 10:20:37,2003-07-25 10:23:46,60.02825,-153.0787,ice avalanche,,,,,16000000.0,12000000.0,20000000.0,,,,1940.0,,,AV,AUW,EHZ,,59.3694,-153.473,276.0,IRIS,76.684,1.0,,,True,EHZ,100.0,True,4.164240795503081,False
54,"Red Glacier, Iliamna",2003-07-25 10:20:37,2003-07-25 10:23:46,60.02825,-153.0787,ice avalanche,,,,,16000000.0,12000000.0,20000000.0,,,,1940.0,,,AV,AUH,EHZ,,59.3632,-153.4454,890.0,IRIS,76.915,1.0,,,True,EHZ,100.0,True,3.741508790973953,False
54,"Red Glacier, Iliamna",2003-07-25 10:20:37,2003-07-25 10:23:46,60.02825,-153.0787,ice avalanche,,,,,16000000.0,12000000.0,20000000.0,,,,1940.0,,,AV,AUI,EHZ,,59.3345,-153.4299,293.0,IRIS,79.78,1.0,,,True,EHZ,100.0,True,4.2582100301836086,False
54,"Red Glacier, Iliamna",2003-07-25 10:20:37,2003-07-25 10:23:46,60.02825,-153.0787,ice avalanche,,,,,16000000.0,12000000.0,20000000.0,,,,1940.0,,,AV,MMN,EHZ,,59.1845,-154.3389,442.0,IRIS,117.887,1.0,,,True,EHZ,100.0,True,4.493748197873639,True
54,"Red Glacier, Iliamna",2003-07-25 10:20:37,2003-07-25 10:23:46,60.02825,-153.0787,ice avalanche,,,,,16000000.0,12000000.0,20000000.0,,,,1940.0,,,AV,BGM,EHZ,,59.392,-155.2315,625.0,IRIS,140.375,1.0,,,True,EHZ,100.0,True,3.92350025698426,False
55,"Umbrella Glacier, Iliamna",2004-02-09 21:47:54,2004-02-09 21:50:21,60.0262,-153.0886,ice avalanche,,,,,3500000.0,2500000.0,5000000.0,,,,1700.0,,,AV,IVS,EHZ,,60.0086,-153.083,2332.0,IRIS,1.9904016,1.0,,,True,EHZ,100.0,True,5.427089125121839,False
55,"Umbrella Glacier, Iliamna",2004-02-09 21:47:54,2004-02-09 21:50:21,60.0262,-153.0886,ice avalanche,,,,,3500000.0,2500000.0,5000000.0,,,,1700.0,,,AV,INE,EHZ,,60.0599,-153.0644,1634.0,IRIS,3.9997276,1.0,,,True,EHZ,100.0,True,11.870993795736124,True
55,"Umbrella Glacier, Iliamna",2004-02-09 21:47:54,2004-02-09 21:50:21,60.0262,-153.0886,ice avalanche,,,,,3500000.0,2500000.0,5000000.0,,,,1700.0,,,AV,IVE,EHZ,,60.0163,-153.0185,1173.0,IRIS,4.0720856,1.0,,,True,EHZ,100.0,True,11.599731862192474,True
55,"Umbrella Glacier, Iliamna",2004-02-09 21:47:54,2004-02-09 21:50:21,60.0262,-153.0886,ice avalanche,,,,,3500000.0,2500000.0,5000000.0,,,,1700.0,,,AV,ILW,EHZ,,60.0592,-153.1392,1646.0,IRIS,4.6453836,1.0,,,True,EHZ,100.0,True,10.662869336236964,True
55,"Umbrella Glacier, Iliamna",2004-02-09 21:47:54,2004-02-09 21:50:21,60.0262,-153.0886,ice avalanche,,,,,3500000.0,2500000.0,5000000.0,,,,1700.0,,,AV,ILS,EHZ,,59.957,-153.0703,1125.0,IRIS,7.7968528,1.0,,,True,EHZ,100.0,True,10.075924951317797,True
55,"Umbrella Glacier, Iliamna",2004-02-09 21:47:54,2004-02-09 21:50:21,60.0262,-153.0886,ice avalanche,,,,,3500000.0,2500000.0,5000000.0,,,,1700.0,,,AV,ILI,EHZ,,60.0807,-152.9606,771.0,IRIS,9.389841999999998,1.0,,,True,EHZ,100.0,True,13.29187548552156,True
55,"Umbrella Glacier, Iliamna",2004-02-09 21:47:54,2004-02-09 21:50:21,60.0262,-153.0886,ice avalanche,,,,,3500000.0,2500000.0,5000000.0,,,,1700.0,,,AV,OPT,EHZ,,59.6526,-153.2321,602.0,IRIS,42.4997496,1.0,,,True,EHZ,100.0,True,3.986657253641385,False
55,"Umbrella Glacier, Iliamna",2004-02-09 21:47:54,2004-02-09 21:50:21,60.0262,-153.0886,ice avalanche,,,,,3500000.0,2500000.0,5000000.0,,,,1700.0,,,AV,RSO,EHZ,,60.4616,-152.756,1921.0,IRIS,52.0220624,1.0,,,True,EHZ,100.0,True,6.132634360136184,False
55,"Umbrella Glacier, Iliamna",2004-02-09 21:47:54,2004-02-09 21:50:21,60.0262,-153.0886,ice avalanche,,,,,3500000.0,2500000.0,5000000.0,,,,1700.0,,,AV,REF,EHZ,,60.4888,-152.694,1641.0,IRIS,56.121978,1.0,,,True,EHZ,100.0,True,5.125151936789895,False
55,"Umbrella Glacier, Iliamna",2004-02-09 21:47:54,2004-02-09 21:50:21,60.0262,-153.0886,ice avalanche,,,,,3500000.0,2500000.0,5000000.0,,,,1700.0,,,AV,RDN,EHZ,,60.5224,-152.7401,1400.0,IRIS,58.70014919999999,1.0,,,False,,,False,0.0,False
56,"Umbrella Glacier, Iliamna",2004-09-08 10:19:03,2004-09-08 10:20:01,60.0272,-153.0867,rock and ice avalanche,,,,,130000.0,100000.0,150000.0,,,,880.0,,,AV,IVS,EHZ,,60.0086,-153.083,2332.0,IRIS,2.08725,1.0,,,True,EHZ,100.0,True,24.55276834032939,True
56,"Umbrella Glacier, Iliamna",2004-09-08 10:19:03,2004-09-08 10:20:01,60.0272,-153.0867,rock and ice avalanche,,,,,130000.0,100000.0,150000.0,,,,880.0,,,AV,IVE,EHZ,,60.0163,-153.0185,1173.0,IRIS,4.0019540000000005,1.0,,,True,EHZ,100.0,True,26.630986103404197,True
56,"Umbrella Glacier, Iliamna",2004-09-08 10:19:03,2004-09-08 10:20:01,60.0272,-153.0867,rock and ice avalanche,,,,,130000.0,100000.0,150000.0,,,,880.0,,,AV,ILS,EHZ,,59.957,-153.0703,1125.0,IRIS,7.8948144,1.0,,,True,EHZ,100.0,True,17.972993414722843,True
56,"Umbrella Glacier, Iliamna",2004-09-08 10:19:03,2004-09-08 10:20:01,60.0272,-153.0867,rock and ice avalanche,,,,,130000.0,100000.0,150000.0,,,,880.0,,,AV,OPT,EHZ,,59.6526,-153.2321,602.0,IRIS,42.629994,1.0,,,True,EHZ,100.0,True,3.5045506517942755,True
56,"Umbrella Glacier, Iliamna",2004-09-08 10:19:03,2004-09-08 10:20:01,60.0272,-153.0867,rock and ice avalanche,,,,,130000.0,100000.0,150000.0,,,,880.0,,,AV,RSO,EHZ,,60.4616,-152.756,1921.0,IRIS,51.8795728,1.0,,,True,EHZ,100.0,True,4.732004213338783,True
57,"Lateral Glacier, Iliamna",2004-09-10 11:36:15,2004-09-10 11:38:49,60.0359,-153.0789,rock and ice avalanche,,,,,5000000.0,4000000.0,6000000.0,,,,1750.0,,,AV,INE,EHZ,,60.0599,-153.0644,1634.0,IRIS,2.8008112,1.0,,,True,EHZ,100.0,True,13.0708465914278,True
57,"Lateral Glacier, Iliamna",2004-09-10 11:36:15,2004-09-10 11:38:49,60.0359,-153.0789,rock and ice avalanche,,,,,5000000.0,4000000.0,6000000.0,,,,1750.0,,,AV,IVS,EHZ,,60.0086,-153.083,2332.0,IRIS,3.0579604,1.0,,,True,EHZ,100.0,True,7.50346830431332,True
57,"Lateral Glacier, Iliamna",2004-09-10 11:36:15,2004-09-10 11:38:49,60.0359,-153.0789,rock and ice avalanche,,,,,5000000.0,4000000.0,6000000.0,,,,1750.0,,,AV,IVE,EHZ,,60.0163,-153.0185,1173.0,IRIS,4.024218,1.0,,,True,EHZ,100.0,True,11.406896440777912,True
57,"Lateral Glacier, Iliamna",2004-09-10 11:36:15,2004-09-10 11:38:49,60.0359,-153.0789,rock and ice avalanche,,,,,5000000.0,4000000.0,6000000.0,,,,1750.0,,,AV,ILW,EHZ,,60.0592,-153.1392,1646.0,IRIS,4.2568768,1.0,,,True,EHZ,100.0,True,6.846413802349672,False
57,"Lateral Glacier, Iliamna",2004-09-10 11:36:15,2004-09-10 11:38:49,60.0359,-153.0789,rock and ice avalanche,,,,,5000000.0,4000000.0,6000000.0,,,,1750.0,,,AV,ILI,EHZ,,60.0807,-152.9606,771.0,IRIS,8.287773999999999,1.0,,,True,EHZ,100.0,True,7.737004621631892,True
57,"Lateral Glacier, Iliamna",2004-09-10 11:36:15,2004-09-10 11:38:49,60.0359,-153.0789,rock and ice avalanche,,,,,5000000.0,4000000.0,6000000.0,,,,1750.0,,,AV,ILS,EHZ,,59.957,-153.0703,1125.0,IRIS,8.8254496,1.0,,,True,EHZ,100.0,True,9.34132796800722,True
57,"Lateral Glacier, Iliamna",2004-09-10 11:36:15,2004-09-10 11:38:49,60.0359,-153.0789,rock and ice avalanche,,,,,5000000.0,4000000.0,6000000.0,,,,1750.0,,,AV,OPT,EHZ,,59.6526,-153.2321,602.0,IRIS,43.6674964,1.0,,,True,EHZ,100.0,True,5.81202973303361,False
57,"Lateral Glacier, Iliamna",2004-09-10 11:36:15,2004-09-10 11:38:49,60.0359,-153.0789,rock and ice avalanche,,,,,5000000.0,4000000.0,6000000.0,,,,1750.0,,,AV,RED,EHZ,,60.4196,-152.7742,1071.0,IRIS,46.0798008,1.0,,,True,EHZ,100.0,True,4.197805114394977,False
57,"Lateral Glacier, Iliamna",2004-09-10 11:36:15,2004-09-10 11:38:49,60.0359,-153.0789,rock and ice avalanche,,,,,5000000.0,4000000.0,6000000.0,,,,1750.0,,,AV,RSO,EHZ,,60.4616,-152.756,1921.0,IRIS,50.81758,1.0,,,True,EHZ,100.0,True,5.900307001966096,False
57,"Lateral Glacier, Iliamna",2004-09-10 11:36:15,2004-09-10 11:38:49,60.0359,-153.0789,rock and ice avalanche,,,,,5000000.0,4000000.0,6000000.0,,,,1750.0,,,AV,REF,EHZ,,60.4888,-152.694,1641.0,IRIS,54.9130428,1.0,,,True,EHZ,100.0,True,6.196077069993058,False
58,Oso secondary,2014-03-22 17:41:51,2014-03-22 17:44:28,48.2866,-121.85026,debris fall,,,,,50000.0,10000.0,1245000.0,,,,70.0,,,UW,JCW,EHZ,,48.19533,-121.92746,792.0,IRIS,11.657,1.0,,,True,EHZ,100.0,True,25.605174020390887,True
58,Oso secondary,2014-03-22 17:41:51,2014-03-22 17:44:28,48.2866,-121.85026,debris fall,,,,,50000.0,10000.0,1245000.0,,,,70.0,,,TA,B05D,BHZ,,48.2641,-122.096,153.0,IRIS,18.411,1.0,0.0,,True,BHZ,40.0,True,10.682809394243057,True
58,Oso secondary,2014-03-22 17:41:51,2014-03-22 17:44:28,48.2866,-121.85026,debris fall,,,,,50000.0,10000.0,1245000.0,,,,70.0,,,UW,CMW,EHZ,,48.42352,-122.12026,1190.0,IRIS,25.144,1.0,,,True,EHZ,100.0,True,15.9001340710121,True
58,Oso secondary,2014-03-22 17:41:51,2014-03-22 17:44:28,48.2866,-121.85026,debris fall,,,,,50000.0,10000.0,1245000.0,,,,70.0,,,UW,MRBL,HHZ,,48.5183,-121.4845,75.0,IRIS,37.38,1.0,1.0,,True,HHZ,100.0,True,3.4749916334735023,False
58,Oso secondary,2014-03-22 17:41:51,2014-03-22 17:44:28,48.2866,-121.85026,debris fall,,,,,50000.0,10000.0,1245000.0,,,,70.0,,,UW,HTW,EHZ,,47.80377,-121.76887,833.0,IRIS,54.028,1.0,,,True,EHZ,100.0,True,5.828648138271994,False
58,Oso secondary,2014-03-22 17:41:51,2014-03-22 17:44:28,48.2866,-121.85026,debris fall,,,,,50000.0,10000.0,1245000.0,,,,70.0,,,UW,MBW,EHZ,,48.78384,-121.90093,1676.0,IRIS,55.42,1.0,,,True,EHZ,100.0,True,6.326061704714703,True
58,Oso secondary,2014-03-22 17:41:51,2014-03-22 17:44:28,48.2866,-121.85026,debris fall,,,,,50000.0,10000.0,1245000.0,,,,70.0,,,UW,GPW,EHZ,,48.11789,-121.13788,2354.0,IRIS,56.178,1.0,,,True,EHZ,100.0,True,6.452242542791216,True
58,Oso secondary,2014-03-22 17:41:51,2014-03-22 17:44:28,48.2866,-121.85026,debris fall,,,,,50000.0,10000.0,1245000.0,,,,70.0,,,UW,TOLT,BHZ,,47.6947,-121.6895,541.0,IRIS,66.898,1.0,1.0,,True,BHZ,40.0,True,3.5499389786838424,False
58,Oso secondary,2014-03-22 17:41:51,2014-03-22 17:44:28,48.2866,-121.85026,debris fall,,,,,50000.0,10000.0,1245000.0,,,,70.0,,,TA,A04D,BHZ,,48.7201,-122.7063,13.0,IRIS,79.531,0.0,1.0,,True,BHZ,40.0,True,3.072835792706341,False
58,Oso secondary,2014-03-22 17:41:51,2014-03-22 17:44:28,48.2866,-121.85026,debris fall,,,,,50000.0,10000.0,1245000.0,,,,70.0,,,UW,BLN,EHZ,,48.00717,-122.97313,585.0,IRIS,89.145,1.0,,,True,EHZ,100.0,True,5.119857248894436,False
59,Taan Fjord,2015-10-18 05:18:36,2015-10-18 05:22:43,60.173741,-141.182179,rock avalanche,1700000.0,480000.0,440000.0,680000.0,76000000.0,72000000.0,78000000.0,180000000000.0,150000000000.0,,,720.0,,AK,RKAV,BHZ,,60.2994,-141.3478,1647.0,IRIS,16.739,1.0,1.0,,True,BHZ,50.0,True,8.582797408660706,True
59,Taan Fjord,2015-10-18 05:18:36,2015-10-18 05:22:43,60.173741,-141.182179,rock avalanche,1700000.0,480000.0,440000.0,680000.0,76000000.0,72000000.0,78000000.0,180000000000.0,150000000000.0,,,720.0,,AK,SAMH,BHZ,,60.1294,-140.7828,1140.0,IRIS,22.727,1.0,1.0,,True,BHZ,50.0,True,6.835532208884879,True
59,Taan Fjord,2015-10-18 05:18:36,2015-10-18 05:22:43,60.173741,-141.182179,rock avalanche,1700000.0,480000.0,440000.0,680000.0,76000000.0,72000000.0,78000000.0,180000000000.0,150000000000.0,,,720.0,,AK,TABL,BHZ,,60.4399,-141.1443,2050.0,IRIS,29.729,1.0,1.0,,True,BHZ,50.0,True,9.064751435589876,True
59,Taan Fjord,2015-10-18 05:18:36,2015-10-18 05:22:43,60.173741,-141.182179,rock avalanche,1700000.0,480000.0,440000.0,680000.0,76000000.0,72000000.0,78000000.0,180000000000.0,150000000000.0,,,720.0,,AK,YAH,BHZ,,60.3583,-141.751,2125.0,IRIS,37.605,1.0,1.0,,True,BHZ,50.0,True,7.126777155123839,True
59,Taan Fjord,2015-10-18 05:18:36,2015-10-18 05:22:43,60.173741,-141.182179,rock avalanche,1700000.0,480000.0,440000.0,680000.0,76000000.0,72000000.0,78000000.0,180000000000.0,150000000000.0,,,720.0,,AK,MESA,BHZ,,60.1785,-141.9505,1919.0,IRIS,42.647,1.0,1.0,,True,BHZ,50.0,True,6.1271238931891,False
59,Taan Fjord,2015-10-18 05:18:36,2015-10-18 05:22:43,60.173741,-141.182179,rock avalanche,1700000.0,480000.0,440000.0,680000.0,76000000.0,72000000.0,78000000.0,180000000000.0,150000000000.0,,,720.0,,AK,BAGL,BHZ,,60.4896,-142.0915,1470.0,IRIS,61.332,1.0,1.0,,True,BHZ,50.0,True,7.208790873012484,True
59,Taan Fjord,2015-10-18 05:18:36,2015-10-18 05:22:43,60.173741,-141.182179,rock avalanche,1700000.0,480000.0,440000.0,680000.0,76000000.0,72000000.0,78000000.0,180000000000.0,150000000000.0,,,720.0,,AK,GRNC,BHZ,,60.7315,-141.7558,2116.0,IRIS,69.704,1.0,1.0,,True,BHZ,50.0,True,6.671450284409009,False
59,Taan Fjord,2015-10-18 05:18:36,2015-10-18 05:22:43,60.173741,-141.182179,rock avalanche,1700000.0,480000.0,440000.0,680000.0,76000000.0,72000000.0,78000000.0,180000000000.0,150000000000.0,,,720.0,,AK,LOGN,BHZ,,60.824,-141.0048,1663.1,IRIS,73.105,1.0,1.0,,True,BHZ,50.0,True,6.071732600536342,False
59,Taan Fjord,2015-10-18 05:18:36,2015-10-18 05:22:43,60.173741,-141.182179,rock avalanche,1700000.0,480000.0,440000.0,680000.0,76000000.0,72000000.0,78000000.0,180000000000.0,150000000000.0,,,720.0,,AK,CYK,BHZ,,60.0823,-142.4872,23.0,IRIS,73.249,1.0,1.0,,True,BHZ,50.0,True,4.32013208138223,False
59,Taan Fjord,2015-10-18 05:18:36,2015-10-18 05:22:43,60.173741,-141.182179,rock avalanche,1700000.0,480000.0,440000.0,680000.0,76000000.0,72000000.0,78000000.0,180000000000.0,150000000000.0,,,720.0,,AK,BARK,BHZ,,60.403,-142.4931,1389.6,IRIS,76.878,1.0,1.0,,True,BHZ,50.0,True,6.383554485449397,False
60,Mount Shasta,2015-03-31 01:20:14,2015-03-31 01:21:10,41.374987,-122.154568,landslide,37000.0,6500.0,5000.0,8000.0,27000.0,,,,,,200.0,190.0,210.0,NC,LGB,EHZ,02,41.334183,-122.187706,1952.0,NCEDC,5.461,1.0,,,True,EHZ,100.0,True,13.511877502011403,True
60,Mount Shasta,2015-03-31 01:20:14,2015-03-31 01:21:10,41.374987,-122.154568,landslide,37000.0,6500.0,5000.0,8000.0,27000.0,,,,,,200.0,190.0,210.0,NC,LMC,HHZ,,41.274158,-122.121971,1062.0,NCEDC,11.613,1.0,,,True,HHZ,100.0,True,9.030072904024257,True
60,Mount Shasta,2015-03-31 01:20:14,2015-03-31 01:21:10,41.374987,-122.154568,landslide,37000.0,6500.0,5000.0,8000.0,27000.0,,,,,,200.0,190.0,210.0,NC,LMP,EHZ,,41.487965,-122.154762,1860.0,NCEDC,12.435,1.0,,,True,EHZ,100.0,True,6.332738304265184,False
60,Mount Shasta,2015-03-31 01:20:14,2015-03-31 01:21:10,41.374987,-122.154568,landslide,37000.0,6500.0,5000.0,8000.0,27000.0,,,,,,200.0,190.0,210.0,NC,LBO,EHZ,,41.4921,-122.24427,1544.0,NCEDC,14.965,1.0,,,True,EHZ,100.0,True,6.441044152207774,False
60,Mount Shasta,2015-03-31 01:20:14,2015-03-31 01:21:10,41.374987,-122.154568,landslide,37000.0,6500.0,5000.0,8000.0,27000.0,,,,,,200.0,190.0,210.0,NC,LBF,EHZ,,41.347065,-121.890976,1961.0,NCEDC,22.191,1.0,,,True,EHZ,100.0,True,6.486884732502579,False
60,Mount Shasta,2015-03-31 01:20:14,2015-03-31 01:21:10,41.374987,-122.154568,landslide,37000.0,6500.0,5000.0,8000.0,27000.0,,,,,,200.0,190.0,210.0,NC,LHE,EHZ,02,41.628582,-122.231636,2117.0,NCEDC,28.803,1.0,,,True,EHZ,100.0,True,6.4871445031897546,True
60,Mount Shasta,2015-03-31 01:20:14,2015-03-31 01:21:10,41.374987,-122.154568,landslide,37000.0,6500.0,5000.0,8000.0,27000.0,,,,,,200.0,190.0,210.0,PB,B039,EHZ,,41.4667,-122.4847,923.9,IRIS,29.471,1.0,,,True,EHZ,100.0,True,5.65294557398431,False
60,Mount Shasta,2015-03-31 01:20:14,2015-03-31 01:21:10,41.374987,-122.154568,landslide,37000.0,6500.0,5000.0,8000.0,27000.0,,,,,,200.0,190.0,210.0,NC,LSR,EHZ,,41.106956,-122.270615,1524.0,NCEDC,31.454,1.0,,,True,EHZ,100.0,True,6.67318155777979,True
60,Mount Shasta,2015-03-31 01:20:14,2015-03-31 01:21:10,41.374987,-122.154568,landslide,37000.0,6500.0,5000.0,8000.0,27000.0,,,,,,200.0,190.0,210.0,NC,LPK,EHZ,,41.455257,-122.543716,1880.0,NCEDC,33.799,1.0,,,True,EHZ,100.0,True,8.998253816318902,True
60,Mount Shasta,2015-03-31 01:20:14,2015-03-31 01:21:10,41.374987,-122.154568,landslide,37000.0,6500.0,5000.0,8000.0,27000.0,,,,,,200.0,190.0,210.0,NC,LGM,EHZ,,41.599316,-121.836304,1607.0,NCEDC,36.281,1.0,,,True,EHZ,100.0,True,4.352197864348247,False
62,Mount Rainier,2010-06-05 11:34:48,2010-06-05 11:36:16,46.8483,-121.7456,snow avalanche,,,,,18000.0,10000.0,29000.0,5400000.0,3000000.0,8700000.0,350.0,250.0,450.0,UW,RCM,EHZ,,46.83564,-121.73298,3085.0,IRIS,1.705,1.0,,,True,EHZ,100.0,True,7.618016244299052,True
62,Mount Rainier,2010-06-05 11:34:48,2010-06-05 11:36:16,46.8483,-121.7456,snow avalanche,,,,,18000.0,10000.0,29000.0,5400000.0,3000000.0,8700000.0,350.0,250.0,450.0,UW,RCS,EHZ,,46.87083,-121.73231,2877.0,IRIS,2.702,1.0,,,True,EHZ,100.0,True,7.6105766940943615,True
62,Mount Rainier,2010-06-05 11:34:48,2010-06-05 11:36:16,46.8483,-121.7456,snow avalanche,,,,,18000.0,10000.0,29000.0,5400000.0,3000000.0,8700000.0,350.0,250.0,450.0,UW,STAR,EHZ,,46.85085,-121.79295,3365.0,IRIS,3.622,1.0,,,True,EHZ,100.0,True,6.790913591313508,True
63,Redoubt 5,2009-03-26 16:38:17,2009-03-26 17:23:04,60.49044,-152.76269,"lahar, explosions",,,,,8800000.0,2000000.0,15000000.0,,,,2400.0,2200.0,2600.0,AV,RD01,BHZ,,60.4883,-152.7046,1830.0,sac,3.202,1.0,,,False,,,False,0.0,False
63,Redoubt 5,2009-03-26 16:38:17,2009-03-26 17:23:04,60.49044,-152.76269,"lahar, explosions",,,,,8800000.0,2000000.0,15000000.0,,,,2400.0,2200.0,2600.0,AV,RDW,BHZ,,60.5208,-152.7376,1401.0,IRIS,3.653,1.0,,,True,BHZ,50.0,True,11.011984540213398,True
63,Redoubt 5,2009-03-26 16:38:17,2009-03-26 17:23:04,60.49044,-152.76269,"lahar, explosions",,,,,8800000.0,2000000.0,15000000.0,,,,2400.0,2200.0,2600.0,AV,RDN,EHZ,,60.5224,-152.7401,1400.0,IRIS,3.771,1.0,,,True,EHZ,100.0,True,5.398874342793548,True
63,Redoubt 5,2009-03-26 16:38:17,2009-03-26 17:23:04,60.49044,-152.76269,"lahar, explosions",,,,,8800000.0,2000000.0,15000000.0,,,,2400.0,2200.0,2600.0,AV,REF,EHZ,,60.4888,-152.694,1641.0,IRIS,3.781,1.0,,,True,EHZ,100.0,True,11.931976383475469,True
63,Redoubt 5,2009-03-26 16:38:17,2009-03-26 17:23:04,60.49044,-152.76269,"lahar, explosions",,,,,8800000.0,2000000.0,15000000.0,,,,2400.0,2200.0,2600.0,AV,RD03,BHZ,,60.4705,-152.8199,1643.0,sac,3.851,1.0,,,False,,,False,0.0,False
63,Redoubt 5,2009-03-26 16:38:17,2009-03-26 17:23:04,60.49044,-152.76269,"lahar, explosions",,,,,8800000.0,2000000.0,15000000.0,,,,2400.0,2200.0,2600.0,AV,RDWB,BHZ,,60.4875,-152.8425,1546.0,IRIS,4.4,1.0,,,True,BHZ,50.0,True,9.567512940143969,True
63,Redoubt 5,2009-03-26 16:38:17,2009-03-26 17:23:04,60.49044,-152.76269,"lahar, explosions",,,,,8800000.0,2000000.0,15000000.0,,,,2400.0,2200.0,2600.0,AV,RED,EHZ,,60.4196,-152.7742,1071.0,IRIS,7.918,1.0,,,True,EHZ,100.0,True,3.783979977086502,False
63,Redoubt 5,2009-03-26 16:38:17,2009-03-26 17:23:04,60.49044,-152.76269,"lahar, explosions",,,,,8800000.0,2000000.0,15000000.0,,,,2400.0,2200.0,2600.0,AV,DFR,EHZ,,60.5913,-152.6882,1090.0,IRIS,11.959,1.0,,,True,EHZ,99.99951171875,True,3.829835802369767,False
63,Redoubt 5,2009-03-26 16:38:17,2009-03-26 17:23:04,60.49044,-152.76269,"lahar, explosions",,,,,8800000.0,2000000.0,15000000.0,,,,2400.0,2200.0,2600.0,AV,NCT,EHZ,,60.5621,-152.9293,1136.0,IRIS,12.143,1.0,,,True,EHZ,99.99951171875,True,4.614656002456788,True
63,Redoubt 5,2009-03-26 16:38:17,2009-03-26 17:23:04,60.49044,-152.76269,"lahar, explosions",,,,,8800000.0,2000000.0,15000000.0,,,,2400.0,2200.0,2600.0,AV,RDT,EHZ,,60.5726,-152.4075,930.0,IRIS,21.543,1.0,,,True,EHZ,99.99951171875,True,4.361536151784955,False
64,Redoubt 6,2009-03-26 17:34:18,2009-03-26 18:30:21,60.49044,-152.76269,"lahar, explosions",,,,,26000000.0,8000000.0,45000000.0,,,,2400.0,2200.0,2600.0,AV,RD01,BHZ,,60.4883,-152.7046,1830.0,sac,3.202,1.0,,,False,,,False,0.0,False
64,Redoubt 6,2009-03-26 17:34:18,2009-03-26 18:30:21,60.49044,-152.76269,"lahar, explosions",,,,,26000000.0,8000000.0,45000000.0,,,,2400.0,2200.0,2600.0,AV,RDW,BHZ,,60.5208,-152.7376,1401.0,IRIS,3.653,1.0,,,True,BHZ,50.0,True,6.73789005181807,False
64,Redoubt 6,2009-03-26 17:34:18,2009-03-26 18:30:21,60.49044,-152.76269,"lahar, explosions",,,,,26000000.0,8000000.0,45000000.0,,,,2400.0,2200.0,2600.0,AV,RDN,EHZ,,60.5224,-152.7401,1400.0,IRIS,3.771,1.0,,,True,EHZ,100.0,True,11.866543814771312,True
64,Redoubt 6,2009-03-26 17:34:18,2009-03-26 18:30:21,60.49044,-152.76269,"lahar, explosions",,,,,26000000.0,8000000.0,45000000.0,,,,2400.0,2200.0,2600.0,AV,REF,EHZ,,60.4888,-152.694,1641.0,IRIS,3.781,1.0,,,True,EHZ,100.0,True,8.312560393198964,True
64,Redoubt 6,2009-03-26 17:34:18,2009-03-26 18:30:21,60.49044,-152.76269,"lahar, explosions",,,,,26000000.0,8000000.0,45000000.0,,,,2400.0,2200.0,2600.0,AV,RD03,BHZ,,60.4705,-152.8199,1643.0,sac,3.851,1.0,,,False,,,False,0.0,False
64,Redoubt 6,2009-03-26 17:34:18,2009-03-26 18:30:21,60.49044,-152.76269,"lahar, explosions",,,,,26000000.0,8000000.0,45000000.0,,,,2400.0,2200.0,2600.0,AV,RDWB,BHZ,,60.4875,-152.8425,1546.0,IRIS,4.4,1.0,,,True,BHZ,50.0,True,8.450712489328218,True
64,Redoubt 6,2009-03-26 17:34:18,2009-03-26 18:30:21,60.49044,-152.76269,"lahar, explosions",,,,,26000000.0,8000000.0,45000000.0,,,,2400.0,2200.0,2600.0,AV,DFR,EHZ,,60.5913,-152.6882,1090.0,IRIS,11.959,1.0,,,True,EHZ,99.99951171875,True,13.845287006233056,True
64,Redoubt 6,2009-03-26 17:34:18,2009-03-26 18:30:21,60.49044,-152.76269,"lahar, explosions",,,,,26000000.0,8000000.0,45000000.0,,,,2400.0,2200.0,2600.0,AV,NCT,EHZ,,60.5621,-152.9293,1136.0,IRIS,12.143,1.0,,,True,EHZ,99.99951171875,True,9.076855578190184,True
64,Redoubt 6,2009-03-26 17:34:18,2009-03-26 18:30:21,60.49044,-152.76269,"lahar, explosions",,,,,26000000.0,8000000.0,45000000.0,,,,2400.0,2200.0,2600.0,AV,RDT,EHZ,,60.5726,-152.4075,930.0,IRIS,21.543,1.0,,,True,EHZ,99.99951171875,True,3.8198682672308713,False
64,Redoubt 6,2009-03-26 17:34:18,2009-03-26 18:30:21,60.49044,-152.76269,"lahar, explosions",,,,,26000000.0,8000000.0,45000000.0,,,,2400.0,2200.0,2600.0,AV,BKG,EHZ,,61.0696,-152.265,1009.0,IRIS,69.998,1.0,,,True,EHZ,99.99951171875,True,4.47777529801081,False
65,Mount Baker,2016-05-25 21:00:13,2016-05-25 21:03:09,48.768802,-121.81419,ice and debris avalanche,870000.0,59000.0,44000.0,87000.0,810000.0,410000.0,1600000.0,,,,1480.0,1450.0,1500.0,UW,MBW,EHZ,,48.78384,-121.90093,1676.0,IRIS,8.393,1.0,,,True,EHZ,100.0,True,10.249493328062488,True
65,Mount Baker,2016-05-25 21:00:13,2016-05-25 21:03:09,48.768802,-121.81419,ice and debris avalanche,870000.0,59000.0,44000.0,87000.0,810000.0,410000.0,1600000.0,,,,1480.0,1450.0,1500.0,UW,SHUK,BHZ,,48.85284,-121.67695,1516.0,IRIS,12.574,1.0,,,True,BHZ,50.0,True,7.13050747598231,True
66,South Twin 2,2005-05-15 14:19:33,2005-05-15 14:26:15,59.981,-153.06354,rock avalanche,,,,,130000.0,86000.0,190000.0,,,,1400.0,1300.0,1460.0,AV,ILS,EHZ,,59.957,-153.0703,1125.0,IRIS,2.7,1.0,,,True,EHZ,100.0,True,18.516779212839285,True
66,South Twin 2,2005-05-15 14:19:33,2005-05-15 14:26:15,59.981,-153.06354,rock avalanche,,,,,130000.0,86000.0,190000.0,,,,1400.0,1300.0,1460.0,AV,IVS,EHZ,,60.0086,-153.083,2332.0,IRIS,3.261,1.0,,,True,EHZ,100.0,True,13.712630483112054,True
66,South Twin 2,2005-05-15 14:19:33,2005-05-15 14:26:15,59.981,-153.06354,rock avalanche,,,,,130000.0,86000.0,190000.0,,,,1400.0,1300.0,1460.0,AV,IVE,EHZ,,60.0163,-153.0185,1173.0,IRIS,4.667,1.0,,,True,EHZ,100.0,True,6.952918087771499,True
66,South Twin 2,2005-05-15 14:19:33,2005-05-15 14:26:15,59.981,-153.06354,rock avalanche,,,,,130000.0,86000.0,190000.0,,,,1400.0,1300.0,1460.0,AV,INE,EHZ,,60.0599,-153.0644,1634.0,IRIS,8.791,1.0,,,True,EHZ,100.0,True,10.920707432385743,True
66,South Twin 2,2005-05-15 14:19:33,2005-05-15 14:26:15,59.981,-153.06354,rock avalanche,,,,,130000.0,86000.0,190000.0,,,,1400.0,1300.0,1460.0,AV,ILW,EHZ,,60.0592,-153.1392,1646.0,IRIS,9.68,1.0,,,True,EHZ,100.0,True,7.888747453464723,True
66,South Twin 2,2005-05-15 14:19:33,2005-05-15 14:26:15,59.981,-153.06354,rock avalanche,,,,,130000.0,86000.0,190000.0,,,,1400.0,1300.0,1460.0,AV,ILI,EHZ,,60.0807,-152.9606,771.0,IRIS,12.503,1.0,,,True,EHZ,100.0,True,6.21512442205014,False
66,South Twin 2,2005-05-15 14:19:33,2005-05-15 14:26:15,59.981,-153.06354,rock avalanche,,,,,130000.0,86000.0,190000.0,,,,1400.0,1300.0,1460.0,AV,OPT,EHZ,,59.6526,-153.2321,602.0,IRIS,37.789,1.0,,,True,EHZ,100.0,True,3.063634849320655,False
66,South Twin 2,2005-05-15 14:19:33,2005-05-15 14:26:15,59.981,-153.06354,rock avalanche,,,,,130000.0,86000.0,190000.0,,,,1400.0,1300.0,1460.0,AV,RED,EHZ,,60.4196,-152.7742,1071.0,IRIS,51.434,1.0,,,True,EHZ,100.0,True,3.347751524340397,False
66,South Twin 2,2005-05-15 14:19:33,2005-05-15 14:26:15,59.981,-153.06354,rock avalanche,,,,,130000.0,86000.0,190000.0,,,,1400.0,1300.0,1460.0,AV,RSO,EHZ,,60.4616,-152.756,1921.0,IRIS,56.194,1.0,,,True,EHZ,99.99967956542967,True,3.0827716955538182,False
67,South Twin 3,2005-05-15 15:48:07,2005-05-15 15:50:06,59.981,-153.06354,rock avalanche,,,,,42000.0,29000.0,63000.0,,,,1400.0,1300.0,1460.0,AV,ILS,EHZ,,59.957,-153.0703,1125.0,IRIS,2.7,1.0,0.0,,True,EHZ,100.0,True,17.278670345724283,True
67,South Twin 3,2005-05-15 15:48:07,2005-05-15 15:50:06,59.981,-153.06354,rock avalanche,,,,,42000.0,29000.0,63000.0,,,,1400.0,1300.0,1460.0,AV,IVS,EHZ,,60.0086,-153.083,2332.0,IRIS,3.261,1.0,0.0,,True,EHZ,100.0,True,15.055506493122513,True
67,South Twin 3,2005-05-15 15:48:07,2005-05-15 15:50:06,59.981,-153.06354,rock avalanche,,,,,42000.0,29000.0,63000.0,,,,1400.0,1300.0,1460.0,AV,IVE,EHZ,,60.0163,-153.0185,1173.0,IRIS,4.667,1.0,0.0,,True,EHZ,100.0,True,6.426981329232853,True
67,South Twin 3,2005-05-15 15:48:07,2005-05-15 15:50:06,59.981,-153.06354,rock avalanche,,,,,42000.0,29000.0,63000.0,,,,1400.0,1300.0,1460.0,AV,INE,EHZ,,60.0599,-153.0644,1634.0,IRIS,8.791,1.0,0.0,,True,EHZ,100.0,True,10.264936428083924,True
67,South Twin 3,2005-05-15 15:48:07,2005-05-15 15:50:06,59.981,-153.06354,rock avalanche,,,,,42000.0,29000.0,63000.0,,,,1400.0,1300.0,1460.0,AV,ILW,EHZ,,60.0592,-153.1392,1646.0,IRIS,9.68,1.0,0.0,,True,EHZ,100.0,True,6.7570803611574135,True
67,South Twin 3,2005-05-15 15:48:07,2005-05-15 15:50:06,59.981,-153.06354,rock avalanche,,,,,42000.0,29000.0,63000.0,,,,1400.0,1300.0,1460.0,AV,ILI,EHZ,,60.0807,-152.9606,771.0,IRIS,12.503,1.0,0.0,,True,EHZ,100.0,True,3.783173523623581,False
67,South Twin 3,2005-05-15 15:48:07,2005-05-15 15:50:06,59.981,-153.06354,rock avalanche,,,,,42000.0,29000.0,63000.0,,,,1400.0,1300.0,1460.0,AV,AUL,BHZ,,59.3816,-153.4379,360.0,IRIS,70.028,,1.0,,True,EHZ,100.0,True,3.2838073118722866,False
67,South Twin 3,2005-05-15 15:48:07,2005-05-15 15:50:06,59.981,-153.06354,rock avalanche,,,,,42000.0,29000.0,63000.0,,,,1400.0,1300.0,1460.0,AV,SPCG,BHZ,,61.2913,-152.0228,1329.0,IRIS,156.709,,1.0,,True,BHZ,50.0,True,7.119513252624391,False
68,South Twin 4,2005-05-15 15:51:48,2005-05-15 15:53:01,59.981,-153.06354,rock avalanche,,,,,37000.0,25000.0,56000.0,,,,1400.0,1300.0,1460.0,AV,ILS,EHZ,,59.957,-153.0703,1125.0,IRIS,2.7,1.0,,,True,EHZ,100.0,True,20.030111789916383,True
68,South Twin 4,2005-05-15 15:51:48,2005-05-15 15:53:01,59.981,-153.06354,rock avalanche,,,,,37000.0,25000.0,56000.0,,,,1400.0,1300.0,1460.0,AV,IVS,EHZ,,60.0086,-153.083,2332.0,IRIS,3.261,1.0,,,True,EHZ,100.0,True,16.39317355382364,True
68,South Twin 4,2005-05-15 15:51:48,2005-05-15 15:53:01,59.981,-153.06354,rock avalanche,,,,,37000.0,25000.0,56000.0,,,,1400.0,1300.0,1460.0,AV,IVE,EHZ,,60.0163,-153.0185,1173.0,IRIS,4.667,1.0,,,True,EHZ,100.0,True,8.145243395171521,True
68,South Twin 4,2005-05-15 15:51:48,2005-05-15 15:53:01,59.981,-153.06354,rock avalanche,,,,,37000.0,25000.0,56000.0,,,,1400.0,1300.0,1460.0,AV,INE,EHZ,,60.0599,-153.0644,1634.0,IRIS,8.791,1.0,,,True,EHZ,100.0,True,9.589441138655108,True
68,South Twin 4,2005-05-15 15:51:48,2005-05-15 15:53:01,59.981,-153.06354,rock avalanche,,,,,37000.0,25000.0,56000.0,,,,1400.0,1300.0,1460.0,AV,ILW,EHZ,,60.0592,-153.1392,1646.0,IRIS,9.68,1.0,,,True,EHZ,100.0,True,6.378809961269161,True
68,South Twin 4,2005-05-15 15:51:48,2005-05-15 15:53:01,59.981,-153.06354,rock avalanche,,,,,37000.0,25000.0,56000.0,,,,1400.0,1300.0,1460.0,AV,ILI,EHZ,,60.0807,-152.9606,771.0,IRIS,12.503,1.0,,,True,EHZ,100.0,True,4.176335775035801,False
68,South Twin 4,2005-05-15 15:51:48,2005-05-15 15:53:01,59.981,-153.06354,rock avalanche,,,,,37000.0,25000.0,56000.0,,,,1400.0,1300.0,1460.0,AV,RED,EHZ,,60.4196,-152.7742,1071.0,IRIS,51.434,1.0,,,True,EHZ,100.0,True,3.2235506301824945,False
68,South Twin 4,2005-05-15 15:51:48,2005-05-15 15:53:01,59.981,-153.06354,rock avalanche,,,,,37000.0,25000.0,56000.0,,,,1400.0,1300.0,1460.0,AV,AUR,EHZ,,59.3621,-153.4335,1225.0,IRIS,72.032,1.0,,,True,EHZ,100.0,True,3.710242494368028,False
68,South Twin 4,2005-05-15 15:51:48,2005-05-15 15:53:01,59.981,-153.06354,rock avalanche,,,,,37000.0,25000.0,56000.0,,,,1400.0,1300.0,1460.0,AV,AUH,EHZ,,59.3632,-153.4454,890.0,IRIS,72.112,1.0,,,True,EHZ,100.0,True,3.1367375412073244,False
69,South Twin 5,2005-05-15 16:01:05,2005-05-15 16:02:32,59.981,-153.06354,rock avalanche,,,,,62000.0,42000.0,93000.0,,,,1400.0,1300.0,1460.0,AV,ILS,EHZ,,59.957,-153.0703,1125.0,IRIS,2.7,1.0,,,True,EHZ,100.0,True,14.864110948409657,True
69,South Twin 5,2005-05-15 16:01:05,2005-05-15 16:02:32,59.981,-153.06354,rock avalanche,,,,,62000.0,42000.0,93000.0,,,,1400.0,1300.0,1460.0,AV,IVS,EHZ,,60.0086,-153.083,2332.0,IRIS,3.261,1.0,,,True,EHZ,100.0,True,12.480464122026952,True
69,South Twin 5,2005-05-15 16:01:05,2005-05-15 16:02:32,59.981,-153.06354,rock avalanche,,,,,62000.0,42000.0,93000.0,,,,1400.0,1300.0,1460.0,AV,IVE,EHZ,,60.0163,-153.0185,1173.0,IRIS,4.667,1.0,,,True,EHZ,100.0,True,8.560400149399216,True
69,South Twin 5,2005-05-15 16:01:05,2005-05-15 16:02:32,59.981,-153.06354,rock avalanche,,,,,62000.0,42000.0,93000.0,,,,1400.0,1300.0,1460.0,AV,INE,EHZ,,60.0599,-153.0644,1634.0,IRIS,8.791,1.0,,,True,EHZ,100.0,True,7.579225041793004,True
69,South Twin 5,2005-05-15 16:01:05,2005-05-15 16:02:32,59.981,-153.06354,rock avalanche,,,,,62000.0,42000.0,93000.0,,,,1400.0,1300.0,1460.0,AV,ILW,EHZ,,60.0592,-153.1392,1646.0,IRIS,9.68,1.0,,,True,EHZ,100.0,True,6.841953544047155,True
69,South Twin 5,2005-05-15 16:01:05,2005-05-15 16:02:32,59.981,-153.06354,rock avalanche,,,,,62000.0,42000.0,93000.0,,,,1400.0,1300.0,1460.0,AV,ILI,EHZ,,60.0807,-152.9606,771.0,IRIS,12.503,1.0,,,True,EHZ,100.0,True,4.407100831405566,False
69,South Twin 5,2005-05-15 16:01:05,2005-05-15 16:02:32,59.981,-153.06354,rock avalanche,,,,,62000.0,42000.0,93000.0,,,,1400.0,1300.0,1460.0,AV,OPT,EHZ,,59.6526,-153.2321,602.0,IRIS,37.789,1.0,,,True,EHZ,100.0,True,3.0616622460440137,False
69,South Twin 5,2005-05-15 16:01:05,2005-05-15 16:02:32,59.981,-153.06354,rock avalanche,,,,,62000.0,42000.0,93000.0,,,,1400.0,1300.0,1460.0,AV,RED,EHZ,,60.4196,-152.7742,1071.0,IRIS,51.434,1.0,,,True,EHZ,100.0,True,3.594787101358405,False
70,South Twin 6,2005-05-15 17:07:14,2005-05-15 17:08:12,59.981,-153.06354,rock avalanche,,,,,52000.0,35000.0,77000.0,,,,1400.0,1300.0,1460.0,AV,ILS,EHZ,,59.957,-153.0703,1125.0,IRIS,2.7,1.0,,,True,EHZ,100.0,True,19.04772599073534,True
70,South Twin 6,2005-05-15 17:07:14,2005-05-15 17:08:12,59.981,-153.06354,rock avalanche,,,,,52000.0,35000.0,77000.0,,,,1400.0,1300.0,1460.0,AV,IVS,EHZ,,60.0086,-153.083,2332.0,IRIS,3.261,1.0,,,True,EHZ,100.0,True,14.34170451903055,True
70,South Twin 6,2005-05-15 17:07:14,2005-05-15 17:08:12,59.981,-153.06354,rock avalanche,,,,,52000.0,35000.0,77000.0,,,,1400.0,1300.0,1460.0,AV,IVE,EHZ,,60.0163,-153.0185,1173.0,IRIS,4.667,1.0,,,True,EHZ,100.0,True,8.894957343675575,True
70,South Twin 6,2005-05-15 17:07:14,2005-05-15 17:08:12,59.981,-153.06354,rock avalanche,,,,,52000.0,35000.0,77000.0,,,,1400.0,1300.0,1460.0,AV,INE,EHZ,,60.0599,-153.0644,1634.0,IRIS,8.791,1.0,,,True,EHZ,100.0,True,13.80613990558581,True
70,South Twin 6,2005-05-15 17:07:14,2005-05-15 17:08:12,59.981,-153.06354,rock avalanche,,,,,52000.0,35000.0,77000.0,,,,1400.0,1300.0,1460.0,AV,ILW,EHZ,,60.0592,-153.1392,1646.0,IRIS,9.68,1.0,,,True,EHZ,100.0,True,11.750091652298554,True
70,South Twin 6,2005-05-15 17:07:14,2005-05-15 17:08:12,59.981,-153.06354,rock avalanche,,,,,52000.0,35000.0,77000.0,,,,1400.0,1300.0,1460.0,AV,ILI,EHZ,,60.0807,-152.9606,771.0,IRIS,12.503,1.0,,,True,EHZ,100.0,True,7.697788687401638,False
70,South Twin 6,2005-05-15 17:07:14,2005-05-15 17:08:12,59.981,-153.06354,rock avalanche,,,,,52000.0,35000.0,77000.0,,,,1400.0,1300.0,1460.0,AV,OPT,EHZ,,59.6526,-153.2321,602.0,IRIS,37.789,1.0,,,True,EHZ,100.0,True,3.002906478205972,False
70,South Twin 6,2005-05-15 17:07:14,2005-05-15 17:08:12,59.981,-153.06354,rock avalanche,,,,,52000.0,35000.0,77000.0,,,,1400.0,1300.0,1460.0,AV,RED,EHZ,,60.4196,-152.7742,1071.0,IRIS,51.434,1.0,,,True,EHZ,100.0,True,3.354093212303983,False
71,South Twin 7,2005-05-15 17:11:41,2005-05-15 17:17:07,59.981,-153.06354,rock avalanche,,,,,160000.0,110000.0,250000.0,,,,1400.0,1300.0,1460.0,AV,ILS,EHZ,,59.957,-153.0703,1125.0,IRIS,2.7,1.0,,,True,EHZ,100.0,True,18.52644101311214,True
71,South Twin 7,2005-05-15 17:11:41,2005-05-15 17:17:07,59.981,-153.06354,rock avalanche,,,,,160000.0,110000.0,250000.0,,,,1400.0,1300.0,1460.0,AV,IVS,EHZ,,60.0086,-153.083,2332.0,IRIS,3.261,1.0,,,True,EHZ,100.0,True,13.059763115157818,True
71,South Twin 7,2005-05-15 17:11:41,2005-05-15 17:17:07,59.981,-153.06354,rock avalanche,,,,,160000.0,110000.0,250000.0,,,,1400.0,1300.0,1460.0,AV,IVE,EHZ,,60.0163,-153.0185,1173.0,IRIS,4.667,1.0,,,True,EHZ,100.0,True,8.345406758522017,False
71,South Twin 7,2005-05-15 17:11:41,2005-05-15 17:17:07,59.981,-153.06354,rock avalanche,,,,,160000.0,110000.0,250000.0,,,,1400.0,1300.0,1460.0,AV,INE,EHZ,,60.0599,-153.0644,1634.0,IRIS,8.791,1.0,,,True,EHZ,100.0,True,10.67081511057068,True
71,South Twin 7,2005-05-15 17:11:41,2005-05-15 17:17:07,59.981,-153.06354,rock avalanche,,,,,160000.0,110000.0,250000.0,,,,1400.0,1300.0,1460.0,AV,ILW,EHZ,,60.0592,-153.1392,1646.0,IRIS,9.68,1.0,,,True,EHZ,100.0,True,9.57318948368939,True
71,South Twin 7,2005-05-15 17:11:41,2005-05-15 17:17:07,59.981,-153.06354,rock avalanche,,,,,160000.0,110000.0,250000.0,,,,1400.0,1300.0,1460.0,AV,ILI,EHZ,,60.0807,-152.9606,771.0,IRIS,12.503,1.0,,,True,EHZ,100.0,True,8.915496948710803,True
71,South Twin 7,2005-05-15 17:11:41,2005-05-15 17:17:07,59.981,-153.06354,rock avalanche,,,,,160000.0,110000.0,250000.0,,,,1400.0,1300.0,1460.0,AV,OPT,EHZ,,59.6526,-153.2321,602.0,IRIS,37.789,1.0,,,True,EHZ,100.0,True,3.3347249465478064,False
71,South Twin 7,2005-05-15 17:11:41,2005-05-15 17:17:07,59.981,-153.06354,rock avalanche,,,,,160000.0,110000.0,250000.0,,,,1400.0,1300.0,1460.0,AV,RED,EHZ,,60.4196,-152.7742,1071.0,IRIS,51.434,1.0,,,True,EHZ,100.0,True,3.846577971226563,False
71,South Twin 7,2005-05-15 17:11:41,2005-05-15 17:17:07,59.981,-153.06354,rock avalanche,,,,,160000.0,110000.0,250000.0,,,,1400.0,1300.0,1460.0,AV,RSO,EHZ,,60.4616,-152.756,1921.0,IRIS,56.194,1.0,,,True,EHZ,99.99967956542967,True,3.66513650870776,False
71,South Twin 7,2005-05-15 17:11:41,2005-05-15 17:17:07,59.981,-153.06354,rock avalanche,,,,,160000.0,110000.0,250000.0,,,,1400.0,1300.0,1460.0,AV,REF,EHZ,,60.4888,-152.694,1641.0,IRIS,60.168,1.0,,,True,EHZ,100.0,True,3.467271009990902,False
72,South Twin 8,2005-05-15 18:15:25,2005-05-15 18:16:18,59.981,-153.06354,rock avalanche,,,,,44000.0,30000.0,66000.0,,,,1400.0,1300.0,1460.0,AV,ILS,EHZ,,59.957,-153.0703,1125.0,IRIS,2.7,1.0,,,True,EHZ,100.0,True,18.62341285593164,True
72,South Twin 8,2005-05-15 18:15:25,2005-05-15 18:16:18,59.981,-153.06354,rock avalanche,,,,,44000.0,30000.0,66000.0,,,,1400.0,1300.0,1460.0,AV,IVS,EHZ,,60.0086,-153.083,2332.0,IRIS,3.261,1.0,,,True,EHZ,100.0,True,17.096628880126854,True
72,South Twin 8,2005-05-15 18:15:25,2005-05-15 18:16:18,59.981,-153.06354,rock avalanche,,,,,44000.0,30000.0,66000.0,,,,1400.0,1300.0,1460.0,AV,IVE,EHZ,,60.0163,-153.0185,1173.0,IRIS,4.667,1.0,,,True,EHZ,100.0,True,8.673592748044769,True
72,South Twin 8,2005-05-15 18:15:25,2005-05-15 18:16:18,59.981,-153.06354,rock avalanche,,,,,44000.0,30000.0,66000.0,,,,1400.0,1300.0,1460.0,AV,INE,EHZ,,60.0599,-153.0644,1634.0,IRIS,8.791,1.0,,,True,EHZ,100.0,True,10.175920578212777,True
72,South Twin 8,2005-05-15 18:15:25,2005-05-15 18:16:18,59.981,-153.06354,rock avalanche,,,,,44000.0,30000.0,66000.0,,,,1400.0,1300.0,1460.0,AV,ILW,EHZ,,60.0592,-153.1392,1646.0,IRIS,9.68,1.0,,,True,EHZ,100.0,True,8.261206048584427,True
72,South Twin 8,2005-05-15 18:15:25,2005-05-15 18:16:18,59.981,-153.06354,rock avalanche,,,,,44000.0,30000.0,66000.0,,,,1400.0,1300.0,1460.0,AV,ILI,EHZ,,60.0807,-152.9606,771.0,IRIS,12.503,1.0,,,True,EHZ,100.0,True,4.548933078398258,False
72,South Twin 8,2005-05-15 18:15:25,2005-05-15 18:16:18,59.981,-153.06354,rock avalanche,,,,,44000.0,30000.0,66000.0,,,,1400.0,1300.0,1460.0,AV,OPT,EHZ,,59.6526,-153.2321,602.0,IRIS,37.789,1.0,,,True,EHZ,100.0,True,3.1540133518465945,False
72,South Twin 8,2005-05-15 18:15:25,2005-05-15 18:16:18,59.981,-153.06354,rock avalanche,,,,,44000.0,30000.0,66000.0,,,,1400.0,1300.0,1460.0,AV,RED,EHZ,,60.4196,-152.7742,1071.0,IRIS,51.434,1.0,,,True,EHZ,100.0,True,3.351759507366554,False
74,Ahwiyah Point,2009-03-28 12:26:01,2009-03-28 12:28:04,37.752119,-119.541054,rock avalanche,120000.0,22000.0,,57000.0,46700.0,,,,,,560.0,,,NC,MMI,EHZ,,37.419617,-119.743813,1288.0,NCEDC,41.02,1.0,,,True,EHZ,100.0,True,22.68632030533287,False
74,Ahwiyah Point,2009-03-28 12:26:01,2009-03-28 12:28:04,37.752119,-119.541054,rock avalanche,120000.0,22000.0,,57000.0,46700.0,,,,,,560.0,,,NC,MPR,EHZ,,37.80431,-120.014099,1386.0,NCEDC,42.074,1.0,,,True,EHZ,100.0,True,16.081878706817655,False
74,Ahwiyah Point,2009-03-28 12:26:01,2009-03-28 12:28:04,37.752119,-119.541054,rock avalanche,120000.0,22000.0,,57000.0,46700.0,,,,,,560.0,,,NC,MDPB,HHZ,,37.632267,-119.079353,2360.0,NCEDC,42.839,1.0,,,True,HHZ,100.0,True,29.575018886605545,True
74,Ahwiyah Point,2009-03-28 12:26:01,2009-03-28 12:28:04,37.752119,-119.541054,rock avalanche,120000.0,22000.0,,57000.0,46700.0,,,,,,560.0,,,NC,MDC,EHZ,2.0,37.70969,-119.041862,2493.0,NCEDC,44.256,1.0,,,True,EHZ,100.0,True,27.44879841004161,True
74,Ahwiyah Point,2009-03-28 12:26:01,2009-03-28 12:28:04,37.752119,-119.541054,rock avalanche,120000.0,22000.0,,57000.0,46700.0,,,,,,560.0,,,NC,MMS,EHZ,,37.630375,-119.031746,3324.0,NCEDC,46.909,1.0,,,True,EHZ,100.0,True,23.156470452382436,True
74,Ahwiyah Point,2009-03-28 12:26:01,2009-03-28 12:28:04,37.752119,-119.541054,rock avalanche,120000.0,22000.0,,57000.0,46700.0,,,,,,560.0,,,NC,MMP,EHZ,,37.609707,-119.028702,2818.0,NCEDC,47.88,1.0,,,True,EHZ,100.0,True,26.77368092869226,True
74,Ahwiyah Point,2009-03-28 12:26:01,2009-03-28 12:28:04,37.752119,-119.541054,rock avalanche,120000.0,22000.0,,57000.0,46700.0,,,,,,560.0,,,NC,MMLB,HHZ,,37.659092,-118.979065,2656.0,NCEDC,50.622,1.0,,,True,HHZ,100.0,True,26.928893739522778,True
74,Ahwiyah Point,2009-03-28 12:26:01,2009-03-28 12:28:04,37.752119,-119.541054,rock avalanche,120000.0,22000.0,,57000.0,46700.0,,,,,,560.0,,,BK,KCC,HHZ,0.0,37.32363,-119.3187,888.1,NCEDC,51.457,1.0,,,True,HHZ,80.0,True,20.22203928736472,False
74,Ahwiyah Point,2009-03-28 12:26:01,2009-03-28 12:28:04,37.752119,-119.541054,rock avalanche,120000.0,22000.0,,57000.0,46700.0,,,,,,560.0,,,BK,KCC,BHZ,0.0,37.32363,-119.3187,888.1,NCEDC,51.457,1.0,,,True,HHZ,80.0,True,20.22203928736472,False
74,Ahwiyah Point,2009-03-28 12:26:01,2009-03-28 12:28:04,37.752119,-119.541054,rock avalanche,120000.0,22000.0,,57000.0,46700.0,,,,,,560.0,,,NC,MMT,EHZ,,37.376038,-119.179619,2714.0,NCEDC,52.554,1.0,,,True,EHZ,100.0,True,16.98438330355911,False
75,"Red Glacier, Iliamna",2016-05-22 07:57:34,2016-05-22 08:01:35,60.0277,-153.0749,rock and ice avalanche,8600000.0,460000.0,460000.0,720000.0,16000000.0,7800000.0,41000000.0,,,,1700.0,,,AV,ILSW,BHZ,,59.9832,-153.1425,1318.0,IRIS,9.354,1.0,1.0,,True,BHZ,50.0,True,11.711106790806388,True
75,"Red Glacier, Iliamna",2016-05-22 07:57:34,2016-05-22 08:01:35,60.0277,-153.0749,rock and ice avalanche,8600000.0,460000.0,460000.0,720000.0,16000000.0,7800000.0,41000000.0,,,,1700.0,,,TA,O20K,BHZ,,60.0815,-152.624,915.0,IRIS,21.584,1.0,1.0,,True,BHZ,40.0,True,7.87002840087229,True
75,"Red Glacier, Iliamna",2016-05-22 07:57:34,2016-05-22 08:01:35,60.0277,-153.0749,rock and ice avalanche,8600000.0,460000.0,460000.0,720000.0,16000000.0,7800000.0,41000000.0,,,,1700.0,,,AV,OPT,EHZ,,59.6526,-153.2321,602.0,IRIS,42.94,1.0,,,True,EHZ,100.0,True,5.432995031134309,False
75,"Red Glacier, Iliamna",2016-05-22 07:57:34,2016-05-22 08:01:35,60.0277,-153.0749,rock and ice avalanche,8600000.0,460000.0,460000.0,720000.0,16000000.0,7800000.0,41000000.0,,,,1700.0,,,AV,RED,BHZ,,60.4196,-152.7742,1071.0,IRIS,46.288,1.0,0.0,,True,EHZ,100.0,True,3.5221445440540933,False
75,"Red Glacier, Iliamna",2016-05-22 07:57:34,2016-05-22 08:01:35,60.0277,-153.0749,rock and ice avalanche,8600000.0,460000.0,460000.0,720000.0,16000000.0,7800000.0,41000000.0,,,,1700.0,,,AV,RSO,EHZ,,60.4616,-152.756,1921.0,IRIS,51.067,1.0,,,True,EHZ,100.0,True,5.257892631230962,False
75,"Red Glacier, Iliamna",2016-05-22 07:57:34,2016-05-22 08:01:35,60.0277,-153.0749,rock and ice avalanche,8600000.0,460000.0,460000.0,720000.0,16000000.0,7800000.0,41000000.0,,,,1700.0,,,AV,RDWB,BHZ,,60.4875,-152.8425,1546.0,IRIS,52.914,1.0,0.0,,True,BHZ,50.0,True,5.788397929594897,True
75,"Red Glacier, Iliamna",2016-05-22 07:57:34,2016-05-22 08:01:35,60.0277,-153.0749,rock and ice avalanche,8600000.0,460000.0,460000.0,720000.0,16000000.0,7800000.0,41000000.0,,,,1700.0,,,ZE,HARR,HHZ,,60.3969,-152.2424,68.0,IRIS,59.15,0.0,1.0,,True,HHZ,100.0,True,3.0713011573575173,False
75,"Red Glacier, Iliamna",2016-05-22 07:57:34,2016-05-22 08:01:35,60.0277,-153.0749,rock and ice avalanche,8600000.0,460000.0,460000.0,720000.0,16000000.0,7800000.0,41000000.0,,,,1700.0,,,AV,NCT,BHZ,,60.5621,-152.9293,1136.0,IRIS,60.683,1.0,0.0,,True,EHZ,100.0,True,6.98788354066062,True
75,"Red Glacier, Iliamna",2016-05-22 07:57:34,2016-05-22 08:01:35,60.0277,-153.0749,rock and ice avalanche,8600000.0,460000.0,460000.0,720000.0,16000000.0,7800000.0,41000000.0,,,,1700.0,,,ZE,KALS,HHZ,,60.3604,-152.0732,32.0,IRIS,63.57,0.0,1.0,,True,HHZ,100.0,True,3.1532628867364942,False
75,"Red Glacier, Iliamna",2016-05-22 07:57:34,2016-05-22 08:01:35,60.0277,-153.0749,rock and ice avalanche,8600000.0,460000.0,460000.0,720000.0,16000000.0,7800000.0,41000000.0,,,,1700.0,,,AV,RDJH,BHZ,,60.5905,-152.8058,1414.0,IRIS,64.564,1.0,0.0,,True,BHZ,50.0,True,5.708704153092002,True
76,Mount Baker,2013-10-21 22:11:50,2013-10-21 22:15:07,48.7675,-121.813,ice and snow avalanche,,,,,,,,,,,,,,UW,MBW,EHZ,,48.78384,-121.90093,1676.0,IRIS,6.713,1.0,,,True,EHZ,100.0,True,34.54855835528931,True
76,Mount Baker,2013-10-21 22:11:50,2013-10-21 22:15:07,48.7675,-121.813,ice and snow avalanche,,,,,,,,,,,,,,UW,SHUK,BHZ,,48.85284,-121.67695,1516.0,IRIS,13.781,1.0,,,True,BHZ,50.0,True,15.285254519039173,True
77,Mount Baker,2006-07-25 22:13:20,2006-07-25 22:15:14,48.7683,-121.8131,ice and debris avalanche,,,,,,,,,,,,,,UW,MBW,EHZ,,48.78384,-121.90093,1676.0,IRIS,6.683,1.0,,,True,EHZ,100.0,True,13.048414199343526,True
78,Mount St Helens,2014-05-14 21:44:09,2014-05-14 21:47:17,46.1979,-122.1687,snow avalanche,,,,,,,,,,,,,,UW,EDM,EHZ,,46.19717,-122.15121,1609.0,IRIS,1.352,1.0,,,True,EHZ,100.0,True,6.329855145574922,False
78,Mount St Helens,2014-05-14 21:44:09,2014-05-14 21:47:17,46.1979,-122.1687,snow avalanche,,,,,,,,,,,,,,CC,SEP,EHZ,,46.20021,-122.1906,2116.0,IRIS,1.71,1.0,,,True,EHZ,50.0,True,7.759243408813674,True
78,Mount St Helens,2014-05-14 21:44:09,2014-05-14 21:47:17,46.1979,-122.1687,snow avalanche,,,,,,,,,,,,,,CC,SUG,EHZ,,46.21555,-122.17626,1859.0,IRIS,2.047,1.0,,,True,EHZ,50.0,True,9.037341654939553,True
78,Mount St Helens,2014-05-14 21:44:09,2014-05-14 21:47:17,46.1979,-122.1687,snow avalanche,,,,,,,,,,,,,,UW,HSR,EHZ,,46.17428,-122.18065,1720.0,IRIS,2.783,1.0,,,True,EHZ,100.0,True,7.5171943450375345,True
78,Mount St Helens,2014-05-14 21:44:09,2014-05-14 21:47:17,46.1979,-122.1687,snow avalanche,,,,,,,,,,,,,,CC,SWF2,BHZ,,46.17835,-122.21677,1548.0,IRIS,4.3,1.0,,,True,BHZ,50.0,True,7.157979556124362,True
78,Mount St Helens,2014-05-14 21:44:09,2014-05-14 21:47:17,46.1979,-122.1687,snow avalanche,,,,,,,,,,,,,,UW,SHW,EHZ,,46.19347,-122.23635,1425.0,IRIS,5.245,1.0,,,True,EHZ,100.0,True,5.371479950854996,False
78,Mount St Helens,2014-05-14 21:44:09,2014-05-14 21:47:17,46.1979,-122.1687,snow avalanche,,,,,,,,,,,,,,UW,SOS,EHZ,,46.24386,-122.13787,1270.0,IRIS,5.635,1.0,,,True,EHZ,100.0,True,6.8426104510054975,False
78,Mount St Helens,2014-05-14 21:44:09,2014-05-14 21:47:17,46.1979,-122.1687,snow avalanche,,,,,,,,,,,,,,UW,JUN,EHZ,,46.14706,-122.15243,1049.0,IRIS,5.789,1.0,,,True,EHZ,100.0,True,6.765471171424921,False
78,Mount St Helens,2014-05-14 21:44:09,2014-05-14 21:47:17,46.1979,-122.1687,snow avalanche,,,,,,,,,,,,,,CC,STD,BHZ,,46.23761,-122.22396,1268.0,IRIS,6.137,1.0,,,True,BHZ,50.0,True,5.203251637751123,False
78,Mount St Helens,2014-05-14 21:44:09,2014-05-14 21:47:17,46.1979,-122.1687,snow avalanche,,,,,,,,,,,,,,PB,B204,EHZ,,46.136,-122.169,784.2,IRIS,6.881,1.0,,,True,EHZ,100.0,True,7.083768771168196,True
79,Mount St Helens,2014-05-15 01:47:41,2014-05-15 01:56:07,46.1934,-122.1759,snow avalanche,,,,,,,,,,,,,,CC,SEP,EHZ,,46.20021,-122.1906,2116.0,IRIS,1.364,1.0,,,True,EHZ,50.0,True,5.636913583813733,True
79,Mount St Helens,2014-05-15 01:47:41,2014-05-15 01:56:07,46.1934,-122.1759,snow avalanche,,,,,,,,,,,,,,UW,EDM,EHZ,,46.19717,-122.15121,1609.0,IRIS,1.951,1.0,,,True,EHZ,100.0,True,4.310028963164656,False
79,Mount St Helens,2014-05-15 01:47:41,2014-05-15 01:56:07,46.1934,-122.1759,snow avalanche,,,,,,,,,,,,,,UW,HSR,EHZ,,46.17428,-122.18065,1720.0,IRIS,2.157,1.0,,,True,EHZ,100.0,True,6.043249486611111,True
79,Mount St Helens,2014-05-15 01:47:41,2014-05-15 01:56:07,46.1934,-122.1759,snow avalanche,,,,,,,,,,,,,,CC,SUG,EHZ,,46.21555,-122.17626,1859.0,IRIS,2.462,1.0,,,True,EHZ,50.0,True,5.803552046622511,True
79,Mount St Helens,2014-05-15 01:47:41,2014-05-15 01:56:07,46.1934,-122.1759,snow avalanche,,,,,,,,,,,,,,CC,SWF2,BHZ,,46.17835,-122.21677,1548.0,IRIS,3.571,1.0,,,True,BHZ,50.0,True,5.777734793883203,True
79,Mount St Helens,2014-05-15 01:47:41,2014-05-15 01:56:07,46.1934,-122.1759,snow avalanche,,,,,,,,,,,,,,UW,SHW,EHZ,,46.19347,-122.23635,1425.0,IRIS,4.666,1.0,,,True,EHZ,100.0,True,5.1521991676266365,False
79,Mount St Helens,2014-05-15 01:47:41,2014-05-15 01:56:07,46.1934,-122.1759,snow avalanche,,,,,,,,,,,,,,CC,STD,BHZ,,46.23761,-122.22396,1268.0,IRIS,6.156,1.0,,,True,BHZ,50.0,True,4.193781027770523,False
79,Mount St Helens,2014-05-15 01:47:41,2014-05-15 01:56:07,46.1934,-122.1759,snow avalanche,,,,,,,,,,,,,,UW,SOS,EHZ,,46.24386,-122.13787,1270.0,IRIS,6.33,1.0,,,True,EHZ,100.0,True,4.605508495499642,False
79,Mount St Helens,2014-05-15 01:47:41,2014-05-15 01:56:07,46.1934,-122.1759,snow avalanche,,,,,,,,,,,,,,PB,B204,EHZ,,46.136,-122.169,784.2,IRIS,6.402,1.0,,,True,EHZ,100.0,True,5.16286822341501,True
79,Mount St Helens,2014-05-15 01:47:41,2014-05-15 01:56:07,46.1934,-122.1759,snow avalanche,,,,,,,,,,,,,,CC,JRO,BHZ,,46.2751,-122.217798,1280.0,IRIS,9.639,1.0,,,True,BHZ,50.0,True,3.811422400817365,False
80,Mount St Helens,2011-03-10 09:11:44,2011-03-10 09:15:08,46.199321,-122.175472,"snow avalanche, wet slide",,,,,,,,,,,1430.0,,,CC,SEP,EHZ,,46.20021,-122.1906,2116.0,IRIS,1.172,1.0,,,True,EHZ,100.0,True,8.913665039054738,True
80,Mount St Helens,2011-03-10 09:11:44,2011-03-10 09:15:08,46.199321,-122.175472,"snow avalanche, wet slide",,,,,,,,,,,1430.0,,,CC,SUG,EHZ,,46.21555,-122.17626,1859.0,IRIS,1.805,1.0,,,True,EHZ,100.0,True,9.902165820840082,True
80,Mount St Helens,2011-03-10 09:11:44,2011-03-10 09:15:08,46.199321,-122.175472,"snow avalanche, wet slide",,,,,,,,,,,1430.0,,,CC,VALT,BHZ,,46.21422,-122.18925,1681.0,IRIS,1.968,1.0,,,True,BHZ,50.0,True,9.399760989490485,True
80,Mount St Helens,2011-03-10 09:11:44,2011-03-10 09:15:08,46.199321,-122.175472,"snow avalanche, wet slide",,,,,,,,,,,1430.0,,,CC,SWFL,BHZ,,46.18867,-122.20203,2268.0,IRIS,2.367,1.0,,,True,BHZ,50.0,True,7.07243518675334,False
80,Mount St Helens,2011-03-10 09:11:44,2011-03-10 09:15:08,46.199321,-122.175472,"snow avalanche, wet slide",,,,,,,,,,,1430.0,,,UW,HSR,EHZ,,46.17428,-122.18065,1720.0,IRIS,2.812,1.0,,,True,EHZ,100.0,True,8.560063034851192,True
80,Mount St Helens,2011-03-10 09:11:44,2011-03-10 09:15:08,46.199321,-122.175472,"snow avalanche, wet slide",,,,,,,,,,,1430.0,,,UW,SHW,EHZ,,46.19347,-122.23635,1425.0,IRIS,4.744,1.0,,,True,EHZ,100.0,True,8.633396546743235,True
80,Mount St Helens,2011-03-10 09:11:44,2011-03-10 09:15:08,46.199321,-122.175472,"snow avalanche, wet slide",,,,,,,,,,,1430.0,,,CC,STD,BHZ,,46.23761,-122.22396,1268.0,IRIS,5.667,1.0,,,True,BHZ,50.0,True,6.101619117525384,False
80,Mount St Helens,2011-03-10 09:11:44,2011-03-10 09:15:08,46.199321,-122.175472,"snow avalanche, wet slide",,,,,,,,,,,1430.0,,,UW,SOS,EHZ,,46.24386,-122.13787,1270.0,IRIS,5.738,1.0,,,True,EHZ,100.0,True,6.805072069368794,False
80,Mount St Helens,2011-03-10 09:11:44,2011-03-10 09:15:08,46.199321,-122.175472,"snow avalanche, wet slide",,,,,,,,,,,1430.0,,,UW,JUN,EHZ,,46.14706,-122.15243,1049.0,IRIS,6.075,1.0,,,True,EHZ,100.0,True,6.160417317492515,False
80,Mount St Helens,2011-03-10 09:11:44,2011-03-10 09:15:08,46.199321,-122.175472,"snow avalanche, wet slide",,,,,,,,,,,1430.0,,,PB,B204,EHZ,,46.136,-122.169,784.2,IRIS,7.056,1.0,,,True,EHZ,100.0,True,8.042523564406435,False
81,Lamplugh Glacier main,2016-06-28 16:20:48,2016-06-28 16:26:04,58.77918,-136.88827,rock avalanche,22000000.0,2600000.0,1900000.0,4000000.0,64900000.0,51700000.0,68600000.0,141000000000.0,134000000000.0,,1620.0,1500.0,,CN,PLBC,HHZ,,59.455,-136.3659,279.0,IRIS,81.012,1.0,1.0,,True,HHZ,100.0,True,17.031796550488362,True
81,Lamplugh Glacier main,2016-06-28 16:20:48,2016-06-28 16:26:04,58.77918,-136.88827,rock avalanche,22000000.0,2600000.0,1900000.0,4000000.0,64900000.0,51700000.0,68600000.0,141000000000.0,134000000000.0,,1620.0,1500.0,,AT,SKAG,BHZ,,59.4601,-135.32897,134.0,IRIS,117.169,1.0,1.0,,True,BHZ,50.0,True,10.54432520948411,False
81,Lamplugh Glacier main,2016-06-28 16:20:48,2016-06-28 16:26:04,58.77918,-136.88827,rock avalanche,22000000.0,2600000.0,1900000.0,4000000.0,64900000.0,51700000.0,68600000.0,141000000000.0,134000000000.0,,1620.0,1500.0,,AK,BESE,BHZ,,58.5792,-134.8559,867.0,IRIS,119.977,1.0,1.0,,True,BHZ,50.0,True,14.258747297501516,True
81,Lamplugh Glacier main,2016-06-28 16:20:48,2016-06-28 16:26:04,58.77918,-136.88827,rock avalanche,22000000.0,2600000.0,1900000.0,4000000.0,64900000.0,51700000.0,68600000.0,141000000000.0,134000000000.0,,1620.0,1500.0,,TA,P30M,BHZ,,60.1218,-136.9598,883.0,IRIS,149.627,1.0,1.0,,True,BHZ,40.0,True,15.53278528808077,True
81,Lamplugh Glacier main,2016-06-28 16:20:48,2016-06-28 16:26:04,58.77918,-136.88827,rock avalanche,22000000.0,2600000.0,1900000.0,4000000.0,64900000.0,51700000.0,68600000.0,141000000000.0,134000000000.0,,1620.0,1500.0,,AK,JIS,BHZ,,58.2758,-134.3848,10.0,IRIS,156.248,1.0,1.0,,True,BHZ,50.0,True,13.156934875959385,True
81,Lamplugh Glacier main,2016-06-28 16:20:48,2016-06-28 16:26:04,58.77918,-136.88827,rock avalanche,22000000.0,2600000.0,1900000.0,4000000.0,64900000.0,51700000.0,68600000.0,141000000000.0,134000000000.0,,1620.0,1500.0,,AK,PNL,BHZ,,59.6659,-139.4036,477.0,IRIS,174.305,1.0,1.0,,True,BHZ,50.0,True,13.602086678291217,True
81,Lamplugh Glacier main,2016-06-28 16:20:48,2016-06-28 16:26:04,58.77918,-136.88827,rock avalanche,22000000.0,2600000.0,1900000.0,4000000.0,64900000.0,51700000.0,68600000.0,141000000000.0,134000000000.0,,1620.0,1500.0,,AT,YKU2,BHZ,,59.5121,-139.67104,10.1,IRIS,178.953,0.0,1.0,,True,BHZ,50.0,True,5.186911654980111,False
82,Mount Rainier,2014-02-25 13:39:24,2014-02-25 13:43:28,46.8372,-121.7507,ice avalanche,,,,,,,,,,,,,,UW,RCM,EHZ,,46.83564,-121.73298,3085.0,IRIS,1.363,1.0,,,True,EHZ,100.0,True,17.175267901888795,True
82,Mount Rainier,2014-02-25 13:39:24,2014-02-25 13:43:28,46.8372,-121.7507,ice avalanche,,,,,,,,,,,,,,UW,STAR,EHZ,,46.85085,-121.79295,3365.0,IRIS,3.562,1.0,,,True,EHZ,100.0,True,15.443872722534524,True
82,Mount Rainier,2014-02-25 13:39:24,2014-02-25 13:43:28,46.8372,-121.7507,ice avalanche,,,,,,,,,,,,,,UW,RCS,EHZ,,46.87083,-121.73231,2877.0,IRIS,3.993,1.0,,,True,EHZ,100.0,True,14.92408179324707,True
82,Mount Rainier,2014-02-25 13:39:24,2014-02-25 13:43:28,46.8372,-121.7507,ice avalanche,,,,,,,,,,,,,,UW,RER,EHZ,,46.81905,-121.84213,1756.0,IRIS,7.262,1.0,,,True,EHZ,100.0,True,11.561352247806242,True
82,Mount Rainier,2014-02-25 13:39:24,2014-02-25 13:43:28,46.8372,-121.7507,ice avalanche,,,,,,,,,,,,,,CC,OBSR,BHZ,,46.89972,-121.81533,2382.0,IRIS,8.52,1.0,,,True,BHZ,50.0,True,12.260113842748204,True
82,Mount Rainier,2014-02-25 13:39:24,2014-02-25 13:43:28,46.8372,-121.7507,ice avalanche,,,,,,,,,,,,,,CC,PANH,BHZ,,46.859,-121.64261,2109.0,IRIS,8.593,1.0,,,True,BHZ,50.0,True,10.617706093102298,False
82,Mount Rainier,2014-02-25 13:39:24,2014-02-25 13:43:28,46.8372,-121.7507,ice avalanche,,,,,,,,,,,,,,UW,LON,BHZ,,46.7506,-121.8096,853.0,IRIS,10.626,1.0,,,True,BHZ,40.0,True,10.065419877414666,False
82,Mount Rainier,2014-02-25 13:39:24,2014-02-25 13:43:28,46.8372,-121.7507,ice avalanche,,,,,,,,,,,,,,UW,LO2,EHZ,,46.7506,-121.8096,853.0,IRIS,10.626,1.0,,,True,EHZ,100.0,True,9.775326948532443,False
82,Mount Rainier,2014-02-25 13:39:24,2014-02-25 13:43:28,46.8372,-121.7507,ice avalanche,,,,,,,,,,,,,,UW,FMW,EHZ,,46.94139,-121.67101,1859.0,IRIS,13.078,1.0,,,True,EHZ,100.0,True,10.031313365929364,False
83,Nisqually 1,2011-06-24 16:40:54,2011-06-24 16:44:59,46.844618,-121.752262,"rock fall, rock and ice avalanche",,,,,68000.0,49000.0,96000.0,,,,,,,UW,RCM,EHZ,,46.83564,-121.732979,3085.0,IRIS,0.925,1.0,,,True,EHZ,100.0,True,16.898322871004336,False
83,Nisqually 1,2011-06-24 16:40:54,2011-06-24 16:44:59,46.844618,-121.752262,"rock fall, rock and ice avalanche",,,,,68000.0,49000.0,96000.0,,,,,,,UW,STAR,EHZ,,46.850849,-121.792953,3365.0,IRIS,4.207,1.0,,,True,EHZ,100.0,True,24.293107186529525,True
83,Nisqually 1,2011-06-24 16:40:54,2011-06-24 16:44:59,46.844618,-121.752262,"rock fall, rock and ice avalanche",,,,,68000.0,49000.0,96000.0,,,,,,,UW,RCS,EHZ,,46.87083,-121.73231,2877.0,IRIS,4.319,1.0,,,True,EHZ,100.0,True,34.12308356513936,True
83,Nisqually 1,2011-06-24 16:40:54,2011-06-24 16:44:59,46.844618,-121.752262,"rock fall, rock and ice avalanche",,,,,68000.0,49000.0,96000.0,,,,,,,CC,PANH,BHZ,,46.859,-121.64261,2109.0,IRIS,8.29,1.0,,,True,BHZ,50.0,True,21.56051879862903,True
83,Nisqually 1,2011-06-24 16:40:54,2011-06-24 16:44:59,46.844618,-121.752262,"rock fall, rock and ice avalanche",,,,,68000.0,49000.0,96000.0,,,,,,,CC,OBSR,BHZ,,46.899719,-121.815331,2382.0,IRIS,9.19,1.0,,,True,BHZ,50.0,True,25.5923252653342,True
83,Nisqually 1,2011-06-24 16:40:54,2011-06-24 16:44:59,46.844618,-121.752262,"rock fall, rock and ice avalanche",,,,,68000.0,49000.0,96000.0,,,,,,,UW,LON,BHZ,,46.7506,-121.8096,853.0,IRIS,10.413,1.0,,,True,BHZ,50.0,True,18.10261380207201,True
83,Nisqually 1,2011-06-24 16:40:54,2011-06-24 16:44:59,46.844618,-121.752262,"rock fall, rock and ice avalanche",,,,,68000.0,49000.0,96000.0,,,,,,,UW,LO2,EHZ,,46.7506,-121.8096,853.0,IRIS,10.413,1.0,,,True,EHZ,100.0,True,17.585514362982178,False
83,Nisqually 1,2011-06-24 16:40:54,2011-06-24 16:44:59,46.844618,-121.752262,"rock fall, rock and ice avalanche",,,,,68000.0,49000.0,96000.0,,,,,,,UW,FMW,EHZ,,46.94139,-121.67101,1859.0,IRIS,13.297,1.0,,,True,EHZ,100.0,True,15.69729355762032,False
83,Nisqually 1,2011-06-24 16:40:54,2011-06-24 16:44:59,46.844618,-121.752262,"rock fall, rock and ice avalanche",,,,,68000.0,49000.0,96000.0,,,,,,,UW,NAC,EHZ,,46.73301,-120.82485,728.0,IRIS,71.093,1.0,,,True,EHZ,100.0,True,3.732445011402686,False
83,Nisqually 1,2011-06-24 16:40:54,2011-06-24 16:44:59,46.844618,-121.752262,"rock fall, rock and ice avalanche",,,,,68000.0,49000.0,96000.0,,,,,,,UW,ASR,EHZ,,46.15259,-121.60164,1357.0,IRIS,76.412,1.0,,,True,EHZ,100.0,True,3.6091540957634862,False
85,Middle Brother,2000-02-22 16:34:48,2000-02-22 16:37:08,37.7389,-119.6143,rock fall,,,,,17477.0,,,,,,,,,NC,MPR,EHZ,,37.80431,-120.014099,1386.0,NCEDC,35.964,1.0,,,True,EHZ,100.0,True,13.044002898860514,True
85,Middle Brother,2000-02-22 16:34:48,2000-02-22 16:37:08,37.7389,-119.6143,rock fall,,,,,17477.0,,,,,,,,,NC,MMI,EHZ,,37.419617,-119.743813,1288.0,NCEDC,37.238,1.0,,,True,EHZ,100.0,True,6.772892597423475,False
85,Middle Brother,2000-02-22 16:34:48,2000-02-22 16:37:08,37.7389,-119.6143,rock fall,,,,,17477.0,,,,,,,,,NC,MDP,EHZ,,37.632462,-119.07972,2315.0,NCEDC,48.61,1.0,,,True,EHZ,100.0,True,5.117028900391671,False
85,Middle Brother,2000-02-22 16:34:48,2000-02-22 16:37:08,37.7389,-119.6143,rock fall,,,,,17477.0,,,,,,,,,NC,MDC,EHZ,02,37.70969,-119.041862,2493.0,NCEDC,50.57,1.0,,,True,EHZ,100.0,True,8.199284203976616,True
85,Middle Brother,2000-02-22 16:34:48,2000-02-22 16:37:08,37.7389,-119.6143,rock fall,,,,,17477.0,,,,,,,,,NC,MRD,EHZ,02,37.59779,-119.058701,2657.0,NCEDC,51.46,1.0,,,True,EHZ,100.0,True,5.28144583887055,False
85,Middle Brother,2000-02-22 16:34:48,2000-02-22 16:37:08,37.7389,-119.6143,rock fall,,,,,17477.0,,,,,,,,,BK,KCC,BHZ,00,37.32363,-119.3187,888.1,NCEDC,52.98,1.0,,,True,BHZ,20.0,True,11.843471350167194,True
85,Middle Brother,2000-02-22 16:34:48,2000-02-22 16:37:08,37.7389,-119.6143,rock fall,,,,,17477.0,,,,,,,,,NC,MMP,EHZ,,37.609707,-119.028702,2818.0,NCEDC,53.614,1.0,,,True,EHZ,100.0,True,6.858638523702089,True
85,Middle Brother,2000-02-22 16:34:48,2000-02-22 16:37:08,37.7389,-119.6143,rock fall,,,,,17477.0,,,,,,,,,NC,MLK,EHZ,,37.664082,-118.976524,2644.0,NCEDC,56.853,1.0,,,True,EHZ,100.0,True,4.27115562728974,False
85,Middle Brother,2000-02-22 16:34:48,2000-02-22 16:37:08,37.7389,-119.6143,rock fall,,,,,17477.0,,,,,,,,,NC,MEM,EHZ,,37.666042,-118.939774,2473.0,NCEDC,60.031,1.0,,,True,EHZ,100.0,True,6.513364677642697,False
85,Middle Brother,2000-02-22 16:34:48,2000-02-22 16:37:08,37.7389,-119.6143,rock fall,,,,,17477.0,,,,,,,,,NC,MLR,EHZ,,38.091385,-120.162529,1349.0,NCEDC,62.086,1.0,,,True,EHZ,100.0,True,9.72243070529039,True
87,Middle Brother,2007-12-19 00:00:21,2007-12-19 00:01:34,37.7389,-119.6143,rock fall,,,,,30.0,,,,,,,,,NC,MMI,EHZ,,37.419617,-119.743813,1288.0,NCEDC,37.238,1.0,,,True,EHZ,100.0,True,5.439437284171034,True
87,Middle Brother,2007-12-19 00:00:21,2007-12-19 00:01:34,37.7389,-119.6143,rock fall,,,,,30.0,,,,,,,,,NC,MBU,EHZ,,37.559734,-120.075615,1248.0,NCEDC,45.308,1.0,,,True,EHZ,100.0,True,4.207445539295649,True
87,Middle Brother,2007-12-19 00:00:21,2007-12-19 00:01:34,37.7389,-119.6143,rock fall,,,,,30.0,,,,,,,,,NC,MDP,EHZ,,37.632462,-119.07972,2315.0,NCEDC,48.61,1.0,,,True,EHZ,100.0,True,3.7892041570404857,True
87,Middle Brother,2007-12-19 00:00:21,2007-12-19 00:01:34,37.7389,-119.6143,rock fall,,,,,30.0,,,,,,,,,NC,MDC,EHZ,02,37.70969,-119.041862,2493.0,NCEDC,50.57,1.0,,,True,EHZ,100.0,True,3.024965607143084,False
87,Middle Brother,2007-12-19 00:00:21,2007-12-19 00:01:34,37.7389,-119.6143,rock fall,,,,,30.0,,,,,,,,,NC,MRD,EHZ,02,37.59779,-119.058701,2657.0,NCEDC,51.46,1.0,,,True,EHZ,100.0,True,3.660672265615261,False
87,Middle Brother,2007-12-19 00:00:21,2007-12-19 00:01:34,37.7389,-119.6143,rock fall,,,,,30.0,,,,,,,,,BK,KCC,BHZ,00,37.32363,-119.3187,888.1,NCEDC,52.98,1.0,,,True,HHZ,80.0,True,3.714664471923129,True
87,Middle Brother,2007-12-19 00:00:21,2007-12-19 00:01:34,37.7389,-119.6143,rock fall,,,,,30.0,,,,,,,,,BK,KCC,HHZ,00,37.32363,-119.3187,888.1,NCEDC,52.98,1.0,,,True,HHZ,80.0,True,3.714664471923129,True
87,Middle Brother,2007-12-19 00:00:21,2007-12-19 00:01:34,37.7389,-119.6143,rock fall,,,,,30.0,,,,,,,,,NC,MMP,EHZ,,37.609707,-119.028702,2818.0,NCEDC,53.614,1.0,,,True,EHZ,100.0,True,3.4306800779541566,False
87,Middle Brother,2007-12-19 00:00:21,2007-12-19 00:01:34,37.7389,-119.6143,rock fall,,,,,30.0,,,,,,,,,NC,MMT,EHZ,,37.376038,-119.179619,2714.0,NCEDC,55.651,1.0,,,True,EHZ,100.0,True,3.289008836322929,False
88,Middle Brother,2007-12-19 00:20:34,2007-12-19 00:21:06,37.7389,-119.6143,rock fall,,,,,15.0,,,,,,,,,,,,,,,,,,,,,False,,,False,0.0,False
89,Middle Brother,2007-12-19 01:42:25,2007-12-19 01:43:37,37.7389,-119.6143,rock fall,,,,,10.0,,,,,,,,,,,,,,,,,,,,,False,,,False,0.0,False
90,Middle Brother,2007-12-19 23:28:19,2007-12-19 23:28:35,37.7389,-119.6143,rock fall,,,,,8.0,,,,,,,,,,,,,,,,,,,,,False,,,False,0.0,False
91,Middle Brother,2008-01-05 02:33:10,2008-01-05 02:34:18,37.7389,-119.6143,rock fall,,,,,20.0,,,,,,,,,NC,MDP,EHZ,,37.632462,-119.07972,2315.0,NCEDC,48.61,1.0,,,True,EHZ,100.0,True,9.533053530241975,True
92,Middle Brother,2008-01-08 18:17:03,2008-01-08 18:18:34,37.7389,-119.6143,rock fall,,,,,10.0,,,,,,,,,,,,,,,,,,,,,False,,,False,0.0,False
93,Middle Brother,2008-02-28 23:55:31,2008-02-28 23:55:57,37.7389,-119.6143,rock fall,,,,,15.0,,,,,,,,,,,,,,,,,,,,,False,,,False,0.0,False
94,Middle Brother,2008-12-15 10:24:07,2008-12-15 10:24:41,37.7389,-119.6143,rock fall,,,,,10.0,,,,,,,,,,,,,,,,,,,,,False,,,False,0.0,False
95,Middle Brother,2008-12-21 05:33:16,2008-12-21 05:33:21,37.7389,-119.6143,rock fall,,,,,5.0,,,,,,,,,,,,,,,,,,,,,False,,,False,0.0,False
96,Middle Brother,2009-01-15 05:21:40,2009-01-15 05:22:00,37.7389,-119.6143,rock fall,,,,,5.0,,,,,,,,,,,,,,,,,,,,,False,,,False,0.0,False
97,Eagle Canyon,2009-01-17 21:54:15,2009-01-17 21:54:49,37.7443,-119.6145,rock fall,,,,,200.0,,,,,,,,,,,,,,,,,,,,,False,,,False,0.0,False
98,Redoubt,2015-06-29 02:51:55,2015-06-29 02:57:05,60.4904,-152.7627,rock and ice avalanche,760000.0,,,,1130000.0,760000.0,1500000.0,,,,1372.0,,,AV,RSO,EHZ,,60.4616,-152.756,1921.0,IRIS,3.234,1.0,,,True,EHZ,100.0,True,12.81187068395355,True
98,Redoubt,2015-06-29 02:51:55,2015-06-29 02:57:05,60.4904,-152.7627,rock and ice avalanche,760000.0,,,,1130000.0,760000.0,1500000.0,,,,1372.0,,,AV,RDN,EHZ,,60.5224,-152.7401,1400.0,IRIS,3.771,1.0,,,True,EHZ,100.0,True,13.009708197210797,True
98,Redoubt,2015-06-29 02:51:55,2015-06-29 02:57:05,60.4904,-152.7627,rock and ice avalanche,760000.0,,,,1130000.0,760000.0,1500000.0,,,,1372.0,,,AV,REF,EHZ,,60.4888,-152.694,1641.0,IRIS,3.781,1.0,,,True,EHZ,100.0,True,10.870120712001548,True
98,Redoubt,2015-06-29 02:51:55,2015-06-29 02:57:05,60.4904,-152.7627,rock and ice avalanche,760000.0,,,,1130000.0,760000.0,1500000.0,,,,1372.0,,,AV,RED,BHZ,,60.4196,-152.7742,1071.0,IRIS,7.918,1.0,,,True,EHZ,100.0,True,3.957114693207983,False
98,Redoubt,2015-06-29 02:51:55,2015-06-29 02:57:05,60.4904,-152.7627,rock and ice avalanche,760000.0,,,,1130000.0,760000.0,1500000.0,,,,1372.0,,,AV,RED,EHZ,,60.4196,-152.7742,1071.0,IRIS,7.918,1.0,,,True,EHZ,100.0,True,3.957114693207983,False
98,Redoubt,2015-06-29 02:51:55,2015-06-29 02:57:05,60.4904,-152.7627,rock and ice avalanche,760000.0,,,,1130000.0,760000.0,1500000.0,,,,1372.0,,,AV,RDDF,BHZ,,60.5912,-152.6883,1134.0,IRIS,11.946,1.0,,,True,BHZ,50.0,True,4.535956188756666,False
98,Redoubt,2015-06-29 02:51:55,2015-06-29 02:57:05,60.4904,-152.7627,rock and ice avalanche,760000.0,,,,1130000.0,760000.0,1500000.0,,,,1372.0,,,AV,DFR,EHZ,,60.5913,-152.6882,1090.0,IRIS,11.959,1.0,,,True,EHZ,100.0,True,4.423337330483937,False
98,Redoubt,2015-06-29 02:51:55,2015-06-29 02:57:05,60.4904,-152.7627,rock and ice avalanche,760000.0,,,,1130000.0,760000.0,1500000.0,,,,1372.0,,,AV,NCT,BHZ,,60.5621,-152.9293,1136.0,IRIS,12.143,1.0,,,True,EHZ,100.0,True,4.92442975765412,True
98,Redoubt,2015-06-29 02:51:55,2015-06-29 02:57:05,60.4904,-152.7627,rock and ice avalanche,760000.0,,,,1130000.0,760000.0,1500000.0,,,,1372.0,,,AV,NCT,EHZ,,60.5621,-152.9293,1136.0,IRIS,12.143,1.0,,,True,EHZ,100.0,True,4.92442975765412,True
98,Redoubt,2015-06-29 02:51:55,2015-06-29 02:57:05,60.4904,-152.7627,rock and ice avalanche,760000.0,,,,1130000.0,760000.0,1500000.0,,,,1372.0,,,AV,RDT,EHZ,,60.5726,-152.4075,930.0,IRIS,21.543,1.0,,,True,EHZ,100.0,True,3.349117681323376,False
99,Glacier Point,2008-10-08 13:55:34,2008-10-08 13:57:37,37.7319,-119.5736,rock fall,,,,,4530.0,,,,,,,,,NC,MMI,EHZ,,37.419617,-119.743813,1288.0,NCEDC,37.78,1.0,,,True,EHZ,100.0,True,7.189405383454201,True
99,Glacier Point,2008-10-08 13:55:34,2008-10-08 13:57:37,37.7319,-119.5736,rock fall,,,,,4530.0,,,,,,,,,NC,MPR,EHZ,,37.80431,-120.014099,1386.0,NCEDC,39.635,1.0,,,True,EHZ,100.0,True,6.864743895692466,True
99,Glacier Point,2008-10-08 13:55:34,2008-10-08 13:57:37,37.7319,-119.5736,rock fall,,,,,4530.0,,,,,,,,,NC,MDC,EHZ,02,37.70969,-119.041862,2493.0,NCEDC,46.946,1.0,,,True,EHZ,100.0,True,3.907013887247698,True
99,Glacier Point,2008-10-08 13:55:34,2008-10-08 13:57:37,37.7319,-119.5736,rock fall,,,,,4530.0,,,,,,,,,NC,MBU,EHZ,,37.559734,-120.075615,1248.0,NCEDC,48.249,1.0,,,True,EHZ,100.0,True,3.042331511927319,False
99,Glacier Point,2008-10-08 13:55:34,2008-10-08 13:57:37,37.7319,-119.5736,rock fall,,,,,4530.0,,,,,,,,,NC,MMS,EHZ,,37.630375,-119.031746,3324.0,NCEDC,49.108,1.0,,,True,EHZ,100.0,True,3.9809061949570954,True
99,Glacier Point,2008-10-08 13:55:34,2008-10-08 13:57:37,37.7319,-119.5736,rock fall,,,,,4530.0,,,,,,,,,BK,KCC,HHZ,00,37.32363,-119.3187,888.1,NCEDC,52.98,1.0,,,True,HHZ,80.0,True,3.3778747407836747,False
99,Glacier Point,2008-10-08 13:55:34,2008-10-08 13:57:37,37.7319,-119.5736,rock fall,,,,,4530.0,,,,,,,,,BK,KCC,BHZ,00,37.32363,-119.3187,888.1,NCEDC,52.98,1.0,,,True,HHZ,80.0,True,3.3778747407836747,False
99,Glacier Point,2008-10-08 13:55:34,2008-10-08 13:57:37,37.7319,-119.5736,rock fall,,,,,4530.0,,,,,,,,,NC,MMP,EHZ,,37.609707,-119.028702,2818.0,NCEDC,53.614,1.0,,,True,EHZ,100.0,True,6.199964699394979,True
99,Glacier Point,2008-10-08 13:55:34,2008-10-08 13:57:37,37.7319,-119.5736,rock fall,,,,,4530.0,,,,,,,,,NC,MMT,EHZ,,37.376038,-119.179619,2714.0,NCEDC,55.651,1.0,,,True,EHZ,100.0,True,3.544362817640991,False
99,Glacier Point,2008-10-08 13:55:34,2008-10-08 13:57:37,37.7319,-119.5736,rock fall,,,,,4530.0,,,,,,,,,NC,MMLB,HHZ,,37.659092,-118.979065,2656.0,NCEDC,56.717,1.0,,,True,HHZ,100.0,True,3.3835253294510785,False
102,Half Dome,2006-07-28 01:45:16,2006-07-28 01:46:37,37.749,-119.5432,rock fall,,,,,735.0,,,,,,,,,XE,SNP54,BHZ,01,37.7358,-119.5125,1868.0,IRIS,8.576,1.0,,,True,BHZ,40.0,True,14.003926292320704,True
102,Half Dome,2006-07-28 01:45:16,2006-07-28 01:46:37,37.749,-119.5432,rock fall,,,,,735.0,,,,,,,,,XE,SNP64,BHZ,01,37.8652,-119.6469,2423.0,IRIS,15.485,1.0,,,True,BHZ,40.0,True,9.10404312250086,True
102,Half Dome,2006-07-28 01:45:16,2006-07-28 01:46:37,37.749,-119.5432,rock fall,,,,,735.0,,,,,,,,,XE,SNP63,BHZ,01,37.7227,-119.8067,1906.0,IRIS,17.407,1.0,,,True,BHZ,40.0,True,3.941142433129848,False
102,Half Dome,2006-07-28 01:45:16,2006-07-28 01:46:37,37.749,-119.5432,rock fall,,,,,735.0,,,,,,,,,XE,SNP53,BHZ,01,37.5138,-119.6748,1459.0,IRIS,24.562,1.0,,,True,BHZ,40.0,True,4.430855505163091,False
102,Half Dome,2006-07-28 01:45:16,2006-07-28 01:46:37,37.749,-119.5432,rock fall,,,,,735.0,,,,,,,,,XE,SNP55,BHZ,01,37.8796,-119.3325,1410.0,IRIS,29.571,1.0,,,True,BHZ,40.0,True,5.793965365935287,True
102,Half Dome,2006-07-28 01:45:16,2006-07-28 01:46:37,37.749,-119.5432,rock fall,,,,,735.0,,,,,,,,,TA,S06C,BHZ,,37.8817,-119.8488,1377.0,IRIS,30.674,1.0,,,True,BHZ,40.0,True,4.920169829007572,False
102,Half Dome,2006-07-28 01:45:16,2006-07-28 01:46:37,37.749,-119.5432,rock fall,,,,,735.0,,,,,,,,,XE,SNP65,BHZ,01,38.0002,-119.5108,2918.0,IRIS,31.338,1.0,,,True,BHZ,20.0,True,4.953450311950981,True
102,Half Dome,2006-07-28 01:45:16,2006-07-28 01:46:37,37.749,-119.5432,rock fall,,,,,735.0,,,,,,,,,XE,SNP43,BHZ,01,37.4129,-119.4845,2274.0,IRIS,36.767,1.0,,,True,BHZ,40.0,True,5.701608413948786,True
102,Half Dome,2006-07-28 01:45:16,2006-07-28 01:46:37,37.749,-119.5432,rock fall,,,,,735.0,,,,,,,,,XE,SNP44,BHZ,01,37.5003,-119.2791,2070.0,IRIS,38.655,1.0,,,True,BHZ,40.0,True,4.063551800235516,False
102,Half Dome,2006-07-28 01:45:16,2006-07-28 01:46:37,37.749,-119.5432,rock fall,,,,,735.0,,,,,,,,,XE,SNP74,BHZ,01,37.9854,-119.9318,1684.0,IRIS,40.193,1.0,,,True,BHZ,40.0,True,3.5660785668778026,False
103,Mount Spurr 1,2016-08-16 08:12:40,2016-08-16 08:36:49,61.2259,-152.1687,outburst flood,,,,,,,,,,,,,,AV,CKN,EHZ,,61.2234,-152.1838,735.0,IRIS,0.86,1.0,,,True,EHZ,100.0,True,6.211438471913323,True
103,Mount Spurr 1,2016-08-16 08:12:40,2016-08-16 08:36:49,61.2259,-152.1687,outburst flood,,,,,,,,,,,,,,AV,SPCN,BHZ,,61.2244,-152.1854,735.0,IRIS,0.914,1.0,,,True,BHZ,50.0,True,6.239390351872739,True
103,Mount Spurr 1,2016-08-16 08:12:40,2016-08-16 08:36:49,61.2259,-152.1687,outburst flood,,,,,,,,,,,,,,AV,CRP,EHZ,,61.2664,-152.1578,1622.0,IRIS,4.546,1.0,,,True,EHZ,100.0,True,4.346577376159056,True
103,Mount Spurr 1,2016-08-16 08:12:40,2016-08-16 08:36:49,61.2259,-152.1687,outburst flood,,,,,,,,,,,,,,AV,SPU,EHZ,,61.1811,-152.0566,800.0,IRIS,7.828,1.0,,,True,EHZ,100.0,True,3.294694637835534,True
104,Mount Spurr 2,2016-08-16 10:53:43,2016-08-16 11:08:22,61.2259,-152.1687,outburst flood,,,,,,,,,,,,,,AV,CKN,EHZ,,61.2234,-152.1838,735.0,IRIS,0.86,1.0,,,True,EHZ,100.0,True,5.5628173448400045,True
104,Mount Spurr 2,2016-08-16 10:53:43,2016-08-16 11:08:22,61.2259,-152.1687,outburst flood,,,,,,,,,,,,,,AV,SPCN,BHZ,,61.2244,-152.1854,735.0,IRIS,0.914,1.0,,,True,BHZ,50.0,True,5.68013130754772,True
105,Mount Baker,1977-07-14 04:19:55,1977-07-14 04:21:10,48.773122,-121.81685,ice avalanche,,,,,300000.0,,,,,,220.0,190.0,250.0,,,,,,,,,,,,,False,,,False,0.0,False
106,"Russell Cliff main, Mount Rainier",1989-08-16 17:21:12,1989-08-16 17:30:12,46.8746,-121.7537,"rock fall, debris avalanche",15000.0,,,,300000.0,100000.0,500000.0,,,,2500.0,,,UW,RCS,EHZ,,46.87083,-121.73231,2877.0,IRIS,1.684,1.0,,,True,EHZ,101.013986013986,True,2.776839912533841,False
106,"Russell Cliff main, Mount Rainier",1989-08-16 17:21:12,1989-08-16 17:30:12,46.8746,-121.7537,"rock fall, debris avalanche",15000.0,,,,300000.0,100000.0,500000.0,,,,2500.0,,,UW,RER,EHZ,,46.81905,-121.84213,1756.0,IRIS,9.145,1.0,,,True,EHZ,101.013986013986,True,4.050426764757894,False
106,"Russell Cliff main, Mount Rainier",1989-08-16 17:21:12,1989-08-16 17:30:12,46.8746,-121.7537,"rock fall, debris avalanche",15000.0,,,,300000.0,100000.0,500000.0,,,,2500.0,,,UW,FMW,EHZ,,46.94139,-121.67101,1859.0,IRIS,9.737,1.0,,,True,EHZ,101.013986013986,True,4.837322706803291,True
106,"Russell Cliff main, Mount Rainier",1989-08-16 17:21:12,1989-08-16 17:30:12,46.8746,-121.7537,"rock fall, debris avalanche",15000.0,,,,300000.0,100000.0,500000.0,,,,2500.0,,,UW,LO2,EHZ,,46.7506,-121.8096,853.0,IRIS,14.43,1.0,,,True,EHZ,101.013986013986,True,4.3277990239481,False
106,"Russell Cliff main, Mount Rainier",1989-08-16 17:21:12,1989-08-16 17:30:12,46.8746,-121.7537,"rock fall, debris avalanche",15000.0,,,,300000.0,100000.0,500000.0,,,,2500.0,,,UW,RVC,EHZ,,46.94408,-121.97419,1000.0,IRIS,18.489,1.0,,,True,EHZ,101.013986013986,True,4.264856953026929,False
106,"Russell Cliff main, Mount Rainier",1989-08-16 17:21:12,1989-08-16 17:30:12,46.8746,-121.7537,"rock fall, debris avalanche",15000.0,,,,300000.0,100000.0,500000.0,,,,2500.0,,,UW,WPW,EHZ,,46.69864,-121.53734,1280.0,IRIS,25.604,1.0,,,True,EHZ,101.013986013986,True,5.010246416401245,True
106,"Russell Cliff main, Mount Rainier",1989-08-16 17:21:12,1989-08-16 17:30:12,46.8746,-121.7537,"rock fall, debris avalanche",15000.0,,,,300000.0,100000.0,500000.0,,,,2500.0,,,UW,GSM,EHZ,,47.20299,-121.79572,1305.0,IRIS,36.647,1.0,,,True,EHZ,101.013986013986,True,5.949917948644081,True
106,"Russell Cliff main, Mount Rainier",1989-08-16 17:21:12,1989-08-16 17:30:12,46.8746,-121.7537,"rock fall, debris avalanche",15000.0,,,,300000.0,100000.0,500000.0,,,,2500.0,,,UW,GLK,EHZ,,46.5575,-121.61073,1305.0,IRIS,36.906,1.0,,,True,EHZ,101.013986013986,True,4.626182284018676,False
106,"Russell Cliff main, Mount Rainier",1989-08-16 17:21:12,1989-08-16 17:30:12,46.8746,-121.7537,"rock fall, debris avalanche",15000.0,,,,300000.0,100000.0,500000.0,,,,2500.0,,,UW,LMW,EHZ,,46.66783,-122.29255,1195.0,IRIS,47.141,1.0,,,True,EHZ,101.013986013986,True,5.729796438051791,True
106,"Russell Cliff main, Mount Rainier",1989-08-16 17:21:12,1989-08-16 17:30:12,46.8746,-121.7537,"rock fall, debris avalanche",15000.0,,,,300000.0,100000.0,500000.0,,,,2500.0,,,UW,KOS,EHZ,,46.4628,-122.19602,610.0,IRIS,56.932,1.0,,,True,EHZ,101.013986013986,True,6.4816694456206605,True
107,Oso scarp failure,2014-04-25 22:41:01,2014-04-25 22:41:37,48.286633,-121.850263,debris fall,,,,,800.0,60.0,2600.0,,,,40.0,20.0,60.0,CC,OSO2,EHZ,,48.286648,-121.852756,,IRIS,0.185,1.0,,,True,EHZ,50.0,True,15.309416686830849,True
107,Oso scarp failure,2014-04-25 22:41:01,2014-04-25 22:41:37,48.286633,-121.850263,debris fall,,,,,800.0,60.0,2600.0,,,,40.0,20.0,60.0,CC,OSO3,EHZ,,48.284918,-121.848333,,IRIS,0.238,1.0,,,True,EHZ,50.0,True,13.690671537230829,True
107,Oso scarp failure,2014-04-25 22:41:01,2014-04-25 22:41:37,48.286633,-121.850263,debris fall,,,,,800.0,60.0,2600.0,,,,40.0,20.0,60.0,CC,OSO1,EHZ,,48.283753,-121.854381,,IRIS,0.443,1.0,,,True,EHZ,50.0,True,15.087178456821896,True
107,Oso scarp failure,2014-04-25 22:41:01,2014-04-25 22:41:37,48.286633,-121.850263,debris fall,,,,,800.0,60.0,2600.0,,,,40.0,20.0,60.0,UW,JCW,EHZ,,48.19533,-121.92746,792.0,IRIS,11.66,1.0,,,True,EHZ,100.0,True,7.247278348590996,True
108,Mount Adams,2012-07-25 04:29:56,2012-07-25 04:32:18,46.20175,-121.498624,debris avalanche,510000.0,25000.0,14000.0,32000.0,370000.0,250000.0,550000.0,,,,1200.0,1100.0,1300.0,UW,GUL,EHZ,,45.92401,-121.59675,1189.0,IRIS,30.873,1.0,,,True,EHZ,100.0,True,10.862451839248331,True
108,Mount Adams,2012-07-25 04:29:56,2012-07-25 04:32:18,46.20175,-121.498624,debris avalanche,510000.0,25000.0,14000.0,32000.0,370000.0,250000.0,550000.0,,,,1200.0,1100.0,1300.0,TA,F05D,BHZ,,45.8852,-121.4597,472.0,IRIS,34.519,1.0,0.0,,True,BHZ,40.0,True,9.808565237563418,True
108,Mount Adams,2012-07-25 04:29:56,2012-07-25 04:32:18,46.20175,-121.498624,debris avalanche,510000.0,25000.0,14000.0,32000.0,370000.0,250000.0,550000.0,,,,1200.0,1100.0,1300.0,UW,GLK,EHZ,,46.5575,-121.61073,1305.0,IRIS,41.206,1.0,,,True,EHZ,100.0,True,10.817940634787504,True
108,Mount Adams,2012-07-25 04:29:56,2012-07-25 04:32:18,46.20175,-121.498624,debris avalanche,510000.0,25000.0,14000.0,32000.0,370000.0,250000.0,550000.0,,,,1200.0,1100.0,1300.0,PB,B202,EHZ,,46.2447,-122.1367,1218.6,IRIS,49.115,1.0,,,True,EHZ,100.0,True,6.19437933102304,True
108,Mount Adams,2012-07-25 04:29:56,2012-07-25 04:32:18,46.20175,-121.498624,debris avalanche,510000.0,25000.0,14000.0,32000.0,370000.0,250000.0,550000.0,,,,1200.0,1100.0,1300.0,UW,SOS,EHZ,,46.24386,-122.13787,1270.0,IRIS,49.195,1.0,,,True,EHZ,100.0,True,4.908868115934969,False
108,Mount Adams,2012-07-25 04:29:56,2012-07-25 04:32:18,46.20175,-121.498624,debris avalanche,510000.0,25000.0,14000.0,32000.0,370000.0,250000.0,550000.0,,,,1200.0,1100.0,1300.0,UW,EDM,EHZ,,46.19717,-122.15121,1609.0,IRIS,49.936,1.0,,,True,EHZ,100.0,True,4.415587144886471,False
108,Mount Adams,2012-07-25 04:29:56,2012-07-25 04:32:18,46.20175,-121.498624,debris avalanche,510000.0,25000.0,14000.0,32000.0,370000.0,250000.0,550000.0,,,,1200.0,1100.0,1300.0,PB,B204,EHZ,,46.136,-122.169,784.2,IRIS,51.742,1.0,,,True,EHZ,100.0,True,5.500491508662628,True
108,Mount Adams,2012-07-25 04:29:56,2012-07-25 04:32:18,46.20175,-121.498624,debris avalanche,510000.0,25000.0,14000.0,32000.0,370000.0,250000.0,550000.0,,,,1200.0,1100.0,1300.0,UW,HSR,EHZ,,46.17428,-122.18065,1720.0,IRIS,52.265,1.0,,,True,EHZ,100.0,True,4.091711845411792,False
108,Mount Adams,2012-07-25 04:29:56,2012-07-25 04:32:18,46.20175,-121.498624,debris avalanche,510000.0,25000.0,14000.0,32000.0,370000.0,250000.0,550000.0,,,,1200.0,1100.0,1300.0,UW,AUG,EHZ,,45.73595,-121.68174,865.0,IRIS,52.759,1.0,,,True,EHZ,100.0,True,3.89438331792187,False
108,Mount Adams,2012-07-25 04:29:56,2012-07-25 04:32:18,46.20175,-121.498624,debris avalanche,510000.0,25000.0,14000.0,32000.0,370000.0,250000.0,550000.0,,,,1200.0,1100.0,1300.0,CC,SWFL,BHZ,,46.18867,-122.20203,2268.0,IRIS,53.865,1.0,0.0,,True,BHZ,50.0,True,4.171602044896752,False
110,Mount Sulzer 2,2013-08-22 06:07:56,2013-08-22 06:10:14,61.640185,-141.5603,rock and ice avalanche,,,,,,,,,,,,,,AK,BARN,BHZ,,61.0595,-141.6622,1689.0,IRIS,64.938,1.0,1.0,,True,BHZ,50.0,True,9.529761481810118,True
110,Mount Sulzer 2,2013-08-22 06:07:56,2013-08-22 06:10:14,61.640185,-141.5603,rock and ice avalanche,,,,,,,,,,,,,,AK,PTPK,BHZ,,61.1871,-142.4672,1892.6,IRIS,69.961,1.0,1.0,,True,BHZ,50.0,True,12.823834496401956,True
110,Mount Sulzer 2,2013-08-22 06:07:56,2013-08-22 06:10:14,61.640185,-141.5603,rock and ice avalanche,,,,,,,,,,,,,,AK,BAL,BHZ,,61.036,-142.3462,1318.0,IRIS,79.389,1.0,1.0,,True,BHZ,50.0,True,9.598977395952932,True
110,Mount Sulzer 2,2013-08-22 06:07:56,2013-08-22 06:10:14,61.640185,-141.5603,rock and ice avalanche,,,,,,,,,,,,,,AK,MCAR,BHZ,,61.3836,-143.024,447.0,IRIS,82.998,1.0,1.0,,True,BHZ,50.0,True,3.848629190083992,False
110,Mount Sulzer 2,2013-08-22 06:07:56,2013-08-22 06:10:14,61.640185,-141.5603,rock and ice avalanche,,,,,,,,,,,,,,AK,KIAG,BHZ,,60.9231,-142.3605,1752.2,IRIS,90.7,1.0,1.0,,True,BHZ,50.0,True,9.712279194916958,True
110,Mount Sulzer 2,2013-08-22 06:07:56,2013-08-22 06:10:14,61.640185,-141.5603,rock and ice avalanche,,,,,,,,,,,,,,AK,GRNC,BHZ,,60.7315,-141.7558,2116.0,IRIS,101.801,1.0,1.0,,True,BHZ,50.0,True,6.9409913870271245,True
110,Mount Sulzer 2,2013-08-22 06:07:56,2013-08-22 06:10:14,61.640185,-141.5603,rock and ice avalanche,,,,,,,,,,,,,,AK,VRDI,BHZ,,61.2275,-143.4545,1909.4,IRIS,111.053,1.0,1.0,,True,BHZ,50.0,True,4.640439298551885,False
110,Mount Sulzer 2,2013-08-22 06:07:56,2013-08-22 06:10:14,61.640185,-141.5603,rock and ice avalanche,,,,,,,,,,,,,,AK,TGL,BHZ,,60.7541,-142.8292,1266.4,IRIS,120.015,0.0,1.0,,True,BHZ,50.0,True,3.5213536535778784,False
110,Mount Sulzer 2,2013-08-22 06:07:56,2013-08-22 06:10:14,61.640185,-141.5603,rock and ice avalanche,,,,,,,,,,,,,,AK,GLB,BHZ,,61.4417,-143.8123,854.9,IRIS,121.791,1.0,1.0,,True,BHZ,50.0,True,5.309002346457898,False
110,Mount Sulzer 2,2013-08-22 06:07:56,2013-08-22 06:10:14,61.640185,-141.5603,rock and ice avalanche,,,,,,,,,,,,,,AK,ISLE,BHZ,,60.6024,-142.3406,1425.0,IRIS,123.05,1.0,1.0,,True,BHZ,50.0,True,4.368083466642516,False
111,Mount Sulzer 3,2015-07-31 01:25:03,2015-07-31 01:30:18,61.640185,-141.5603,rock and ice avalanche,,,,,,,,,,,,,,AK,BARN,BHZ,,61.0595,-141.6622,1689.0,IRIS,64.938,1.0,1.0,,True,BHZ,50.0,True,14.002048147135564,True
111,Mount Sulzer 3,2015-07-31 01:25:03,2015-07-31 01:30:18,61.640185,-141.5603,rock and ice avalanche,,,,,,,,,,,,,,AK,PTPK,BHZ,,61.1871,-142.4672,1892.6,IRIS,69.961,1.0,1.0,,True,BHZ,50.0,True,12.662542714219436,False
111,Mount Sulzer 3,2015-07-31 01:25:03,2015-07-31 01:30:18,61.640185,-141.5603,rock and ice avalanche,,,,,,,,,,,,,,AK,CTG,BHZ,,60.9649,-141.3401,1507.9,IRIS,76.169,1.0,1.0,,True,BHZ,50.0,True,13.329265721723852,True
111,Mount Sulzer 3,2015-07-31 01:25:03,2015-07-31 01:30:18,61.640185,-141.5603,rock and ice avalanche,,,,,,,,,,,,,,AK,BAL,BHZ,,61.036,-142.3462,1318.0,IRIS,79.389,1.0,1.0,,True,BHZ,50.0,True,12.906505633098682,True
111,Mount Sulzer 3,2015-07-31 01:25:03,2015-07-31 01:30:18,61.640185,-141.5603,rock and ice avalanche,,,,,,,,,,,,,,TA,M27K,BHZ,,62.3579,-141.878,1536.0,IRIS,81.7,1.0,1.0,,True,BHZ,40.0,True,14.721447854902245,True
111,Mount Sulzer 3,2015-07-31 01:25:03,2015-07-31 01:30:18,61.640185,-141.5603,rock and ice avalanche,,,,,,,,,,,,,,AK,MCAR,BHZ,,61.3836,-143.024,447.0,IRIS,82.998,1.0,1.0,,True,BHZ,50.0,True,11.596360582432606,False
111,Mount Sulzer 3,2015-07-31 01:25:03,2015-07-31 01:30:18,61.640185,-141.5603,rock and ice avalanche,,,,,,,,,,,,,,AK,KIAG,BHZ,,60.9231,-142.3605,1752.2,IRIS,90.7,1.0,1.0,,True,BHZ,50.0,True,13.268160540227244,True
111,Mount Sulzer 3,2015-07-31 01:25:03,2015-07-31 01:30:18,61.640185,-141.5603,rock and ice avalanche,,,,,,,,,,,,,,AK,LOGN,BHZ,,60.824,-141.0048,1663.1,IRIS,95.718,1.0,1.0,,True,BHZ,50.0,True,12.143439458841003,False
111,Mount Sulzer 3,2015-07-31 01:25:03,2015-07-31 01:30:18,61.640185,-141.5603,rock and ice avalanche,,,,,,,,,,,,,,AK,VRDI,BHZ,,61.2275,-143.4545,1909.4,IRIS,111.053,1.0,1.0,,True,BHZ,50.0,True,11.249979256240117,False
111,Mount Sulzer 3,2015-07-31 01:25:03,2015-07-31 01:30:18,61.640185,-141.5603,rock and ice avalanche,,,,,,,,,,,,,,TA,M26K,BHZ,,62.4013,-142.9963,888.0,IRIS,113.348,1.0,1.0,,True,BHZ,40.0,True,12.397897588233468,False
112,Mount Sulzer 3 secondary,2015-07-31 01:32:39,2015-07-31 01:42:16,61.640185,-141.5603,rock and ice avalanche,,,,,,,,,,,,,,AK,BARN,BHZ,,61.0595,-141.6622,1689.0,IRIS,64.938,1.0,,,True,BHZ,50.0,True,4.468970271499017,True
112,Mount Sulzer 3 secondary,2015-07-31 01:32:39,2015-07-31 01:42:16,61.640185,-141.5603,rock and ice avalanche,,,,,,,,,,,,,,AK,PTPK,BHZ,,61.1871,-142.4672,1892.6,IRIS,69.961,1.0,,,True,BHZ,50.0,True,5.8487796479395335,True
112,Mount Sulzer 3 secondary,2015-07-31 01:32:39,2015-07-31 01:42:16,61.640185,-141.5603,rock and ice avalanche,,,,,,,,,,,,,,AK,CTG,BHZ,,60.9649,-141.3401,1507.9,IRIS,76.169,1.0,,,True,BHZ,50.0,True,3.899339964861745,False
112,Mount Sulzer 3 secondary,2015-07-31 01:32:39,2015-07-31 01:42:16,61.640185,-141.5603,rock and ice avalanche,,,,,,,,,,,,,,AK,BAL,BHZ,,61.036,-142.3462,1318.0,IRIS,79.389,1.0,,,True,BHZ,50.0,True,4.231500524815989,True
112,Mount Sulzer 3 secondary,2015-07-31 01:32:39,2015-07-31 01:42:16,61.640185,-141.5603,rock and ice avalanche,,,,,,,,,,,,,,TA,M27K,BHZ,,62.3579,-141.878,1536.0,IRIS,81.7,1.0,,,True,BHZ,40.0,True,5.207350149039416,True
112,Mount Sulzer 3 secondary,2015-07-31 01:32:39,2015-07-31 01:42:16,61.640185,-141.5603,rock and ice avalanche,,,,,,,,,,,,,,AK,MCAR,BHZ,,61.3836,-143.024,447.0,IRIS,82.998,1.0,,,True,BHZ,50.0,True,3.488406884245069,False
112,Mount Sulzer 3 secondary,2015-07-31 01:32:39,2015-07-31 01:42:16,61.640185,-141.5603,rock and ice avalanche,,,,,,,,,,,,,,AK,KIAG,BHZ,,60.9231,-142.3605,1752.2,IRIS,90.7,1.0,,,True,BHZ,50.0,True,4.520495375272056,True
112,Mount Sulzer 3 secondary,2015-07-31 01:32:39,2015-07-31 01:42:16,61.640185,-141.5603,rock and ice avalanche,,,,,,,,,,,,,,AK,LOGN,BHZ,,60.824,-141.0048,1663.1,IRIS,95.718,1.0,,,True,BHZ,50.0,True,3.326772435391822,False
112,Mount Sulzer 3 secondary,2015-07-31 01:32:39,2015-07-31 01:42:16,61.640185,-141.5603,rock and ice avalanche,,,,,,,,,,,,,,AK,VRDI,BHZ,,61.2275,-143.4545,1909.4,IRIS,111.053,1.0,,,True,BHZ,50.0,True,4.206003894573778,False
112,Mount Sulzer 3 secondary,2015-07-31 01:32:39,2015-07-31 01:42:16,61.640185,-141.5603,rock and ice avalanche,,,,,,,,,,,,,,TA,M26K,BHZ,,62.4013,-142.9963,888.0,IRIS,113.348,1.0,,,True,BHZ,40.0,True,3.4965484811852496,False
113,Mount Sulzer 4,2015-07-31 01:57:08,2015-07-31 02:02:08,61.640185,-141.5603,rock and ice avalanche,,,,,,,,,,,,,,AK,BARN,BHZ,,61.0595,-141.6622,1689.0,IRIS,64.938,1.0,1.0,,True,BHZ,50.0,True,7.454175167690527,True
113,Mount Sulzer 4,2015-07-31 01:57:08,2015-07-31 02:02:08,61.640185,-141.5603,rock and ice avalanche,,,,,,,,,,,,,,AK,PTPK,BHZ,,61.1871,-142.4672,1892.6,IRIS,69.961,1.0,1.0,,True,BHZ,50.0,True,8.247918110693538,True
113,Mount Sulzer 4,2015-07-31 01:57:08,2015-07-31 02:02:08,61.640185,-141.5603,rock and ice avalanche,,,,,,,,,,,,,,AK,CTG,BHZ,,60.9649,-141.3401,1507.9,IRIS,76.169,1.0,1.0,,True,BHZ,50.0,True,6.878902810227737,False
113,Mount Sulzer 4,2015-07-31 01:57:08,2015-07-31 02:02:08,61.640185,-141.5603,rock and ice avalanche,,,,,,,,,,,,,,AK,BAL,BHZ,,61.036,-142.3462,1318.0,IRIS,79.389,1.0,0.0,,True,BHZ,50.0,True,7.177658805927344,False
113,Mount Sulzer 4,2015-07-31 01:57:08,2015-07-31 02:02:08,61.640185,-141.5603,rock and ice avalanche,,,,,,,,,,,,,,TA,M27K,BHZ,,62.3579,-141.878,1536.0,IRIS,81.7,1.0,0.0,,True,BHZ,40.0,True,7.754442127710682,True
113,Mount Sulzer 4,2015-07-31 01:57:08,2015-07-31 02:02:08,61.640185,-141.5603,rock and ice avalanche,,,,,,,,,,,,,,AK,MCAR,BHZ,,61.3836,-143.024,447.0,IRIS,82.998,1.0,0.0,,True,BHZ,50.0,True,6.652375422918651,False
113,Mount Sulzer 4,2015-07-31 01:57:08,2015-07-31 02:02:08,61.640185,-141.5603,rock and ice avalanche,,,,,,,,,,,,,,AK,KIAG,BHZ,,60.9231,-142.3605,1752.2,IRIS,90.7,1.0,0.0,,True,BHZ,50.0,True,7.701003959413094,True
113,Mount Sulzer 4,2015-07-31 01:57:08,2015-07-31 02:02:08,61.640185,-141.5603,rock and ice avalanche,,,,,,,,,,,,,,AK,LOGN,BHZ,,60.824,-141.0048,1663.1,IRIS,95.718,1.0,1.0,,True,BHZ,50.0,True,5.508617759590716,False
113,Mount Sulzer 4,2015-07-31 01:57:08,2015-07-31 02:02:08,61.640185,-141.5603,rock and ice avalanche,,,,,,,,,,,,,,AK,VRDI,BHZ,,61.2275,-143.4545,1909.4,IRIS,111.053,1.0,0.0,,True,BHZ,50.0,True,7.508551812880963,True
113,Mount Sulzer 4,2015-07-31 01:57:08,2015-07-31 02:02:08,61.640185,-141.5603,rock and ice avalanche,,,,,,,,,,,,,,TA,M26K,BHZ,,62.4013,-142.9963,888.0,IRIS,113.348,1.0,1.0,,True,BHZ,40.0,True,5.41938219599575,False
115,Mount Sulzer 5,2016-08-10 19:27:40,2016-08-10 19:30:44,61.640185,-141.5603,rock and ice avalanche,,,,,,,,,,,,,,CN,YUK2,HHZ,,61.7668,-140.8426,1229.0,IRIS,40.508,1.0,1.0,,True,HHZ,100.0,True,15.30626424914764,True
115,Mount Sulzer 5,2016-08-10 19:27:40,2016-08-10 19:30:44,61.640185,-141.5603,rock and ice avalanche,,,,,,,,,,,,,,CN,YUK3,HHZ,,61.7755,-140.4595,2100.0,IRIS,60.152,1.0,1.0,,True,HHZ,100.0,True,11.633952076308566,True
115,Mount Sulzer 5,2016-08-10 19:27:40,2016-08-10 19:30:44,61.640185,-141.5603,rock and ice avalanche,,,,,,,,,,,,,,AK,BARN,BHZ,,61.0595,-141.6622,1689.0,IRIS,64.938,1.0,1.0,,True,BHZ,50.0,True,9.718584979488988,True
115,Mount Sulzer 5,2016-08-10 19:27:40,2016-08-10 19:30:44,61.640185,-141.5603,rock and ice avalanche,,,,,,,,,,,,,,AK,PTPK,BHZ,,61.1871,-142.4672,1892.6,IRIS,69.961,1.0,1.0,,True,BHZ,50.0,True,13.9870143827535,True
115,Mount Sulzer 5,2016-08-10 19:27:40,2016-08-10 19:30:44,61.640185,-141.5603,rock and ice avalanche,,,,,,,,,,,,,,AK,CTG,BHZ,,60.9649,-141.3401,1507.9,IRIS,76.169,1.0,1.0,,True,BHZ,50.0,True,6.5807770895753706,False
115,Mount Sulzer 5,2016-08-10 19:27:40,2016-08-10 19:30:44,61.640185,-141.5603,rock and ice avalanche,,,,,,,,,,,,,,TA,M27K,BHZ,,62.3579,-141.878,1536.0,IRIS,81.7,1.0,1.0,,True,BHZ,40.0,True,10.601530220593604,True
115,Mount Sulzer 5,2016-08-10 19:27:40,2016-08-10 19:30:44,61.640185,-141.5603,rock and ice avalanche,,,,,,,,,,,,,,AK,MCAR,BHZ,,61.3836,-143.024,447.0,IRIS,82.998,1.0,1.0,,True,BHZ,50.0,True,5.391521287654188,False
115,Mount Sulzer 5,2016-08-10 19:27:40,2016-08-10 19:30:44,61.640185,-141.5603,rock and ice avalanche,,,,,,,,,,,,,,CN,BVCY,HHZ,,62.4141,-140.8606,708.0,IRIS,93.705,1.0,1.0,,True,HHZ,100.0,True,8.793653403743892,False
115,Mount Sulzer 5,2016-08-10 19:27:40,2016-08-10 19:30:44,61.640185,-141.5603,rock and ice avalanche,,,,,,,,,,,,,,AK,LOGN,BHZ,,60.824,-141.0048,1663.1,IRIS,95.718,1.0,1.0,,True,BHZ,50.0,True,5.434397198198735,False
115,Mount Sulzer 5,2016-08-10 19:27:40,2016-08-10 19:30:44,61.640185,-141.5603,rock and ice avalanche,,,,,,,,,,,,,,AK,GRNC,BHZ,,60.7315,-141.7558,2116.0,IRIS,101.801,1.0,1.0,,True,BHZ,50.0,True,5.612004774195378,False
117,Mount Sulzer 1,2013-08-05 18:59:36,2013-08-05 19:04:09,61.640185,-141.5603,rock and debris avalanche,,,,,9000000.0,6800000.0,11200000.0,,,,,,,AK,BARN,BHZ,,61.0595,-141.6622,1689.0,IRIS,64.938,1.0,1.0,,True,BHZ,50.0,True,8.991951043594138,True
117,Mount Sulzer 1,2013-08-05 18:59:36,2013-08-05 19:04:09,61.640185,-141.5603,rock and debris avalanche,,,,,9000000.0,6800000.0,11200000.0,,,,,,,AK,PTPK,BHZ,,61.1871,-142.4672,1892.6,IRIS,69.961,1.0,1.0,,True,BHZ,50.0,True,7.834642994634814,False
117,Mount Sulzer 1,2013-08-05 18:59:36,2013-08-05 19:04:09,61.640185,-141.5603,rock and debris avalanche,,,,,9000000.0,6800000.0,11200000.0,,,,,,,AK,CTG,BHZ,,60.9649,-141.3401,1507.9,IRIS,76.169,1.0,1.0,,True,BHZ,50.0,True,7.223222063359763,False
117,Mount Sulzer 1,2013-08-05 18:59:36,2013-08-05 19:04:09,61.640185,-141.5603,rock and debris avalanche,,,,,9000000.0,6800000.0,11200000.0,,,,,,,AK,BAL,BHZ,,61.036,-142.3462,1318.0,IRIS,79.389,1.0,1.0,,True,BHZ,50.0,True,8.135064303088285,True
117,Mount Sulzer 1,2013-08-05 18:59:36,2013-08-05 19:04:09,61.640185,-141.5603,rock and debris avalanche,,,,,9000000.0,6800000.0,11200000.0,,,,,,,AK,MCAR,BHZ,,61.3836,-143.024,447.0,IRIS,82.998,1.0,1.0,,True,BHZ,50.0,True,7.840036182342096,True
117,Mount Sulzer 1,2013-08-05 18:59:36,2013-08-05 19:04:09,61.640185,-141.5603,rock and debris avalanche,,,,,9000000.0,6800000.0,11200000.0,,,,,,,AK,KIAG,BHZ,,60.9231,-142.3605,1752.2,IRIS,90.7,1.0,1.0,,True,BHZ,50.0,True,8.87683383972588,True
117,Mount Sulzer 1,2013-08-05 18:59:36,2013-08-05 19:04:09,61.640185,-141.5603,rock and debris avalanche,,,,,9000000.0,6800000.0,11200000.0,,,,,,,AK,GRNC,BHZ,,60.7315,-141.7558,2116.0,IRIS,101.801,1.0,1.0,,True,BHZ,50.0,True,7.226276880881076,False
117,Mount Sulzer 1,2013-08-05 18:59:36,2013-08-05 19:04:09,61.640185,-141.5603,rock and debris avalanche,,,,,9000000.0,6800000.0,11200000.0,,,,,,,AK,VRDI,BHZ,,61.2275,-143.4545,1909.4,IRIS,111.053,1.0,1.0,,True,BHZ,50.0,True,8.464069510441634,True
117,Mount Sulzer 1,2013-08-05 18:59:36,2013-08-05 19:04:09,61.640185,-141.5603,rock and debris avalanche,,,,,9000000.0,6800000.0,11200000.0,,,,,,,AK,TGL,BHZ,,60.7541,-142.8292,1266.4,IRIS,120.015,1.0,1.0,,True,BHZ,50.0,True,6.701031064230241,False
117,Mount Sulzer 1,2013-08-05 18:59:36,2013-08-05 19:04:09,61.640185,-141.5603,rock and debris avalanche,,,,,9000000.0,6800000.0,11200000.0,,,,,,,AK,GLB,BHZ,,61.4417,-143.8123,854.9,IRIS,121.791,1.0,1.0,,True,BHZ,50.0,True,7.802211776382554,False
118,Nisqually 6,2011-06-29 03:42:04,2011-06-29 03:43:04,46.843,-121.75,"rock fall, rock and ice avalanche",,,,,12000.0,8600.0,17000.0,,,,,,,UW,RCM,EHZ,,46.83564,-121.732979,3085.0,IRIS,1.535,1.0,,,True,EHZ,100.0,True,18.035146018862363,True
118,Nisqually 6,2011-06-29 03:42:04,2011-06-29 03:43:04,46.843,-121.75,"rock fall, rock and ice avalanche",,,,,12000.0,8600.0,17000.0,,,,,,,UW,RCS,EHZ,,46.87083,-121.73231,2877.0,IRIS,3.375,1.0,,,True,EHZ,100.0,True,15.885944456444005,True
118,Nisqually 6,2011-06-29 03:42:04,2011-06-29 03:43:04,46.843,-121.75,"rock fall, rock and ice avalanche",,,,,12000.0,8600.0,17000.0,,,,,,,UW,STAR,EHZ,,46.850849,-121.792953,3365.0,IRIS,3.39,1.0,,,True,EHZ,100.0,True,9.816414382884574,False
118,Nisqually 6,2011-06-29 03:42:04,2011-06-29 03:43:04,46.843,-121.75,"rock fall, rock and ice avalanche",,,,,12000.0,8600.0,17000.0,,,,,,,CC,OBSR,BHZ,,46.899719,-121.815331,2382.0,IRIS,8.035,1.0,,,True,BHZ,50.0,True,12.944755507024912,True
118,Nisqually 6,2011-06-29 03:42:04,2011-06-29 03:43:04,46.843,-121.75,"rock fall, rock and ice avalanche",,,,,12000.0,8600.0,17000.0,,,,,,,CC,PANH,BHZ,,46.859,-121.64261,2109.0,IRIS,8.381,1.0,,,True,BHZ,50.0,True,12.798299740903545,True
118,Nisqually 6,2011-06-29 03:42:04,2011-06-29 03:43:04,46.843,-121.75,"rock fall, rock and ice avalanche",,,,,12000.0,8600.0,17000.0,,,,,,,UW,LO2,EHZ,,46.7506,-121.8096,853.0,IRIS,11.234,1.0,,,True,EHZ,100.0,True,10.940587289520282,True
118,Nisqually 6,2011-06-29 03:42:04,2011-06-29 03:43:04,46.843,-121.75,"rock fall, rock and ice avalanche",,,,,12000.0,8600.0,17000.0,,,,,,,UW,LON,BHZ,,46.7506,-121.8096,853.0,IRIS,11.234,1.0,,,True,BHZ,50.0,True,10.7641183231759,False
118,Nisqually 6,2011-06-29 03:42:04,2011-06-29 03:43:04,46.843,-121.75,"rock fall, rock and ice avalanche",,,,,12000.0,8600.0,17000.0,,,,,,,UW,FMW,EHZ,,46.94139,-121.67101,1859.0,IRIS,12.485,1.0,,,True,EHZ,100.0,True,8.47717094216077,False
119,Nisqually 8,2011-07-02 16:25:36,2011-07-02 16:27:20,46.843,-121.75,"rock fall, rock and ice avalanche",,,,,16000.0,11000.0,22000.0,,,,,,,UW,RCM,EHZ,,46.83564,-121.732979,3085.0,IRIS,1.535,1.0,,,True,EHZ,100.0,True,22.81355714536462,True
119,Nisqually 8,2011-07-02 16:25:36,2011-07-02 16:27:20,46.843,-121.75,"rock fall, rock and ice avalanche",,,,,16000.0,11000.0,22000.0,,,,,,,UW,RCS,EHZ,,46.87083,-121.73231,2877.0,IRIS,3.375,1.0,,,True,EHZ,100.0,True,22.189224568442626,True
119,Nisqually 8,2011-07-02 16:25:36,2011-07-02 16:27:20,46.843,-121.75,"rock fall, rock and ice avalanche",,,,,16000.0,11000.0,22000.0,,,,,,,UW,STAR,EHZ,,46.850849,-121.792953,3365.0,IRIS,3.39,1.0,,,True,EHZ,100.0,True,27.5958748454322,True
119,Nisqually 8,2011-07-02 16:25:36,2011-07-02 16:27:20,46.843,-121.75,"rock fall, rock and ice avalanche",,,,,16000.0,11000.0,22000.0,,,,,,,CC,OBSR,BHZ,,46.899719,-121.815331,2382.0,IRIS,8.035,1.0,,,True,BHZ,50.0,True,24.17402323864968,True
119,Nisqually 8,2011-07-02 16:25:36,2011-07-02 16:27:20,46.843,-121.75,"rock fall, rock and ice avalanche",,,,,16000.0,11000.0,22000.0,,,,,,,CC,PANH,BHZ,,46.859,-121.64261,2109.0,IRIS,8.381,1.0,,,True,BHZ,50.0,True,12.20644690851178,True
119,Nisqually 8,2011-07-02 16:25:36,2011-07-02 16:27:20,46.843,-121.75,"rock fall, rock and ice avalanche",,,,,16000.0,11000.0,22000.0,,,,,,,UW,LO2,EHZ,,46.7506,-121.8096,853.0,IRIS,11.234,1.0,,,True,EHZ,100.0,True,8.321543247200571,False
119,Nisqually 8,2011-07-02 16:25:36,2011-07-02 16:27:20,46.843,-121.75,"rock fall, rock and ice avalanche",,,,,16000.0,11000.0,22000.0,,,,,,,UW,LON,BHZ,,46.7506,-121.8096,853.0,IRIS,11.234,1.0,,,True,BHZ,50.0,True,8.675404899130108,False
119,Nisqually 8,2011-07-02 16:25:36,2011-07-02 16:27:20,46.843,-121.75,"rock fall, rock and ice avalanche",,,,,16000.0,11000.0,22000.0,,,,,,,UW,FMW,EHZ,,46.94139,-121.67101,1859.0,IRIS,12.485,1.0,,,True,EHZ,100.0,True,6.395827662483057,False
120,Nisqually 10,2011-07-06 22:23:27,2011-07-06 22:25:35,46.843,-121.75,"rock fall, rock and ice avalanche",,,,,71000.0,52000.0,100000.0,,,,,,,UW,RCM,EHZ,,46.83564,-121.732979,3085.0,IRIS,1.535,1.0,,,True,EHZ,100.0,True,26.178589107114743,True
120,Nisqually 10,2011-07-06 22:23:27,2011-07-06 22:25:35,46.843,-121.75,"rock fall, rock and ice avalanche",,,,,71000.0,52000.0,100000.0,,,,,,,UW,RCS,EHZ,,46.87083,-121.73231,2877.0,IRIS,3.375,1.0,,,True,EHZ,100.0,True,45.337232577624285,True
120,Nisqually 10,2011-07-06 22:23:27,2011-07-06 22:25:35,46.843,-121.75,"rock fall, rock and ice avalanche",,,,,71000.0,52000.0,100000.0,,,,,,,UW,STAR,EHZ,,46.850849,-121.792953,3365.0,IRIS,3.39,1.0,,,True,EHZ,100.0,True,41.24180396625024,True
120,Nisqually 10,2011-07-06 22:23:27,2011-07-06 22:25:35,46.843,-121.75,"rock fall, rock and ice avalanche",,,,,71000.0,52000.0,100000.0,,,,,,,CC,OBSR,BHZ,,46.899719,-121.815331,2382.0,IRIS,8.035,1.0,,,True,BHZ,50.0,True,37.185435765291885,True
120,Nisqually 10,2011-07-06 22:23:27,2011-07-06 22:25:35,46.843,-121.75,"rock fall, rock and ice avalanche",,,,,71000.0,52000.0,100000.0,,,,,,,CC,PANH,BHZ,,46.859,-121.64261,2109.0,IRIS,8.381,1.0,,,True,BHZ,50.0,True,25.490401742008068,True
120,Nisqually 10,2011-07-06 22:23:27,2011-07-06 22:25:35,46.843,-121.75,"rock fall, rock and ice avalanche",,,,,71000.0,52000.0,100000.0,,,,,,,UW,LO2,EHZ,,46.7506,-121.8096,853.0,IRIS,11.234,1.0,,,True,EHZ,100.0,True,21.14158994924007,False
120,Nisqually 10,2011-07-06 22:23:27,2011-07-06 22:25:35,46.843,-121.75,"rock fall, rock and ice avalanche",,,,,71000.0,52000.0,100000.0,,,,,,,UW,LON,BHZ,,46.7506,-121.8096,853.0,IRIS,11.234,1.0,,,True,BHZ,50.0,True,21.73875412972874,False
120,Nisqually 10,2011-07-06 22:23:27,2011-07-06 22:25:35,46.843,-121.75,"rock fall, rock and ice avalanche",,,,,71000.0,52000.0,100000.0,,,,,,,UW,FMW,EHZ,,46.94139,-121.67101,1859.0,IRIS,12.485,1.0,,,True,EHZ,100.0,True,19.769379140182853,False
120,Nisqually 10,2011-07-06 22:23:27,2011-07-06 22:25:35,46.843,-121.75,"rock fall, rock and ice avalanche",,,,,71000.0,52000.0,100000.0,,,,,,,PB,B941,EHZ,,46.9868,-122.219,151.0,IRIS,39.14,1.0,,,True,EHZ,100.0,True,3.9436901049073274,False
120,Nisqually 10,2011-07-06 22:23:27,2011-07-06 22:25:35,46.843,-121.75,"rock fall, rock and ice avalanche",,,,,71000.0,52000.0,100000.0,,,,,,,UW,GSM,EHZ,,47.20299,-121.79572,1305.0,IRIS,40.171,1.0,,,True,EHZ,100.0,True,5.181824090683071,False
121,"Russell Cliff 1, Mount Rainier",1989-08-16 17:06:19,1989-08-16 17:07:08,46.8746,-121.7537,rock fall,,,,,,,,,,,2300.0,,,UW,RCS,EHZ,,46.87083,-121.73231,2877.0,IRIS,1.684,1.0,,,True,EHZ,101.02298850574712,True,11.343755385000367,True
121,"Russell Cliff 1, Mount Rainier",1989-08-16 17:06:19,1989-08-16 17:07:08,46.8746,-121.7537,rock fall,,,,,,,,,,,2300.0,,,UW,RER,EHZ,,46.81905,-121.84213,1756.0,IRIS,9.145,1.0,,,True,EHZ,101.02298850574712,True,9.724798912348332,True
121,"Russell Cliff 1, Mount Rainier",1989-08-16 17:06:19,1989-08-16 17:07:08,46.8746,-121.7537,rock fall,,,,,,,,,,,2300.0,,,UW,FMW,EHZ,,46.94139,-121.67101,1859.0,IRIS,9.737,1.0,,,True,EHZ,101.02298850574712,True,8.749965172122645,True
121,"Russell Cliff 1, Mount Rainier",1989-08-16 17:06:19,1989-08-16 17:07:08,46.8746,-121.7537,rock fall,,,,,,,,,,,2300.0,,,UW,LO2,EHZ,,46.7506,-121.8096,853.0,IRIS,14.43,1.0,,,True,EHZ,101.02298850574712,True,8.74120767938188,True
121,"Russell Cliff 1, Mount Rainier",1989-08-16 17:06:19,1989-08-16 17:07:08,46.8746,-121.7537,rock fall,,,,,,,,,,,2300.0,,,UW,RVC,EHZ,,46.94408,-121.97419,1000.0,IRIS,18.489,1.0,,,True,EHZ,101.02298850574712,True,6.738581818853913,False
121,"Russell Cliff 1, Mount Rainier",1989-08-16 17:06:19,1989-08-16 17:07:08,46.8746,-121.7537,rock fall,,,,,,,,,,,2300.0,,,UW,WPW,EHZ,,46.69864,-121.53734,1280.0,IRIS,25.604,1.0,,,True,EHZ,101.02298850574712,True,7.769005872595095,True
121,"Russell Cliff 1, Mount Rainier",1989-08-16 17:06:19,1989-08-16 17:07:08,46.8746,-121.7537,rock fall,,,,,,,,,,,2300.0,,,UW,GSM,EHZ,,47.20299,-121.79572,1305.0,IRIS,36.647,1.0,,,True,EHZ,101.02298850574712,True,5.856789333416537,False
121,"Russell Cliff 1, Mount Rainier",1989-08-16 17:06:19,1989-08-16 17:07:08,46.8746,-121.7537,rock fall,,,,,,,,,,,2300.0,,,UW,GLK,EHZ,,46.5575,-121.61073,1305.0,IRIS,36.906,1.0,,,True,EHZ,101.02298850574712,True,5.223120441769137,False
121,"Russell Cliff 1, Mount Rainier",1989-08-16 17:06:19,1989-08-16 17:07:08,46.8746,-121.7537,rock fall,,,,,,,,,,,2300.0,,,UW,LMW,EHZ,,46.66783,-122.29255,1195.0,IRIS,47.141,1.0,,,True,EHZ,101.02298850574712,True,4.9336634982488174,False
121,"Russell Cliff 1, Mount Rainier",1989-08-16 17:06:19,1989-08-16 17:07:08,46.8746,-121.7537,rock fall,,,,,,,,,,,2300.0,,,UW,KOS,EHZ,,46.4628,-122.19602,610.0,IRIS,56.932,1.0,,,True,EHZ,101.02298850574712,True,5.139908548995001,False
122,"Russell Cliff 2, Mount Rainier",1989-08-16 17:14:09,1989-08-16 17:15:09,46.8746,-121.7537,rock fall,,,,,,,,,,,2300.0,,,UW,RCS,EHZ,,46.87083,-121.73231,2877.0,IRIS,1.684,1.0,,,True,EHZ,101.016,True,13.3825975732987,True
122,"Russell Cliff 2, Mount Rainier",1989-08-16 17:14:09,1989-08-16 17:15:09,46.8746,-121.7537,rock fall,,,,,,,,,,,2300.0,,,UW,RER,EHZ,,46.81905,-121.84213,1756.0,IRIS,9.145,1.0,,,True,EHZ,101.016,True,25.802918256951905,True
122,"Russell Cliff 2, Mount Rainier",1989-08-16 17:14:09,1989-08-16 17:15:09,46.8746,-121.7537,rock fall,,,,,,,,,,,2300.0,,,UW,FMW,EHZ,,46.94139,-121.67101,1859.0,IRIS,9.737,1.0,,,True,EHZ,101.016,True,16.332629348072338,True
122,"Russell Cliff 2, Mount Rainier",1989-08-16 17:14:09,1989-08-16 17:15:09,46.8746,-121.7537,rock fall,,,,,,,,,,,2300.0,,,UW,LO2,EHZ,,46.7506,-121.8096,853.0,IRIS,14.43,1.0,,,True,EHZ,101.016,True,20.130787226115316,True
122,"Russell Cliff 2, Mount Rainier",1989-08-16 17:14:09,1989-08-16 17:15:09,46.8746,-121.7537,rock fall,,,,,,,,,,,2300.0,,,UW,RVC,EHZ,,46.94408,-121.97419,1000.0,IRIS,18.489,1.0,,,True,EHZ,101.016,True,17.542159211113713,True
122,"Russell Cliff 2, Mount Rainier",1989-08-16 17:14:09,1989-08-16 17:15:09,46.8746,-121.7537,rock fall,,,,,,,,,,,2300.0,,,UW,WPW,EHZ,,46.69864,-121.53734,1280.0,IRIS,25.604,1.0,,,True,EHZ,101.016,True,11.752784346074,False
122,"Russell Cliff 2, Mount Rainier",1989-08-16 17:14:09,1989-08-16 17:15:09,46.8746,-121.7537,rock fall,,,,,,,,,,,2300.0,,,UW,GSM,EHZ,,47.20299,-121.79572,1305.0,IRIS,36.647,1.0,,,True,EHZ,101.016,True,9.994171296328714,False
122,"Russell Cliff 2, Mount Rainier",1989-08-16 17:14:09,1989-08-16 17:15:09,46.8746,-121.7537,rock fall,,,,,,,,,,,2300.0,,,UW,GLK,EHZ,,46.5575,-121.61073,1305.0,IRIS,36.906,1.0,,,True,EHZ,101.016,True,9.438332484345375,False
122,"Russell Cliff 2, Mount Rainier",1989-08-16 17:14:09,1989-08-16 17:15:09,46.8746,-121.7537,rock fall,,,,,,,,,,,2300.0,,,UW,LMW,EHZ,,46.66783,-122.29255,1195.0,IRIS,47.141,1.0,,,True,EHZ,101.016,True,6.534162735465453,False
122,"Russell Cliff 2, Mount Rainier",1989-08-16 17:14:09,1989-08-16 17:15:09,46.8746,-121.7537,rock fall,,,,,,,,,,,2300.0,,,UW,KOS,EHZ,,46.4628,-122.19602,610.0,IRIS,56.932,1.0,,,True,EHZ,101.016,True,7.118901755107863,False
123,"Russell Cliff 3, Mount Rainier",1989-08-16 17:15:23,1989-08-16 17:16:21,46.8746,-121.7537,rock fall,,,,,,,,,,,2300.0,,,UW,RCS,EHZ,,46.87083,-121.73231,2877.0,IRIS,1.684,1.0,,,True,EHZ,101.016,True,7.790664737546397,False
123,"Russell Cliff 3, Mount Rainier",1989-08-16 17:15:23,1989-08-16 17:16:21,46.8746,-121.7537,rock fall,,,,,,,,,,,2300.0,,,UW,RER,EHZ,,46.81905,-121.84213,1756.0,IRIS,9.145,1.0,,,True,EHZ,101.016,True,12.328553092101576,True
123,"Russell Cliff 3, Mount Rainier",1989-08-16 17:15:23,1989-08-16 17:16:21,46.8746,-121.7537,rock fall,,,,,,,,,,,2300.0,,,UW,FMW,EHZ,,46.94139,-121.67101,1859.0,IRIS,9.737,1.0,,,True,EHZ,101.016,True,8.982850558166067,True
123,"Russell Cliff 3, Mount Rainier",1989-08-16 17:15:23,1989-08-16 17:16:21,46.8746,-121.7537,rock fall,,,,,,,,,,,2300.0,,,UW,LO2,EHZ,,46.7506,-121.8096,853.0,IRIS,14.43,1.0,,,True,EHZ,101.016,True,10.65582863795373,True
123,"Russell Cliff 3, Mount Rainier",1989-08-16 17:15:23,1989-08-16 17:16:21,46.8746,-121.7537,rock fall,,,,,,,,,,,2300.0,,,UW,RVC,EHZ,,46.94408,-121.97419,1000.0,IRIS,18.489,1.0,,,True,EHZ,101.016,True,9.652841652193931,True
123,"Russell Cliff 3, Mount Rainier",1989-08-16 17:15:23,1989-08-16 17:16:21,46.8746,-121.7537,rock fall,,,,,,,,,,,2300.0,,,UW,WPW,EHZ,,46.69864,-121.53734,1280.0,IRIS,25.604,1.0,,,True,EHZ,101.016,True,9.772849668775793,True
123,"Russell Cliff 3, Mount Rainier",1989-08-16 17:15:23,1989-08-16 17:16:21,46.8746,-121.7537,rock fall,,,,,,,,,,,2300.0,,,UW,GSM,EHZ,,47.20299,-121.79572,1305.0,IRIS,36.647,1.0,,,True,EHZ,101.016,True,7.651332898185798,False
123,"Russell Cliff 3, Mount Rainier",1989-08-16 17:15:23,1989-08-16 17:16:21,46.8746,-121.7537,rock fall,,,,,,,,,,,2300.0,,,UW,GLK,EHZ,,46.5575,-121.61073,1305.0,IRIS,36.906,1.0,,,True,EHZ,101.016,True,7.207258573491596,False
123,"Russell Cliff 3, Mount Rainier",1989-08-16 17:15:23,1989-08-16 17:16:21,46.8746,-121.7537,rock fall,,,,,,,,,,,2300.0,,,UW,LMW,EHZ,,46.66783,-122.29255,1195.0,IRIS,47.141,1.0,,,True,EHZ,101.016,True,4.92702134872273,False
123,"Russell Cliff 3, Mount Rainier",1989-08-16 17:15:23,1989-08-16 17:16:21,46.8746,-121.7537,rock fall,,,,,,,,,,,2300.0,,,UW,KOS,EHZ,,46.4628,-122.19602,610.0,IRIS,56.932,1.0,,,True,EHZ,101.016,True,5.752642225647886,False
126,"Russell Cliff, Mount Rainier",1992-10-23 15:58:36,1992-10-23 15:59:54,46.8746,-121.7537,"rock fall, debris avalanche",,,,,75000.0,50000.0,100000.0,,,,1000.0,,,UW,RCS,EHZ,,46.87083,-121.73231,2877.0,IRIS,1.684,1.0,,,True,EHZ,101.05,True,3.7028633348941504,False
126,"Russell Cliff, Mount Rainier",1992-10-23 15:58:36,1992-10-23 15:59:54,46.8746,-121.7537,"rock fall, debris avalanche",,,,,75000.0,50000.0,100000.0,,,,1000.0,,,UW,RER,EHZ,,46.81905,-121.84213,1756.0,IRIS,9.145,1.0,,,True,EHZ,101.05,True,5.651901925387928,False
126,"Russell Cliff, Mount Rainier",1992-10-23 15:58:36,1992-10-23 15:59:54,46.8746,-121.7537,"rock fall, debris avalanche",,,,,75000.0,50000.0,100000.0,,,,1000.0,,,UW,FMW,EHZ,,46.94139,-121.67101,1859.0,IRIS,9.737,1.0,,,True,EHZ,101.05,True,6.429248719027821,True
126,"Russell Cliff, Mount Rainier",1992-10-23 15:58:36,1992-10-23 15:59:54,46.8746,-121.7537,"rock fall, debris avalanche",,,,,75000.0,50000.0,100000.0,,,,1000.0,,,UW,LO2,EHZ,,46.7506,-121.8096,853.0,IRIS,14.43,1.0,,,True,EHZ,101.05,True,5.671255433204544,False
126,"Russell Cliff, Mount Rainier",1992-10-23 15:58:36,1992-10-23 15:59:54,46.8746,-121.7537,"rock fall, debris avalanche",,,,,75000.0,50000.0,100000.0,,,,1000.0,,,UW,RVC,EHZ,,46.94408,-121.97419,1000.0,IRIS,18.489,1.0,,,True,EHZ,101.05,True,7.188052698401262,True
126,"Russell Cliff, Mount Rainier",1992-10-23 15:58:36,1992-10-23 15:59:54,46.8746,-121.7537,"rock fall, debris avalanche",,,,,75000.0,50000.0,100000.0,,,,1000.0,,,UW,WPW,EHZ,,46.69864,-121.53734,1280.0,IRIS,25.604,1.0,,,True,EHZ,101.05,True,6.380864179956178,True
126,"Russell Cliff, Mount Rainier",1992-10-23 15:58:36,1992-10-23 15:59:54,46.8746,-121.7537,"rock fall, debris avalanche",,,,,75000.0,50000.0,100000.0,,,,1000.0,,,UW,GSM,EHZ,,47.20299,-121.79572,1305.0,IRIS,36.647,1.0,,,True,EHZ,101.05,True,6.86372116627559,True
126,"Russell Cliff, Mount Rainier",1992-10-23 15:58:36,1992-10-23 15:59:54,46.8746,-121.7537,"rock fall, debris avalanche",,,,,75000.0,50000.0,100000.0,,,,1000.0,,,UW,GLK,EHZ,,46.5575,-121.61073,1305.0,IRIS,36.906,1.0,,,True,EHZ,101.05,True,5.718425624112618,True
126,"Russell Cliff, Mount Rainier",1992-10-23 15:58:36,1992-10-23 15:59:54,46.8746,-121.7537,"rock fall, debris avalanche",,,,,75000.0,50000.0,100000.0,,,,1000.0,,,UW,GHW,EHZ,,47.04149,-122.27373,268.0,IRIS,43.715,1.0,,,True,EHZ,101.05,True,4.053201228599225,False
126,"Russell Cliff, Mount Rainier",1992-10-23 15:58:36,1992-10-23 15:59:54,46.8746,-121.7537,"rock fall, debris avalanche",,,,,75000.0,50000.0,100000.0,,,,1000.0,,,UW,LMW,EHZ,,46.66783,-122.29255,1195.0,IRIS,47.141,1.0,,,True,EHZ,101.05,True,4.36233655767803,False
127,Lucia Glacier,2017-07-22 20:56:30,2017-07-22 20:59:57,60.073848,-139.845315,rock avalanche,1130000.0,111000.0,,,3000000.0,2300000.0,4000000.0,,,,931.0,,,AK,BCP,BHZ,,59.9534,-139.6369,421.8,IRIS,17.771,1.0,1.0,,True,BHZ,50.0,True,12.75542550223228,True
127,Lucia Glacier,2017-07-22 20:56:30,2017-07-22 20:59:57,60.073848,-139.845315,rock avalanche,1130000.0,111000.0,,,3000000.0,2300000.0,4000000.0,,,,931.0,,,AK,PNL,BHZ,,59.6659,-139.4036,477.0,IRIS,51.754,1.0,0.0,,True,BHZ,50.0,True,7.327112734623943,True
127,Lucia Glacier,2017-07-22 20:56:30,2017-07-22 20:59:57,60.073848,-139.845315,rock avalanche,1130000.0,111000.0,,,3000000.0,2300000.0,4000000.0,,,,931.0,,,AK,SAMH,BHZ,,60.1294,-140.7828,1140.0,IRIS,52.472,1.0,1.0,,True,BHZ,50.0,True,10.378392126551908,True
127,Lucia Glacier,2017-07-22 20:56:30,2017-07-22 20:59:57,60.073848,-139.845315,rock avalanche,1130000.0,111000.0,,,3000000.0,2300000.0,4000000.0,,,,931.0,,,TA,O29M,BHZ,,60.3024,-138.5755,1423.0,IRIS,74.964,0.0,1.0,,True,BHZ,40.0,True,3.354012671907071,False
127,Lucia Glacier,2017-07-22 20:56:30,2017-07-22 20:59:57,60.073848,-139.845315,rock avalanche,1130000.0,111000.0,,,3000000.0,2300000.0,4000000.0,,,,931.0,,,TA,O28M,BHZ,,60.7718,-140.1906,2622.0,IRIS,80.066,1.0,1.0,,True,BHZ,40.0,True,6.566889294849841,False
127,Lucia Glacier,2017-07-22 20:56:30,2017-07-22 20:59:57,60.073848,-139.845315,rock avalanche,1130000.0,111000.0,,,3000000.0,2300000.0,4000000.0,,,,931.0,,,AK,TABL,BHZ,,60.4399,-141.1443,2050.0,IRIS,82.646,1.0,1.0,,True,BHZ,50.0,True,9.49336176273755,True
127,Lucia Glacier,2017-07-22 20:56:30,2017-07-22 20:59:57,60.073848,-139.845315,rock avalanche,1130000.0,111000.0,,,3000000.0,2300000.0,4000000.0,,,,931.0,,,AK,RKAV,BHZ,,60.2994,-141.3478,1647.0,IRIS,87.03,1.0,1.0,,True,BHZ,50.0,True,9.404703100714096,True
127,Lucia Glacier,2017-07-22 20:56:30,2017-07-22 20:59:57,60.073848,-139.845315,rock avalanche,1130000.0,111000.0,,,3000000.0,2300000.0,4000000.0,,,,931.0,,,AK,LOGN,BHZ,,60.824,-141.0048,1663.1,IRIS,105.146,1.0,0.0,,True,BHZ,50.0,True,4.973815470160613,False
127,Lucia Glacier,2017-07-22 20:56:30,2017-07-22 20:59:57,60.073848,-139.845315,rock avalanche,1130000.0,111000.0,,,3000000.0,2300000.0,4000000.0,,,,931.0,,,AK,YAH,BHZ,,60.3583,-141.751,2125.0,IRIS,110.25,1.0,1.0,,True,BHZ,50.0,True,5.500690826395546,False
127,Lucia Glacier,2017-07-22 20:56:30,2017-07-22 20:59:57,60.073848,-139.845315,rock avalanche,1130000.0,111000.0,,,3000000.0,2300000.0,4000000.0,,,,931.0,,,AK,MESA,BHZ,,60.1785,-141.9505,1919.0,IRIS,117.551,1.0,1.0,,True,BHZ,50.0,True,5.813190269822344,False
128,"Ingraham Glacier, Mount Rainier",2018-07-07 05:38:14,2018-07-07 05:41:14,46.8481,-121.7458,ice fall,40000.0,,,,40000.0,80000.0,160000.0,,,,200.0,,,UW,RCM,EHZ,,46.83564,-121.732979,3085.0,IRIS,1.696,1.0,,,True,EHZ,100.0,True,14.533834517933148,True
128,"Ingraham Glacier, Mount Rainier",2018-07-07 05:38:14,2018-07-07 05:41:14,46.8481,-121.7458,ice fall,40000.0,,,,40000.0,80000.0,160000.0,,,,200.0,,,UW,RCS,EHZ,,46.87083,-121.73231,2877.0,IRIS,2.728,1.0,,,True,EHZ,100.0,True,19.19052004373767,True
128,"Ingraham Glacier, Mount Rainier",2018-07-07 05:38:14,2018-07-07 05:41:14,46.8481,-121.7458,ice fall,40000.0,,,,40000.0,80000.0,160000.0,,,,200.0,,,CC,OBSR,BHZ,,46.899719,-121.815331,2382.0,IRIS,7.812,1.0,,,True,BHZ,50.0,True,5.824144063756424,True
128,"Ingraham Glacier, Mount Rainier",2018-07-07 05:38:14,2018-07-07 05:41:14,46.8481,-121.7458,ice fall,40000.0,,,,40000.0,80000.0,160000.0,,,,200.0,,,UW,FMW,EHZ,,46.94139,-121.67101,1859.0,IRIS,11.834,1.0,,,True,EHZ,100.0,True,8.979303550851355,True
128,"Ingraham Glacier, Mount Rainier",2018-07-07 05:38:14,2018-07-07 05:41:14,46.8481,-121.7458,ice fall,40000.0,,,,40000.0,80000.0,160000.0,,,,200.0,,,UW,LON,BHZ,,46.7506,-121.8096,853.0,IRIS,11.883,1.0,,,True,BHZ,40.0,True,8.412572513605385,True
128,"Ingraham Glacier, Mount Rainier",2018-07-07 05:38:14,2018-07-07 05:41:14,46.8481,-121.7458,ice fall,40000.0,,,,40000.0,80000.0,160000.0,,,,200.0,,,UW,LO2,EHZ,,46.7506,-121.8096,853.0,IRIS,11.883,1.0,,,True,EHZ,100.0,True,5.5980343044848855,False
128,"Ingraham Glacier, Mount Rainier",2018-07-07 05:38:14,2018-07-07 05:41:14,46.8481,-121.7458,ice fall,40000.0,,,,40000.0,80000.0,160000.0,,,,200.0,,,CC,PR05,BHZ,,46.841724,-121.94886,1553.0,IRIS,15.505,1.0,,,True,BHZ,50.0,True,5.557574473171842,False
128,"Ingraham Glacier, Mount Rainier",2018-07-07 05:38:14,2018-07-07 05:41:14,46.8481,-121.7458,ice fall,40000.0,,,,40000.0,80000.0,160000.0,,,,200.0,,,CC,PR04,BHZ,,46.929749,-121.988525,910.0,IRIS,20.606,1.0,,,True,BHZ,50.0,True,3.5974178459589154,False
130,Johns Hopkins Glacier,2013-06-14 12:48:18,2013-06-14 12:49:25,58.7906,-137.3528,rock avalanche,595000.0,,,,,,,,,,318.0,,,AT,SKAG,BHZ,,59.4601,-135.32897,134.0,IRIS,137.811,1.0,,,True,BHZ,50.0,True,3.541900458156778,True
130,Johns Hopkins Glacier,2013-06-14 12:48:18,2013-06-14 12:49:25,58.7906,-137.3528,rock avalanche,595000.0,,,,,,,,,,318.0,,,AK,BESE,BHZ,,58.5792,-134.8559,867.0,IRIS,146.712,1.0,,,True,BHZ,50.0,True,6.8161412744964895,True
130,Johns Hopkins Glacier,2013-06-14 12:48:18,2013-06-14 12:49:25,58.7906,-137.3528,rock avalanche,595000.0,,,,,,,,,,318.0,,,AK,PNL,BHZ,,59.6659,-139.4036,477.0,IRIS,152.362,1.0,,,True,BHZ,50.0,True,3.794048082853552,True
130,Johns Hopkins Glacier,2013-06-14 12:48:18,2013-06-14 12:49:25,58.7906,-137.3528,rock avalanche,595000.0,,,,,,,,,,318.0,,,AK,JIS,BHZ,,58.2758,-134.3848,10.0,IRIS,182.133,1.0,,,True,BHZ,50.0,True,6.907666043493598,True
130,Johns Hopkins Glacier,2013-06-14 12:48:18,2013-06-14 12:49:25,58.7906,-137.3528,rock avalanche,595000.0,,,,,,,,,,318.0,,,AK,BCP,BHZ,,59.9534,-139.6369,421.8,IRIS,183.403,1.0,,,True,BHZ,50.0,True,4.395866678486566,True
131,East Crillon,2010-08-12 16:42:38,2010-08-12 16:45:05,58.6475,-137.0812,rock avalanche,740000.0,56000.0,47000.0,73000.0,1200000.0,860000.0,1600000.0,,,,1020.0,950.0,1050.0,AK,DCPH,BHZ,,59.0906,-138.2154,674.0,IRIS,81.962,1.0,,,True,BHZ,50.0,True,4.098717575070573,True
131,East Crillon,2010-08-12 16:42:38,2010-08-12 16:45:05,58.6475,-137.0812,rock avalanche,740000.0,56000.0,47000.0,73000.0,1200000.0,860000.0,1600000.0,,,,1020.0,950.0,1050.0,AK,BESE,BHZ,,58.5792,-134.8559,867.0,IRIS,129.548,1.0,,,True,BHZ,50.0,True,7.573693750675604,True
131,East Crillon,2010-08-12 16:42:38,2010-08-12 16:45:05,58.6475,-137.0812,rock avalanche,740000.0,56000.0,47000.0,73000.0,1200000.0,860000.0,1600000.0,,,,1020.0,950.0,1050.0,AT,SKAG,BHZ,,59.4601,-135.32897,134.0,IRIS,135.287,1.0,,,True,BHZ,50.0,True,3.398677013833083,True
133,East Crillon,2016-05-30 10:16:28,2016-05-30 10:19:35,58.6313,-137.0251,rock avalanche,240000.0,11000.0,5000.0,23000.0,120000.0,65000.0,210000.0,,,,374.0,,,AK,BESE,BHZ,,58.5792,-134.8559,867.0,IRIS,126.227,1.0,,,True,BHZ,50.0,True,4.4376800528312375,True
133,East Crillon,2016-05-30 10:16:28,2016-05-30 10:19:35,58.6313,-137.0251,rock avalanche,240000.0,11000.0,5000.0,23000.0,120000.0,65000.0,210000.0,,,,374.0,,,AT,SKAG,BHZ,,59.4601,-135.32897,134.0,IRIS,134.164,1.0,,,True,BHZ,50.0,True,4.296531938936013,True
133,East Crillon,2016-05-30 10:16:28,2016-05-30 10:19:35,58.6313,-137.0251,rock avalanche,240000.0,11000.0,5000.0,23000.0,120000.0,65000.0,210000.0,,,,374.0,,,AK,JIS,BHZ,,58.2758,-134.3848,10.0,IRIS,159.142,1.0,,,True,BHZ,50.0,True,5.574408768313351,True
133,East Crillon,2016-05-30 10:16:28,2016-05-30 10:19:35,58.6313,-137.0251,rock avalanche,240000.0,11000.0,5000.0,23000.0,120000.0,65000.0,210000.0,,,,374.0,,,TA,P30M,BHZ,,60.1218,-136.9598,883.0,IRIS,166.086,1.0,,,True,BHZ,40.0,True,11.05271698173615,True
133,East Crillon,2016-05-30 10:16:28,2016-05-30 10:19:35,58.6313,-137.0251,rock avalanche,240000.0,11000.0,5000.0,23000.0,120000.0,65000.0,210000.0,,,,374.0,,,ZQ,GAGA,HHZ,,58.44,-134.0476,258.0,IRIS,174.72,1.0,,,True,HHZ,100.0,True,3.902888499584664,False
133,East Crillon,2016-05-30 10:16:28,2016-05-30 10:19:35,58.6313,-137.0251,rock avalanche,240000.0,11000.0,5000.0,23000.0,120000.0,65000.0,210000.0,,,,374.0,,,ZQ,GUGU,HHZ,,58.420101,-134.038696,139.0,IRIS,175.567,1.0,,,True,HHZ,100.0,True,3.8938185824473535,False
133,East Crillon,2016-05-30 10:16:28,2016-05-30 10:19:35,58.6313,-137.0251,rock avalanche,240000.0,11000.0,5000.0,23000.0,120000.0,65000.0,210000.0,,,,374.0,,,AK,PNL,BHZ,,59.6659,-139.4036,477.0,IRIS,178.336,1.0,,,True,BHZ,50.0,True,3.936121233744905,True
134,Takhinsha Mountains,2016-05-28 15:27:56,2016-05-28 15:31:03,59.219953,-136.170126,rock avalanche,1700000.0,35000.0,27000.0,41000.0,600000.0,450000.0,800000.0,,,,730.0,630.0,820.0,CN,PLBC,HHZ,,59.455,-136.3659,279.0,IRIS,28.456,1.0,1.0,,True,HHZ,100.0,True,34.05759273296295,True
134,Takhinsha Mountains,2016-05-28 15:27:56,2016-05-28 15:31:03,59.219953,-136.170126,rock avalanche,1700000.0,35000.0,27000.0,41000.0,600000.0,450000.0,800000.0,,,,730.0,630.0,820.0,AT,SKAG,BHZ,,59.4601,-135.32897,134.0,IRIS,54.836,1.0,1.0,,True,BHZ,50.0,True,13.688791128943896,True
134,Takhinsha Mountains,2016-05-28 15:27:56,2016-05-28 15:31:03,59.219953,-136.170126,rock avalanche,1700000.0,35000.0,27000.0,41000.0,600000.0,450000.0,800000.0,,,,730.0,630.0,820.0,AK,BESE,BHZ,,58.5792,-134.8559,867.0,IRIS,104.08,1.0,1.0,,True,BHZ,50.0,True,14.834107755130098,True
134,Takhinsha Mountains,2016-05-28 15:27:56,2016-05-28 15:31:03,59.219953,-136.170126,rock avalanche,1700000.0,35000.0,27000.0,41000.0,600000.0,450000.0,800000.0,,,,730.0,630.0,820.0,AK,JIS,BHZ,,58.2758,-134.3848,10.0,IRIS,147.45,1.0,1.0,,True,BHZ,50.0,True,15.190778965064991,True
134,Takhinsha Mountains,2016-05-28 15:27:56,2016-05-28 15:31:03,59.219953,-136.170126,rock avalanche,1700000.0,35000.0,27000.0,41000.0,600000.0,450000.0,800000.0,,,,730.0,630.0,820.0,ZQ,GAGA,HHZ,,58.44,-134.0476,258.0,IRIS,150.247,1.0,0.0,,True,HHZ,100.0,True,8.899893320245296,True
134,Takhinsha Mountains,2016-05-28 15:27:56,2016-05-28 15:31:03,59.219953,-136.170126,rock avalanche,1700000.0,35000.0,27000.0,41000.0,600000.0,450000.0,800000.0,,,,730.0,630.0,820.0,ZQ,GUGU,HHZ,,58.420101,-134.038696,139.0,IRIS,151.984,1.0,1.0,,True,HHZ,100.0,True,7.191185282137091,False
134,Takhinsha Mountains,2016-05-28 15:27:56,2016-05-28 15:31:03,59.219953,-136.170126,rock avalanche,1700000.0,35000.0,27000.0,41000.0,600000.0,450000.0,800000.0,,,,730.0,630.0,820.0,ZQ,GIW5,HHZ,,58.40911,-134.03952,0.0,IRIS,152.682,1.0,1.0,,True,HHZ,200.0,True,3.679596532865748,False
134,Takhinsha Mountains,2016-05-28 15:27:56,2016-05-28 15:31:03,59.219953,-136.170126,rock avalanche,1700000.0,35000.0,27000.0,41000.0,600000.0,450000.0,800000.0,,,,730.0,630.0,820.0,ZQ,GIW1,HHZ,,58.41008,-134.03574,0.0,IRIS,152.793,1.0,1.0,,True,HHZ,200.0,True,4.261955012484394,False
134,Takhinsha Mountains,2016-05-28 15:27:56,2016-05-28 15:31:03,59.219953,-136.170126,rock avalanche,1700000.0,35000.0,27000.0,41000.0,600000.0,450000.0,800000.0,,,,730.0,630.0,820.0,ZQ,GIW4,HHZ,,58.4101,-134.0357,0.0,IRIS,152.793,1.0,1.0,,True,HHZ,200.0,True,4.209690201655541,False
134,Takhinsha Mountains,2016-05-28 15:27:56,2016-05-28 15:31:03,59.219953,-136.170126,rock avalanche,1700000.0,35000.0,27000.0,41000.0,600000.0,450000.0,800000.0,,,,730.0,630.0,820.0,ZQ,GIW6,HHZ,,58.41008,-134.0353,0.0,IRIS,152.813,1.0,1.0,,True,HHZ,200.0,True,4.176908688687065,False
137,USGS Debris-flow flume sand and gravel,2016-06-14 21:53:58,2016-06-14 21:54:53,44.215019,-122.25469286060002,debris flow flume experiment,9.32,,,,8.0,8.0,8.0,,,,,,,,,,,,,,,,,,,False,,,False,0.0,False
138,USGS Debris-flow flume sand and gravel,2016-06-15 21:47:29,2016-06-15 21:48:20,44.215019,-122.25469286060002,debris flow flume experiment,9.32,,,,8.0,8.0,8.0,,,,,,,,,,,,,,,,,,,False,,,False,0.0,False
139,USGS Debris-flow flume sand gravel and cobbles,2016-06-16 22:26:26,2016-06-16 22:27:19,44.215019,-122.25469286060002,debris flow flume experiment,9.32,,,,8.0,8.0,8.0,,,,,,,,,,,,,,,,,,,False,,,False,0.0,False
140,USGS Debris-flow flume sand gravel and cobbles,2016-06-21 18:57:21,2016-06-21 18:58:02,44.215019,-122.25469286060002,debris flow flume experiment,9.32,,,,8.0,8.0,8.0,,,,,,,,,,,,,,,,,,,False,,,False,0.0,False
141,USGS Debris-flow flume sand and gravel,2016-06-22 19:10:54,2016-06-22 19:11:24,44.215019,-122.25469286060002,debris flow flume experiment,9.54,,,,10.0,10.0,10.0,,,,,,,,,,,,,,,,,,,False,,,False,0.0,False
142,USGS Debris-flow flume sand and gravel,2016-06-23 14:52:50,2016-06-23 14:53:20,44.215019,-122.25469286060002,debris flow flume experiment,9.54,,,,10.0,10.0,10.0,,,,,,,,,,,,,,,,,,,False,,,False,0.0,False
143,"Chalk Cliffs, bedrock",2014-08-01 21:22:30,2014-08-01 21:45:56,38.733311,-106.1870315,debris flow,,,,,,,,,,,,,,,,,,,,,,,,,,False,,,False,0.0,False
144,"Chalk Cliffs, sediment-covered bed",2014-07-04 19:32:12,2014-07-04 19:42:43,38.733311,-106.1870315,debris flow,,,,,,,,,,,,,,,,,,,,,,,,,,False,,,False,0.0,False
145,Cowee Creek,2016-12-30 18:27:12,2016-12-30 18:28:13,58.6611,-134.7677,rock fall,340000.0,18000.0,9000.0,26000.0,542000.0,,,,,,460.0,400.0,500.0,AK,BESE,BHZ,,58.5792,-134.8559,867.0,IRIS,10.464,1.0,1.0,,True,BHZ,50.0,True,36.521704017891885,True
145,Cowee Creek,2016-12-30 18:27:12,2016-12-30 18:28:13,58.6611,-134.7677,rock fall,340000.0,18000.0,9000.0,26000.0,542000.0,,,,,,460.0,400.0,500.0,TA,R32K,BHZ,,58.2747,-134.518097,386.0,IRIS,45.438,1.0,1.0,,True,BHZ,40.0,True,11.27370959581902,False
145,Cowee Creek,2016-12-30 18:27:12,2016-12-30 18:28:13,58.6611,-134.7677,rock fall,340000.0,18000.0,9000.0,26000.0,542000.0,,,,,,460.0,400.0,500.0,AK,JIS,BHZ,,58.2758,-134.3848,10.0,IRIS,48.386,1.0,1.0,,True,BHZ,50.0,True,9.197259433572226,False
145,Cowee Creek,2016-12-30 18:27:12,2016-12-30 18:28:13,58.6611,-134.7677,rock fall,340000.0,18000.0,9000.0,26000.0,542000.0,,,,,,460.0,400.0,500.0,TA,R31K,BHZ,,58.4133,-135.739807,15.0,IRIS,62.989,1.0,0.0,,True,BHZ,40.0,True,5.84375002632752,False
145,Cowee Creek,2016-12-30 18:27:12,2016-12-30 18:28:13,58.6611,-134.7677,rock fall,340000.0,18000.0,9000.0,26000.0,542000.0,,,,,,460.0,400.0,500.0,AT,SKAG,BHZ,,59.4601,-135.32897,134.0,IRIS,94.651,1.0,1.0,,True,BHZ,50.0,True,8.749365858967332,False
145,Cowee Creek,2016-12-30 18:27:12,2016-12-30 18:28:13,58.6611,-134.7677,rock fall,340000.0,18000.0,9000.0,26000.0,542000.0,,,,,,460.0,400.0,500.0,TA,S31K,BHZ,,57.961601,-136.231995,34.0,IRIS,115.918,1.0,0.0,,True,BHZ,40.0,True,11.85084955650837,False
145,Cowee Creek,2016-12-30 18:27:12,2016-12-30 18:28:13,58.6611,-134.7677,rock fall,340000.0,18000.0,9000.0,26000.0,542000.0,,,,,,460.0,400.0,500.0,TA,P32M,BHZ,,59.5898,-133.7147,793.0,IRIS,119.743,1.0,1.0,,True,BHZ,40.0,True,16.870514418647367,True
145,Cowee Creek,2016-12-30 18:27:12,2016-12-30 18:28:13,58.6611,-134.7677,rock fall,340000.0,18000.0,9000.0,26000.0,542000.0,,,,,,460.0,400.0,500.0,CN,PLBC,HHZ,,59.455,-136.3659,279.0,IRIS,127.392,1.0,1.0,,True,HHZ,100.0,True,14.73599215446088,True
145,Cowee Creek,2016-12-30 18:27:12,2016-12-30 18:28:13,58.6611,-134.7677,rock fall,340000.0,18000.0,9000.0,26000.0,542000.0,,,,,,460.0,400.0,500.0,TA,S32K,BHZ,,57.4688,-134.576294,26.0,IRIS,133.276,1.0,1.0,,True,BHZ,40.0,True,16.65296879787346,True
145,Cowee Creek,2016-12-30 18:27:12,2016-12-30 18:28:13,58.6611,-134.7677,rock fall,340000.0,18000.0,9000.0,26000.0,542000.0,,,,,,460.0,400.0,500.0,TA,Q32M,BHZ,,58.960098,-132.269104,1951.0,IRIS,148.177,1.0,1.0,,True,BHZ,40.0,True,14.225687147619496,True
146,NW Rota 1,2009-08-14 15:38:55,2009-08-14 20:00:29,14.595161,144.77155,submarine landslide,,,,,,,53000000.0,,,,,2200.0,,IU,GUMO,BHZ,0.0,13.5893,144.868393,61.0,IRIS,111.779,1.0,0.0,,True,BHZ,20.0,True,3.3887908683375416,True
147,Mount Joffre 1,2019-05-13 14:39:55,2019-05-13 14:42:45,50.3448,-122.4511,"rock avalanche, debris flow",,23400.0,,,1900000.0,,,,,,1240.0,,,CN,WSLR,HHZ,,50.126598,-122.921204,907.0,IRIS,41.4,1.0,1.0,,True,HHZ,100.0,True,8.188421473972815,True
147,Mount Joffre 1,2019-05-13 14:39:55,2019-05-13 14:42:45,50.3448,-122.4511,"rock avalanche, debris flow",,23400.0,,,1900000.0,,,,,,1240.0,,,CN,LLLB,HHZ,,50.609,-121.8815,700.0,IRIS,49.985,1.0,1.0,,True,HHZ,100.0,True,9.474803974128204,True
147,Mount Joffre 1,2019-05-13 14:39:55,2019-05-13 14:42:45,50.3448,-122.4511,"rock avalanche, debris flow",,23400.0,,,1900000.0,,,,,,1240.0,,,CN,HOPB,HHZ,,49.3873,-121.4205,248.0,IRIS,129.736,1.0,1.0,,True,HHZ,100.0,True,7.149555697876443,True
147,Mount Joffre 1,2019-05-13 14:39:55,2019-05-13 14:42:45,50.3448,-122.4511,"rock avalanche, debris flow",,23400.0,,,1900000.0,,,,,,1240.0,,,CN,SHB,BHZ,,49.593,-123.8805,1143.0,IRIS,132.316,1.0,0.0,,True,BHZ,40.0,True,7.3404013351394495,True
147,Mount Joffre 1,2019-05-13 14:39:55,2019-05-13 14:42:45,50.3448,-122.4511,"rock avalanche, debris flow",,23400.0,,,1900000.0,,,,,,1240.0,,,CN,TXB,EHZ,,49.6969,-124.436,515.0,IRIS,159.454,1.0,,,True,EHZ,100.0,True,5.063513922103156,True
147,Mount Joffre 1,2019-05-13 14:39:55,2019-05-13 14:42:45,50.3448,-122.4511,"rock avalanche, debris flow",,23400.0,,,1900000.0,,,,,,1240.0,,,CN,NLLB,HHZ,,49.2271,-123.988197,199.0,IRIS,166.447,0.0,1.0,,True,HHZ,100.0,True,3.871231243807266,False
147,Mount Joffre 1,2019-05-13 14:39:55,2019-05-13 14:42:45,50.3448,-122.4511,"rock avalanche, debris flow",,23400.0,,,1900000.0,,,,,,1240.0,,,CN,GOBB,HHZ,,48.949501,-123.510498,143.0,IRIS,173.019,1.0,1.0,,True,HHZ,100.0,True,4.262359582005906,False
147,Mount Joffre 1,2019-05-13 14:39:55,2019-05-13 14:42:45,50.3448,-122.4511,"rock avalanche, debris flow",,23400.0,,,1900000.0,,,,,,1240.0,,,UW,LUMI,HHZ,,48.7201,-122.706299,19.4,IRIS,181.641,0.0,1.0,,True,HHZ,100.0,True,3.190362659487646,False
147,Mount Joffre 1,2019-05-13 14:39:55,2019-05-13 14:42:45,50.3448,-122.4511,"rock avalanche, debris flow",,23400.0,,,1900000.0,,,,,,1240.0,,,CN,SNB,HHZ,,48.7751,-123.1723,402.0,IRIS,182.211,0.0,1.0,,True,HHZ,100.0,True,3.4606017546116377,False
148,Mount Joffre 2,2019-05-16 16:03:02,2019-05-16 16:06:06,50.3431,-122.4488,"rock avalanche, debris flow",,34200.0,,,3100000.0,,,,,,1370.0,,,CN,WSLR,HHZ,,50.126598,-122.921204,907.0,IRIS,41.424,1.0,1.0,,True,HHZ,100.0,True,16.967842555676317,True
148,Mount Joffre 2,2019-05-16 16:03:02,2019-05-16 16:06:06,50.3431,-122.4488,"rock avalanche, debris flow",,34200.0,,,3100000.0,,,,,,1370.0,,,CN,LLLB,HHZ,,50.609,-121.8815,700.0,IRIS,49.965,1.0,1.0,,True,HHZ,100.0,True,20.952243124677477,True
148,Mount Joffre 2,2019-05-16 16:03:02,2019-05-16 16:06:06,50.3431,-122.4488,"rock avalanche, debris flow",,34200.0,,,3100000.0,,,,,,1370.0,,,CN,HOPB,HHZ,,49.3873,-121.4205,248.0,IRIS,129.487,1.0,1.0,,True,HHZ,100.0,True,9.546233706008,True
148,Mount Joffre 2,2019-05-16 16:03:02,2019-05-16 16:06:06,50.3431,-122.4488,"rock avalanche, debris flow",,34200.0,,,3100000.0,,,,,,1370.0,,,CN,SHB,BHZ,,49.593,-123.8805,1143.0,IRIS,132.326,1.0,1.0,,True,BHZ,40.0,True,9.966320388034468,True
148,Mount Joffre 2,2019-05-16 16:03:02,2019-05-16 16:06:06,50.3431,-122.4488,"rock avalanche, debris flow",,34200.0,,,3100000.0,,,,,,1370.0,,,CN,NLLB,HHZ,,49.2271,-123.988197,199.0,IRIS,166.418,1.0,1.0,,True,HHZ,100.0,True,5.047245287548358,False
148,Mount Joffre 2,2019-05-16 16:03:02,2019-05-16 16:06:06,50.3431,-122.4488,"rock avalanche, debris flow",,34200.0,,,3100000.0,,,,,,1370.0,,,CN,GOBB,HHZ,,48.949501,-123.510498,143.0,IRIS,172.923,1.0,1.0,,True,HHZ,100.0,True,6.323376365316021,False
148,Mount Joffre 2,2019-05-16 16:03:02,2019-05-16 16:06:06,50.3431,-122.4488,"rock avalanche, debris flow",,34200.0,,,3100000.0,,,,,,1370.0,,,UW,MBW,EHZ,,48.78384,-121.90093,1676.0,IRIS,177.892,1.0,,,True,EHZ,100.0,True,9.713745479626862,True
148,Mount Joffre 2,2019-05-16 16:03:02,2019-05-16 16:06:06,50.3431,-122.4488,"rock avalanche, debris flow",,34200.0,,,3100000.0,,,,,,1370.0,,,UW,LUMI,HHZ,,48.7201,-122.706299,19.4,IRIS,181.47,1.0,1.0,,True,HHZ,100.0,True,4.539652555717419,False
148,Mount Joffre 2,2019-05-16 16:03:02,2019-05-16 16:06:06,50.3431,-122.4488,"rock avalanche, debris flow",,34200.0,,,3100000.0,,,,,,1370.0,,,CN,SNB,HHZ,,48.7751,-123.1723,402.0,IRIS,182.078,1.0,1.0,,True,HHZ,100.0,True,5.304949083794086,False
148,Mount Joffre 2,2019-05-16 16:03:02,2019-05-16 16:06:06,50.3431,-122.4488,"rock avalanche, debris flow",,34200.0,,,3100000.0,,,,,,1370.0,,,UW,MCW,EHZ,,48.67903,-122.83264,693.0,IRIS,187.152,1.0,,,True,EHZ,100.0,True,5.339273460612213,False
149,"Red Glacier, Iliamna",2019-06-21 00:03:12,2019-06-21 00:06:12,60.0287,-153.0738,rock and ice avalanche,,,,,11000000.0,4000000.0,18000000.0,,,,1830.0,,,AV,ILSW,BHZ,,59.9832,-153.1425,1318.0,IRIS,6.355,1.0,1.0,,True,BHZ,50.0,True,11.222484976474671,True
149,"Red Glacier, Iliamna",2019-06-21 00:03:12,2019-06-21 00:06:12,60.0287,-153.0738,rock and ice avalanche,,,,,11000000.0,4000000.0,18000000.0,,,,1830.0,,,AV,ILS,BHZ,,59.957,-153.0703,1125.0,IRIS,7.991,1.0,1.0,,True,BHZ,50.0,True,9.357133681409826,True
149,"Red Glacier, Iliamna",2019-06-21 00:03:12,2019-06-21 00:06:12,60.0287,-153.0738,rock and ice avalanche,,,,,11000000.0,4000000.0,18000000.0,,,,1830.0,,,TA,O20K,BHZ,,60.0815,-152.624,915.0,IRIS,25.738,1.0,1.0,,True,BHZ,40.0,True,8.252992513552075,True
149,"Red Glacier, Iliamna",2019-06-21 00:03:12,2019-06-21 00:06:12,60.0287,-153.0738,rock and ice avalanche,,,,,11000000.0,4000000.0,18000000.0,,,,1830.0,,,AV,OPT,EHZ,,59.6526,-153.2321,602.0,IRIS,42.831,1.0,,,True,EHZ,100.0,True,5.660188547532554,False
149,"Red Glacier, Iliamna",2019-06-21 00:03:12,2019-06-21 00:06:12,60.0287,-153.0738,rock and ice avalanche,,,,,11000000.0,4000000.0,18000000.0,,,,1830.0,,,TA,P19K,BHZ,,59.6524,-153.2319,629.0,IRIS,42.85,1.0,1.0,,True,BHZ,40.0,True,5.718744842116769,False
149,"Red Glacier, Iliamna",2019-06-21 00:03:12,2019-06-21 00:06:12,60.0287,-153.0738,rock and ice avalanche,,,,,11000000.0,4000000.0,18000000.0,,,,1830.0,,,AV,RED,BHZ,,60.4196,-152.7742,1071.0,IRIS,46.61,1.0,0.0,,True,BHZ,50.0,True,6.090464981945696,True
149,"Red Glacier, Iliamna",2019-06-21 00:03:12,2019-06-21 00:06:12,60.0287,-153.0738,rock and ice avalanche,,,,,11000000.0,4000000.0,18000000.0,,,,1830.0,,,AV,RDSO,BHZ,,60.4536,-152.743,1557.0,IRIS,50.763,1.0,0.0,,True,BHZ,50.0,True,5.640081345408568,False
149,"Red Glacier, Iliamna",2019-06-21 00:03:12,2019-06-21 00:06:12,60.0287,-153.0738,rock and ice avalanche,,,,,11000000.0,4000000.0,18000000.0,,,,1830.0,,,AV,RDWB,BHZ,,60.4875,-152.8425,1546.0,IRIS,52.698,1.0,0.0,,True,BHZ,50.0,True,5.808579698562848,False
149,"Red Glacier, Iliamna",2019-06-21 00:03:12,2019-06-21 00:06:12,60.0287,-153.0738,rock and ice avalanche,,,,,11000000.0,4000000.0,18000000.0,,,,1830.0,,,AV,NCT,BHZ,,60.5621,-152.9293,1136.0,IRIS,59.965,1.0,0.0,,True,BHZ,50.0,True,5.3132869846064565,False
149,"Red Glacier, Iliamna",2019-06-21 00:03:12,2019-06-21 00:06:12,60.0287,-153.0738,rock and ice avalanche,,,,,11000000.0,4000000.0,18000000.0,,,,1830.0,,,AV,RDJH,BHZ,,60.5905,-152.8058,1414.0,IRIS,64.323,1.0,0.0,,True,BHZ,50.0,True,6.210490636458086,True
150,Taku River,2020-12-24 19:50:18,2020-12-24 19:52:42,58.6948,-133.3919,rock avalanche,1700000.0,33000.0,12000.0,45000.0,600000.0,240000.0,6600000.0,20000000000.0,,,1380.0,1200.0,1400.0,TA,Q32M,BHZ,,58.960098,-132.269104,1951.0,IRIS,71.27,1.0,1.0,,True,BHZ,40.0,True,10.43073401898824,True
150,Taku River,2020-12-24 19:50:18,2020-12-24 19:52:42,58.6948,-133.3919,rock avalanche,1700000.0,33000.0,12000.0,45000.0,600000.0,240000.0,6600000.0,20000000000.0,,,1380.0,1200.0,1400.0,AK,JIS,BHZ,,58.2758,-134.3848,10.0,IRIS,74.379,1.0,1.0,,True,BHZ,50.0,True,7.705690816118632,False
150,Taku River,2020-12-24 19:50:18,2020-12-24 19:52:42,58.6948,-133.3919,rock avalanche,1700000.0,33000.0,12000.0,45000.0,600000.0,240000.0,6600000.0,20000000000.0,,,1380.0,1200.0,1400.0,AK,R32K,BHZ,,58.2747,-134.5181,386.0,IRIS,80.653,1.0,1.0,,True,BHZ,50.0,True,7.360745929074294,False
150,Taku River,2020-12-24 19:50:18,2020-12-24 19:52:42,58.6948,-133.3919,rock avalanche,1700000.0,33000.0,12000.0,45000.0,600000.0,240000.0,6600000.0,20000000000.0,,,1380.0,1200.0,1400.0,AK,BESE,BHZ,,58.5792,-134.8559,867.0,IRIS,85.995,1.0,1.0,,True,BHZ,50.0,True,7.365300559055998,False
150,Taku River,2020-12-24 19:50:18,2020-12-24 19:52:42,58.6948,-133.3919,rock avalanche,1700000.0,33000.0,12000.0,45000.0,600000.0,240000.0,6600000.0,20000000000.0,,,1380.0,1200.0,1400.0,TA,P32M,BHZ,,59.5898,-133.7147,793.0,IRIS,101.398,1.0,1.0,,True,BHZ,40.0,True,8.870836563043456,True
150,Taku River,2020-12-24 19:50:18,2020-12-24 19:52:42,58.6948,-133.3919,rock avalanche,1700000.0,33000.0,12000.0,45000.0,600000.0,240000.0,6600000.0,20000000000.0,,,1380.0,1200.0,1400.0,AT,SKAG,BHZ,,59.4601,-135.32897,134.0,IRIS,140.017,1.0,1.0,,True,BHZ,50.0,True,12.687350099514603,True
150,Taku River,2020-12-24 19:50:18,2020-12-24 19:52:42,58.6948,-133.3919,rock avalanche,1700000.0,33000.0,12000.0,45000.0,600000.0,240000.0,6600000.0,20000000000.0,,,1380.0,1200.0,1400.0,TA,R31K,BHZ,,58.4133,-135.739807,15.0,IRIS,140.23,0.0,1.0,,True,BHZ,40.0,True,4.771241815668915,False
150,Taku River,2020-12-24 19:50:18,2020-12-24 19:52:42,58.6948,-133.3919,rock avalanche,1700000.0,33000.0,12000.0,45000.0,600000.0,240000.0,6600000.0,20000000000.0,,,1380.0,1200.0,1400.0,AK,S32K,BHZ,,57.4688,-134.5763,26.0,IRIS,153.386,1.0,1.0,,True,BHZ,50.0,True,8.84826602435804,True
150,Taku River,2020-12-24 19:50:18,2020-12-24 19:52:42,58.6948,-133.3919,rock avalanche,1700000.0,33000.0,12000.0,45000.0,600000.0,240000.0,6600000.0,20000000000.0,,,1380.0,1200.0,1400.0,TA,S34M,BHZ,,57.9128,-131.1312,298.0,IRIS,158.592,1.0,1.0,,True,BHZ,40.0,True,7.303674898401304,False
150,Taku River,2020-12-24 19:50:18,2020-12-24 19:52:42,58.6948,-133.3919,rock avalanche,1700000.0,33000.0,12000.0,45000.0,600000.0,240000.0,6600000.0,20000000000.0,,,1380.0,1200.0,1400.0,TA,R33M,BHZ,,59.3946,-130.9673,1437.0,IRIS,159.505,1.0,1.0,,True,BHZ,40.0,True,9.280956279337422,True
151,Elliot Creek 1,2020-11-28 14:52:56,2020-11-28 14:57:20,50.9782,-124.6117,rock avalanche,,130000.0,80000.0,190000.0,18600000.0,18260000.0,18940000.0,,,,1000.0,,,CN,CBB,HHZ,,50.031502,-125.365196,277.0,IRIS,118.098,1.0,1.0,,True,HHZ,100.0,True,8.00488925687751,False
151,Elliot Creek 1,2020-11-28 14:52:56,2020-11-28 14:57:20,50.9782,-124.6117,rock avalanche,,130000.0,80000.0,190000.0,18600000.0,18260000.0,18940000.0,,,,1000.0,,,CN,NCSB,HHZ,,50.403099,-126.055901,1297.0,IRIS,120.444,1.0,1.0,,True,HHZ,100.0,True,8.410188549189401,False
151,Elliot Creek 1,2020-11-28 14:52:56,2020-11-28 14:57:20,50.9782,-124.6117,rock avalanche,,130000.0,80000.0,190000.0,18600000.0,18260000.0,18940000.0,,,,1000.0,,,CN,WSLR,HHZ,,50.126598,-122.921204,907.0,IRIS,152.728,1.0,1.0,,True,HHZ,100.0,True,10.763074588068529,True
151,Elliot Creek 1,2020-11-28 14:52:56,2020-11-28 14:57:20,50.9782,-124.6117,rock avalanche,,130000.0,80000.0,190000.0,18600000.0,18260000.0,18940000.0,,,,1000.0,,,CN,SHB,HHZ,,49.5985,-123.8771,1129.0,IRIS,162.152,1.0,1.0,,True,HHZ,100.0,True,9.243137497564245,True
151,Elliot Creek 1,2020-11-28 14:52:56,2020-11-28 14:57:20,50.9782,-124.6117,rock avalanche,,130000.0,80000.0,190000.0,18600000.0,18260000.0,18940000.0,,,,1000.0,,,CN,GDR,HHZ,,49.780499,-126.055702,123.0,IRIS,168.217,1.0,1.0,,True,HHZ,100.0,True,9.00236917051877,True
151,Elliot Creek 1,2020-11-28 14:52:56,2020-11-28 14:57:20,50.9782,-124.6117,rock avalanche,,130000.0,80000.0,190000.0,18600000.0,18260000.0,18940000.0,,,,1000.0,,,CN,WPB,HHZ,,49.6478,-123.2094,260.0,IRIS,178.534,1.0,1.0,,True,HHZ,100.0,True,10.68198886352738,True
151,Elliot Creek 1,2020-11-28 14:52:56,2020-11-28 14:57:20,50.9782,-124.6117,rock avalanche,,130000.0,80000.0,190000.0,18600000.0,18260000.0,18940000.0,,,,1000.0,,,PB,B927,EHZ,,49.2188,-124.8113,39.0,IRIS,196.22,1.0,,,True,EHZ,100.0,True,7.034244776809446,False
151,Elliot Creek 1,2020-11-28 14:52:56,2020-11-28 14:57:20,50.9782,-124.6117,rock avalanche,,130000.0,80000.0,190000.0,18600000.0,18260000.0,18940000.0,,,,1000.0,,,CN,PABB,HHZ,,49.2188,-124.811401,3.0,IRIS,196.22,1.0,1.0,,True,HHZ,100.0,True,7.112586196502957,False
151,Elliot Creek 1,2020-11-28 14:52:56,2020-11-28 14:57:20,50.9782,-124.6117,rock avalanche,,130000.0,80000.0,190000.0,18600000.0,18260000.0,18940000.0,,,,1000.0,,,CN,LLLB,HHZ,,50.609,-121.8815,700.0,IRIS,196.823,1.0,1.0,,True,HHZ,100.0,True,10.112830955049008,True
151,Elliot Creek 1,2020-11-28 14:52:56,2020-11-28 14:57:20,50.9782,-124.6117,rock avalanche,,130000.0,80000.0,190000.0,18600000.0,18260000.0,18940000.0,,,,1000.0,,,CN,NLLB,HHZ,,49.2271,-123.988197,199.0,IRIS,199.817,1.0,1.0,,True,HHZ,100.0,True,8.351667390840968,False
152,Anak Krakatau,2018-12-22 13:56:11,2018-12-22 14:03:30,-6.1011,105.4194,flank collapse,,,,,150000000.0,104000000.0,330000000.0,225000000000.0,,,230.0,,,,,,,,,,,,,,,False,,,False,0.0,False
153,Kennecott Mine,2021-05-31 14:40:56,2021-05-31 14:43:02,40.5186,-112.1422,rock avalanche,350000.0,62000.0,46000.0,96000.0,1300000.0,930000.0,1900000.0,,,,400.0,,,UU,CWU,EHZ,01,40.44584,-112.10217,1945.0,IRIS,8.764,1.0,,,True,EHZ,100.0,True,12.691119408006896,True
153,Kennecott Mine,2021-05-31 14:40:56,2021-05-31 14:43:02,40.5186,-112.1422,rock avalanche,350000.0,62000.0,46000.0,96000.0,1300000.0,930000.0,1900000.0,,,,400.0,,,UU,NOQ,HHZ,01,40.6525,-112.12033,1622.0,IRIS,14.984,1.0,1.0,,True,HHZ,100.0,True,14.069779007906778,True
153,Kennecott Mine,2021-05-31 14:40:56,2021-05-31 14:43:02,40.5186,-112.1422,rock avalanche,350000.0,62000.0,46000.0,96000.0,1300000.0,930000.0,1900000.0,,,,400.0,,,UU,WTU,EHZ,01,40.45483,-111.9535,1552.0,IRIS,17.496,1.0,,,True,EHZ,100.0,True,8.838619786338876,True
153,Kennecott Mine,2021-05-31 14:40:56,2021-05-31 14:43:02,40.5186,-112.1422,rock avalanche,350000.0,62000.0,46000.0,96000.0,1300000.0,930000.0,1900000.0,,,,400.0,,,UU,MHD,EHZ,02,40.66067,-111.80083,1597.0,IRIS,32.924,1.0,,,True,EHZ,100.0,True,8.093891638185795,True
153,Kennecott Mine,2021-05-31 14:40:56,2021-05-31 14:43:02,40.5186,-112.1422,rock avalanche,350000.0,62000.0,46000.0,96000.0,1300000.0,930000.0,1900000.0,,,,400.0,,,UU,HRU,EHZ,01,40.7945,-111.88567,1620.0,IRIS,37.541,1.0,,,True,EHZ,100.0,True,7.297816408545693,False
153,Kennecott Mine,2021-05-31 14:40:56,2021-05-31 14:43:02,40.5186,-112.1422,rock avalanche,350000.0,62000.0,46000.0,96000.0,1300000.0,930000.0,1900000.0,,,,400.0,,,UU,CTU,HHZ,01,40.6925,-111.75034,1731.0,IRIS,38.377,1.0,1.0,,True,HHZ,100.0,True,8.333409025108661,True
153,Kennecott Mine,2021-05-31 14:40:56,2021-05-31 14:43:02,40.5186,-112.1422,rock avalanche,350000.0,62000.0,46000.0,96000.0,1300000.0,930000.0,1900000.0,,,,400.0,,,UU,RBU,EHZ,02,40.78083,-111.80833,1676.0,IRIS,40.563,1.0,,,True,EHZ,100.0,True,6.981419728839567,False
153,Kennecott Mine,2021-05-31 14:40:56,2021-05-31 14:43:02,40.5186,-112.1422,rock avalanche,350000.0,62000.0,46000.0,96000.0,1300000.0,930000.0,1900000.0,,,,400.0,,,UU,SNUT,EHZ,01,40.88567,-112.509,1652.0,IRIS,51.211,1.0,,,True,EHZ,100.0,True,6.256583535919747,False
153,Kennecott Mine,2021-05-31 14:40:56,2021-05-31 14:43:02,40.5186,-112.1422,rock avalanche,350000.0,62000.0,46000.0,96000.0,1300000.0,930000.0,1900000.0,,,,400.0,,,UU,WMUT,EHZ,01,40.07667,-111.83334,1981.0,IRIS,55.656,1.0,,,True,EHZ,100.0,True,7.816678958679449,False
153,Kennecott Mine,2021-05-31 14:40:56,2021-05-31 14:43:02,40.5186,-112.1422,rock avalanche,350000.0,62000.0,46000.0,96000.0,1300000.0,930000.0,1900000.0,,,,400.0,,,UU,NAIU,EHZ,01,41.01617,-112.228,1472.0,IRIS,55.728,1.0,,,True,EHZ,100.0,True,7.223830278577562,False
155,Crandall Canyon Mine,2007-08-06 08:48:44,2007-08-06 08:49:57,39.4675,-111.2248,mine collapse,,202400.0,54400.0,,,,,,,,,,,UU,TMU,HHZ,01,39.2965,-111.20817,2731.0,IRIS,19.039,1.0,1.0,,True,HHZ,100.0,True,44.03012108916621,True
155,Crandall Canyon Mine,2007-08-06 08:48:44,2007-08-06 08:49:57,39.4675,-111.2248,mine collapse,,202400.0,54400.0,,,,,,,,,,,UU,ELU,EHZ,01,39.64017,-111.20383,2970.0,IRIS,19.255,1.0,,,True,EHZ,100.0,True,7.612586941715917,False
155,Crandall Canyon Mine,2007-08-06 08:48:44,2007-08-06 08:49:57,39.4675,-111.2248,mine collapse,,202400.0,54400.0,,,,,,,,,,,UU,DBD,EHZ,01,39.31367,-111.0925,2265.0,IRIS,20.532,1.0,,,True,EHZ,100.0,True,4.405901282439078,False
155,Crandall Canyon Mine,2007-08-06 08:48:44,2007-08-06 08:49:57,39.4675,-111.2248,mine collapse,,202400.0,54400.0,,,,,,,,,,,UU,SNO,EHZ,01,39.31967,-111.53883,2503.0,IRIS,31.641,1.0,,,True,EHZ,100.0,True,4.479848189581785,False
155,Crandall Canyon Mine,2007-08-06 08:48:44,2007-08-06 08:49:57,39.4675,-111.2248,mine collapse,,202400.0,54400.0,,,,,,,,,,,TA,P16A,BHZ,,39.6092,-111.6595,1822.0,IRIS,40.546,1.0,1.0,,True,BHZ,40.0,True,7.755253128170498,True
155,Crandall Canyon Mine,2007-08-06 08:48:44,2007-08-06 08:49:57,39.4675,-111.2248,mine collapse,,202400.0,54400.0,,,,,,,,,,,TA,P17A,BHZ,,39.473,-110.739998,1687.0,IRIS,41.722,1.0,0.0,,True,BHZ,40.0,True,15.777621913212515,True
155,Crandall Canyon Mine,2007-08-06 08:48:44,2007-08-06 08:49:57,39.4675,-111.2248,mine collapse,,202400.0,54400.0,,,,,,,,,,,UU,SGU,EHZ,01,39.18233,-111.64467,2357.0,IRIS,48.095,1.0,,,True,EHZ,100.0,True,6.268658698305092,False
155,Crandall Canyon Mine,2007-08-06 08:48:44,2007-08-06 08:49:57,39.4675,-111.2248,mine collapse,,202400.0,54400.0,,,,,,,,,,,UU,BCW,EHZ,01,39.7303,-110.7425,2614.0,IRIS,50.67,1.0,,,True,EHZ,100.0,True,8.288450831912023,True
155,Crandall Canyon Mine,2007-08-06 08:48:44,2007-08-06 08:49:57,39.4675,-111.2248,mine collapse,,202400.0,54400.0,,,,,,,,,,,UU,LEVU,EHZ,01,39.5065,-111.81467,1996.0,IRIS,50.93,1.0,,,True,EHZ,100.0,True,8.214036624518789,True
155,Crandall Canyon Mine,2007-08-06 08:48:44,2007-08-06 08:49:57,39.4675,-111.2248,mine collapse,,202400.0,54400.0,,,,,,,,,,,UU,EMU,EHZ,01,39.814,-110.81533,2268.0,IRIS,52.11,1.0,,,True,EHZ,100.0,True,5.621624844396215,False
156,"White Salmon Glacier, Mount Adams",2018-08-28 16:00:49,2018-08-28 16:01:58,46.1999,-121.511,ice avalanche,20000.0,3000.0,1600.0,4200.0,20000.0,10000.0,60000.0,,,,300.0,190.0,340.0,UW,ASR,EHZ,,46.15259,-121.60164,1357.0,IRIS,8.754,1.0,,,True,EHZ,100.0,True,3.351912700628022,True
156,"White Salmon Glacier, Mount Adams",2018-08-28 16:00:49,2018-08-28 16:01:58,46.1999,-121.511,ice avalanche,20000.0,3000.0,1600.0,4200.0,20000.0,10000.0,60000.0,,,,300.0,190.0,340.0,CC,AWST,EHZ,,46.14465,-121.771362,1159.0,IRIS,21.023,1.0,,,True,EHZ,50.0,True,3.624708524434796,True
156,"White Salmon Glacier, Mount Adams",2018-08-28 16:00:49,2018-08-28 16:01:58,46.1999,-121.511,ice avalanche,20000.0,3000.0,1600.0,4200.0,20000.0,10000.0,60000.0,,,,300.0,190.0,340.0,UW,KREP,HHZ,,45.885201,-121.459702,472.0,IRIS,35.204,1.0,,,True,HHZ,100.0,True,3.11968218617081,True
156,"White Salmon Glacier, Mount Adams",2018-08-28 16:00:49,2018-08-28 16:01:58,46.1999,-121.511,ice avalanche,20000.0,3000.0,1600.0,4200.0,20000.0,10000.0,60000.0,,,,300.0,190.0,340.0,UW,SOS,EHZ,,46.24386,-122.13787,1270.0,IRIS,48.611,1.0,,,True,EHZ,100.0,True,22.554598119212564,True
157,Montecito,2018-01-09 11:40:01,2018-01-09 13:08:35,34.4505,-119.6259,debris flow,2600000.0,,,,680000.0,,,,,,200.0,190.0,250.0,CI,QAD,EHZ,,34.42367,-119.60926,68.0,"IRIS,SCEDC",3.346,1.0,,,True,EHZ,100.0,True,3.557435168100984,True
157,Montecito,2018-01-09 11:40:01,2018-01-09 13:08:35,34.4505,-119.6259,debris flow,2600000.0,,,,680000.0,,,,,,200.0,190.0,250.0,CI,SBC,BHZ,,34.44076,-119.71492,94.0,"NCEDC,SCEDC,IRIS",8.252,1.0,,,True,HHZ,100.0,True,3.2852194280316054,True
157,Montecito,2018-01-09 11:40:01,2018-01-09 13:08:35,34.4505,-119.6259,debris flow,2600000.0,,,,680000.0,,,,,,200.0,190.0,250.0,CI,SBC,HHZ,,34.44076,-119.71492,94.0,"NCEDC,SCEDC,IRIS",8.252,1.0,,,True,HHZ,100.0,True,3.2852194280316054,True
158,Montecito subevent,2018-01-09 12:05:09,2018-01-09 12:10:28,34.4254,-119.61,debris flow,600000.0,,,,140000.0,,,,,,220.0,210.0,230.0,CI,QAD,EHZ,,34.42367,-119.60926,68.0,"IRIS,SCEDC",0.204,,,1.0,True,EHZ,100.0,True,3.368452938155865,False
159,Iliamna,2017-03-06 23:26:27,2017-03-06 23:45:41,60.033,-153.0987,ice avalanche,,,,,,,,,,,,,,AV,IVE,BHZ,,60.0163,-153.0185,1173.0,IRIS,4.269,1.0,0.0,,True,EHZ,100.0,True,3.5732423345685183,False
159,Iliamna,2017-03-06 23:26:27,2017-03-06 23:45:41,60.033,-153.0987,ice avalanche,,,,,,,,,,,,,,AV,ILSW,BHZ,,59.9832,-153.1425,1318.0,IRIS,5.98,1.0,1.0,,True,BHZ,50.0,True,10.809138787342814,True
159,Iliamna,2017-03-06 23:26:27,2017-03-06 23:45:41,60.033,-153.0987,ice avalanche,,,,,,,,,,,,,,AV,ILS,BHZ,,59.957,-153.0703,1125.0,IRIS,8.207,1.0,0.0,,True,EHZ,100.0,True,3.39104123826002,False
159,Iliamna,2017-03-06 23:26:27,2017-03-06 23:45:41,60.033,-153.0987,ice avalanche,,,,,,,,,,,,,,TA,O20K,BHZ,,60.0815,-152.624,915.0,IRIS,26.586,1.0,1.0,,True,BHZ,40.0,True,6.307757350521638,True
159,Iliamna,2017-03-06 23:26:27,2017-03-06 23:45:41,60.033,-153.0987,ice avalanche,,,,,,,,,,,,,,TA,P19K,BHZ,,59.6524,-153.2319,629.0,IRIS,42.814,1.0,1.0,,True,BHZ,40.0,True,3.712928289988808,False
159,Iliamna,2017-03-06 23:26:27,2017-03-06 23:45:41,60.033,-153.0987,ice avalanche,,,,,,,,,,,,,,AV,RED,BHZ,,60.4196,-152.7742,1071.0,IRIS,46.803,1.0,0.0,,True,EHZ,100.0,True,3.183047533622087,False
159,Iliamna,2017-03-06 23:26:27,2017-03-06 23:45:41,60.033,-153.0987,ice avalanche,,,,,,,,,,,,,,AV,RDSO,BHZ,,60.4536,-152.743,1557.0,IRIS,50.96,1.0,0.0,,True,BHZ,50.0,True,4.132436837124975,True
159,Iliamna,2017-03-06 23:26:27,2017-03-06 23:45:41,60.033,-153.0987,ice avalanche,,,,,,,,,,,,,,AV,RSO,EHZ,,60.4616,-152.756,1921.0,IRIS,51.523,1.0,,,True,EHZ,100.0,True,4.468093506977651,True
159,Iliamna,2017-03-06 23:26:27,2017-03-06 23:45:41,60.033,-153.0987,ice avalanche,,,,,,,,,,,,,,AV,NCT,BHZ,,60.5621,-152.9293,1136.0,IRIS,59.947,1.0,0.0,,True,EHZ,100.0,True,10.978205406885648,True
159,Iliamna,2017-03-06 23:26:27,2017-03-06 23:45:41,60.033,-153.0987,ice avalanche,,,,,,,,,,,,,,ZE,HLC2,HHZ,,60.5756,-153.0827,719.0,IRIS,60.791,0.0,1.0,,True,HHZ,100.0,True,5.644238555568879,False
160,"Red Glacier, Iliamna",2018-07-11 00:24:06,2018-07-11 00:37:49,60.0336,-153.076,ice avalanche,1400000.0,170000.0,110000.0,260000.0,2460000.0,1230000.0,6150000.0,,,,1300.0,1100.0,1400.0,AV,IVE,BHZ,,60.0163,-153.0185,1173.0,IRIS,3.741,1.0,,,True,EHZ,100.0,True,3.4595329331442666,True
160,"Red Glacier, Iliamna",2018-07-11 00:24:06,2018-07-11 00:37:49,60.0336,-153.076,ice avalanche,1400000.0,170000.0,110000.0,260000.0,2460000.0,1230000.0,6150000.0,,,,1300.0,1100.0,1400.0,AV,ILSW,BHZ,,59.9832,-153.1425,1318.0,IRIS,6.73,1.0,,,True,BHZ,50.0,True,18.937913552221232,True
160,"Red Glacier, Iliamna",2018-07-11 00:24:06,2018-07-11 00:37:49,60.0336,-153.076,ice avalanche,1400000.0,170000.0,110000.0,260000.0,2460000.0,1230000.0,6150000.0,,,,1300.0,1100.0,1400.0,TA,O20K,BHZ,,60.0815,-152.624,915.0,IRIS,25.737,1.0,,,True,BHZ,40.0,True,4.293696751493358,True
160,"Red Glacier, Iliamna",2018-07-11 00:24:06,2018-07-11 00:37:49,60.0336,-153.076,ice avalanche,1400000.0,170000.0,110000.0,260000.0,2460000.0,1230000.0,6150000.0,,,,1300.0,1100.0,1400.0,TA,P19K,BHZ,,59.6524,-153.2319,629.0,IRIS,43.359,1.0,,,True,BHZ,40.0,True,3.257549677935925,False
160,"Red Glacier, Iliamna",2018-07-11 00:24:06,2018-07-11 00:37:49,60.0336,-153.076,ice avalanche,1400000.0,170000.0,110000.0,260000.0,2460000.0,1230000.0,6150000.0,,,,1300.0,1100.0,1400.0,AV,RED,BHZ,,60.4196,-152.7742,1071.0,IRIS,46.144,1.0,,,True,EHZ,100.0,True,11.105296323551157,True
160,"Red Glacier, Iliamna",2018-07-11 00:24:06,2018-07-11 00:37:49,60.0336,-153.076,ice avalanche,1400000.0,170000.0,110000.0,260000.0,2460000.0,1230000.0,6150000.0,,,,1300.0,1100.0,1400.0,TA,N19K,BHZ,,60.8132,-154.4838,1144.0,IRIS,116.438,1.0,,,True,BHZ,40.0,True,3.5624006320522885,True
160,"Red Glacier, Iliamna",2018-07-11 00:24:06,2018-07-11 00:37:49,60.0336,-153.076,ice avalanche,1400000.0,170000.0,110000.0,260000.0,2460000.0,1230000.0,6150000.0,,,,1300.0,1100.0,1400.0,TA,N18K,BHZ,,60.6801,-155.8897,572.0,IRIS,171.183,1.0,,,True,BHZ,40.0,True,3.2411947196665403,False
161,"Umbrella Glacier, Iliamna",2019-03-26 18:00:44,2019-03-26 18:01:29,60.0285,-153.0924,rock avalanche,370000.0,22000.0,15000.0,33000.0,310000.0,220000.0,450000.0,,,,1300.0,1200.0,1400.0,AV,ILSW,BHZ,,59.9832,-153.1425,1318.0,IRIS,5.769,1.0,,,True,BHZ,50.0,True,27.843255844595205,True
161,"Umbrella Glacier, Iliamna",2019-03-26 18:00:44,2019-03-26 18:01:29,60.0285,-153.0924,rock avalanche,370000.0,22000.0,15000.0,33000.0,310000.0,220000.0,450000.0,,,,1300.0,1200.0,1400.0,AV,ILS,BHZ,,59.957,-153.0703,1125.0,IRIS,8.061,1.0,,,True,BHZ,50.0,True,20.746664722568745,True
161,"Umbrella Glacier, Iliamna",2019-03-26 18:00:44,2019-03-26 18:01:29,60.0285,-153.0924,rock avalanche,370000.0,22000.0,15000.0,33000.0,310000.0,220000.0,450000.0,,,,1300.0,1200.0,1400.0,TA,O20K,BHZ,,60.0815,-152.624,915.0,IRIS,26.753,1.0,,,True,BHZ,40.0,True,11.076271901615662,True
161,"Umbrella Glacier, Iliamna",2019-03-26 18:00:44,2019-03-26 18:01:29,60.0285,-153.0924,rock avalanche,370000.0,22000.0,15000.0,33000.0,310000.0,220000.0,450000.0,,,,1300.0,1200.0,1400.0,TA,P19K,BHZ,,59.6524,-153.2319,629.0,IRIS,42.625,1.0,,,True,BHZ,40.0,True,5.482408861374768,False
161,"Umbrella Glacier, Iliamna",2019-03-26 18:00:44,2019-03-26 18:01:29,60.0285,-153.0924,rock avalanche,370000.0,22000.0,15000.0,33000.0,310000.0,220000.0,450000.0,,,,1300.0,1200.0,1400.0,AV,RDWB,BHZ,,60.4875,-152.8425,1546.0,IRIS,52.979,1.0,,,True,BHZ,50.0,True,10.51679099448402,True
161,"Umbrella Glacier, Iliamna",2019-03-26 18:00:44,2019-03-26 18:01:29,60.0285,-153.0924,rock avalanche,370000.0,22000.0,15000.0,33000.0,310000.0,220000.0,450000.0,,,,1300.0,1200.0,1400.0,AV,RDT,BHZ,,60.5726,-152.4075,930.0,IRIS,71.478,1.0,,,True,BHZ,50.0,True,9.119127757045783,False
161,"Umbrella Glacier, Iliamna",2019-03-26 18:00:44,2019-03-26 18:01:29,60.0285,-153.0924,rock avalanche,370000.0,22000.0,15000.0,33000.0,310000.0,220000.0,450000.0,,,,1300.0,1200.0,1400.0,AV,AUJA,BHZ,,59.3395,-153.4227,376.0,IRIS,78.982,1.0,,,True,BHZ,50.0,True,3.888881752412247,False
161,"Umbrella Glacier, Iliamna",2019-03-26 18:00:44,2019-03-26 18:01:29,60.0285,-153.0924,rock avalanche,370000.0,22000.0,15000.0,33000.0,310000.0,220000.0,450000.0,,,,1300.0,1200.0,1400.0,TA,N19K,BHZ,,60.8132,-154.4838,1144.0,IRIS,116.269,1.0,,,True,BHZ,40.0,True,9.746355068424329,True
161,"Umbrella Glacier, Iliamna",2019-03-26 18:00:44,2019-03-26 18:01:29,60.0285,-153.0924,rock avalanche,370000.0,22000.0,15000.0,33000.0,310000.0,220000.0,450000.0,,,,1300.0,1200.0,1400.0,AK,CNP,BHZ,,59.5251,-151.2373,564.0,IRIS,118.338,1.0,,,True,BHZ,50.0,True,3.545239493655554,False
161,"Umbrella Glacier, Iliamna",2019-03-26 18:00:44,2019-03-26 18:01:29,60.0285,-153.0924,rock avalanche,370000.0,22000.0,15000.0,33000.0,310000.0,220000.0,450000.0,,,,1300.0,1200.0,1400.0,TA,O18K,BHZ,,59.8542,-155.208,544.0,IRIS,119.838,1.0,,,True,BHZ,40.0,True,7.569514995728894,False
162,Shishaldin,2019-10-29 00:26:44,2019-10-29 00:58:18,54.7566,-163.9706,lahar,270000.0,,,,,,,,,,1500.0,1400.0,1800.0,AV,SSLS,BHZ,,54.7111,-164.0008,817.0,IRIS,5.426,1.0,,,True,BHZ,50.0,True,6.240308597506503,True
162,Shishaldin,2019-10-29 00:26:44,2019-10-29 00:58:18,54.7566,-163.9706,lahar,270000.0,,,,,,,,,,1500.0,1400.0,1800.0,AV,SSLN,BHZ,,54.8109,-163.9979,637.0,IRIS,6.295,1.0,,,True,BHZ,50.0,True,6.934549278926776,True
162,Shishaldin,2019-10-29 00:26:44,2019-10-29 00:58:18,54.7566,-163.9706,lahar,270000.0,,,,,,,,,,1500.0,1400.0,1800.0,AV,SSBA,BHZ,,54.7718,-164.1265,766.0,IRIS,10.177,1.0,,,True,BHZ,50.0,True,8.724487593517178,True
163,Mount Spurr,2020-12-10 20:52:26,2020-12-10 20:53:57,61.2992,-152.2542,landslide,,,,,,,,,,,,,,AV,SPCP,BHZ,,61.2655,-152.155,1616.0,IRIS,6.512,1.0,,,True,BHZ,50.0,True,16.250808014241965,True
163,Mount Spurr,2020-12-10 20:52:26,2020-12-10 20:53:57,61.2992,-152.2542,landslide,,,,,,,,,,,,,,AV,SPBG,BHZ,,61.2591,-152.3722,1087.0,IRIS,7.747,1.0,,,True,BHZ,50.0,True,13.56157385776892,True
163,Mount Spurr,2020-12-10 20:52:26,2020-12-10 20:53:57,61.2992,-152.2542,landslide,,,,,,,,,,,,,,AV,SPCN,BHZ,,61.2244,-152.1854,735.0,IRIS,9.116,1.0,,,True,BHZ,50.0,True,10.3091261263711,True
163,Mount Spurr,2020-12-10 20:52:26,2020-12-10 20:53:57,61.2992,-152.2542,landslide,,,,,,,,,,,,,,AV,SPCL,BHZ,,61.1956,-152.3399,1274.0,IRIS,12.428,1.0,,,True,BHZ,50.0,True,8.086266992440883,True
163,Mount Spurr,2020-12-10 20:52:26,2020-12-10 20:53:57,61.2992,-152.2542,landslide,,,,,,,,,,,,,,AV,SPCG,BHZ,,61.2913,-152.0228,1329.0,IRIS,12.435,1.0,,,True,BHZ,50.0,True,10.006570874331072,True
163,Mount Spurr,2020-12-10 20:52:26,2020-12-10 20:53:57,61.2992,-152.2542,landslide,,,,,,,,,,,,,,AV,SPU,BHZ,,61.1811,-152.0566,800.0,IRIS,16.905,1.0,,,True,BHZ,50.0,True,5.809167835308637,False
163,Mount Spurr,2020-12-10 20:52:26,2020-12-10 20:53:57,61.2992,-152.2542,landslide,,,,,,,,,,,,,,AV,SPBL,BHZ,,61.3764,-151.8947,927.0,IRIS,21.08,1.0,,,True,BHZ,50.0,True,5.094994874711037,False
163,Mount Spurr,2020-12-10 20:52:26,2020-12-10 20:53:57,61.2992,-152.2542,landslide,,,,,,,,,,,,,,AV,SPNN,BHZ,,61.3662,-152.7012,1666.0,IRIS,25.07,1.0,,,True,BHZ,50.0,True,5.780763755146777,False
164,Mount Spurr,2021-04-07 13:22:06,2021-04-07 13:23:58,61.2992,-152.2542,landslide,,,,,,,,,,,,,,AV,SPCP,BHZ,,61.2655,-152.155,1616.0,IRIS,6.512,1.0,,,True,BHZ,50.0,True,11.35536634465488,True
164,Mount Spurr,2021-04-07 13:22:06,2021-04-07 13:23:58,61.2992,-152.2542,landslide,,,,,,,,,,,,,,AV,SPBG,BHZ,,61.2591,-152.3722,1087.0,IRIS,7.747,1.0,,,True,BHZ,50.0,True,11.317845292985478,True
164,Mount Spurr,2021-04-07 13:22:06,2021-04-07 13:23:58,61.2992,-152.2542,landslide,,,,,,,,,,,,,,AV,SPCR,BHZ,,61.2003,-152.2091,984.0,IRIS,11.284,1.0,,,True,BHZ,50.0,True,8.441136367088525,True
164,Mount Spurr,2021-04-07 13:22:06,2021-04-07 13:23:58,61.2992,-152.2542,landslide,,,,,,,,,,,,,,AV,N20K,BHZ,,61.2001,-152.2089,991.0,IRIS,11.308,1.0,,,True,BHZ,40.0,True,8.505734773491076,True
164,Mount Spurr,2021-04-07 13:22:06,2021-04-07 13:23:58,61.2992,-152.2542,landslide,,,,,,,,,,,,,,AK,M20K,BHZ,,61.8823,-153.1318,1107.0,IRIS,79.961,1.0,,,True,BHZ,50.0,True,3.720327271112914,False
164,Mount Spurr,2021-04-07 13:22:06,2021-04-07 13:23:58,61.2992,-152.2542,landslide,,,,,,,,,,,,,,AV,RDT,BHZ,,60.5726,-152.4075,930.0,IRIS,81.389,1.0,,,True,BHZ,50.0,True,3.9407417895654175,False
164,Mount Spurr,2021-04-07 13:22:06,2021-04-07 13:23:58,61.2992,-152.2542,landslide,,,,,,,,,,,,,,AV,RDDF,BHZ,,60.5912,-152.6883,1134.0,IRIS,82.325,1.0,,,True,BHZ,50.0,True,4.2464642684796745,True
164,Mount Spurr,2021-04-07 13:22:06,2021-04-07 13:23:58,61.2992,-152.2542,landslide,,,,,,,,,,,,,,AK,SSN,BHZ,,61.4636,-150.7467,1306.0,IRIS,82.641,1.0,,,True,BHZ,50.0,True,4.147356361372021,False
164,Mount Spurr,2021-04-07 13:22:06,2021-04-07 13:23:58,61.2992,-152.2542,landslide,,,,,,,,,,,,,,AK,SKN,BHZ,,61.98,-151.5317,581.0,IRIS,84.988,1.0,,,True,BHZ,50.0,True,3.738705353246454,False
164,Mount Spurr,2021-04-07 13:22:06,2021-04-07 13:23:58,61.2992,-152.2542,landslide,,,,,,,,,,,,,,AK,M19K,BHZ,,61.9037,-154.3915,521.0,IRIS,131.934,1.0,,,True,BHZ,50.0,True,4.014785172962979,False
165,Mount Spurr,2021-06-14 14:12:43,2021-06-14 14:18:17,61.2992,-152.2542,landslide,,,,,,,,,,,,,,AV,SPCP,BHZ,,61.2655,-152.155,1616.0,IRIS,6.512,1.0,1.0,,True,BHZ,50.0,True,9.64421610445562,True
165,Mount Spurr,2021-06-14 14:12:43,2021-06-14 14:18:17,61.2992,-152.2542,landslide,,,,,,,,,,,,,,AV,SPBG,BHZ,,61.2591,-152.3722,1087.0,IRIS,7.747,1.0,1.0,,True,BHZ,50.0,True,12.134264841807338,True
165,Mount Spurr,2021-06-14 14:12:43,2021-06-14 14:18:17,61.2992,-152.2542,landslide,,,,,,,,,,,,,,AV,SPCN,BHZ,,61.2244,-152.1854,735.0,IRIS,9.116,1.0,1.0,,True,BHZ,50.0,True,5.212343402147472,False
165,Mount Spurr,2021-06-14 14:12:43,2021-06-14 14:18:17,61.2992,-152.2542,landslide,,,,,,,,,,,,,,AV,SPCR,BHZ,,61.2003,-152.2091,984.0,IRIS,11.284,1.0,1.0,,True,BHZ,50.0,True,4.279307695866248,False
165,Mount Spurr,2021-06-14 14:12:43,2021-06-14 14:18:17,61.2992,-152.2542,landslide,,,,,,,,,,,,,,AV,SPWE,BHZ,,61.27346,-152.559,1317.0,IRIS,16.593,1.0,1.0,,True,BHZ,50.0,True,10.760787337625205,True
165,Mount Spurr,2021-06-14 14:12:43,2021-06-14 14:18:17,61.2992,-152.2542,landslide,,,,,,,,,,,,,,AV,SPNN,BHZ,,61.3662,-152.7012,1666.0,IRIS,25.07,1.0,1.0,,True,BHZ,50.0,True,11.869343331833289,True
165,Mount Spurr,2021-06-14 14:12:43,2021-06-14 14:18:17,61.2992,-152.2542,landslide,,,,,,,,,,,,,,AV,STLK,BHZ,,61.4982,-151.8349,945.0,IRIS,31.522,0.0,1.0,,True,BHZ,50.0,True,6.524591980098232,False
165,Mount Spurr,2021-06-14 14:12:43,2021-06-14 14:18:17,61.2992,-152.2542,landslide,,,,,,,,,,,,,,AK,M20K,BHZ,,61.8823,-153.1318,1107.0,IRIS,79.961,1.0,1.0,,True,BHZ,50.0,True,5.7535742760634605,True
165,Mount Spurr,2021-06-14 14:12:43,2021-06-14 14:18:17,61.2992,-152.2542,landslide,,,,,,,,,,,,,,AV,RDT,BHZ,,60.5726,-152.4075,930.0,IRIS,81.389,0.0,1.0,,True,BHZ,50.0,True,3.4339232068099355,False
165,Mount Spurr,2021-06-14 14:12:43,2021-06-14 14:18:17,61.2992,-152.2542,landslide,,,,,,,,,,,,,,AV,RDDF,BHZ,,60.5912,-152.6883,1134.0,IRIS,82.325,1.0,0.0,,True,BHZ,50.0,True,3.947387210522733,False
166,Barry Arm,2020-10-05 05:02:51,2020-10-05 05:05:23,61.1542,-148.166,rock avalanche,286700.0,30000.0,,,650000.0,,,,,,995.0,,,AK,BAW,BHZ,,61.1501,-148.1501,542.0,IRIS,0.97,1.0,1.0,,True,BHZ,50.0,True,42.88261052108469,True
166,Barry Arm,2020-10-05 05:02:51,2020-10-05 05:05:23,61.1542,-148.166,rock avalanche,286700.0,30000.0,,,650000.0,,,,,,995.0,,,AK,BAE,BHZ,,61.1319,-148.1234,578.0,IRIS,3.382,1.0,1.0,,True,BHZ,50.0,True,31.787873476153887,True
166,Barry Arm,2020-10-05 05:02:51,2020-10-05 05:05:23,61.1542,-148.166,rock avalanche,286700.0,30000.0,,,650000.0,,,,,,995.0,,,AK,KNK,BHZ,,61.4131,-148.4585,598.0,IRIS,32.838,1.0,1.0,,True,BHZ,50.0,True,12.204521089505493,True
166,Barry Arm,2020-10-05 05:02:51,2020-10-05 05:05:23,61.1542,-148.166,rock avalanche,286700.0,30000.0,,,650000.0,,,,,,995.0,,,AK,PWL,BHZ,,60.8584,-148.3334,550.0,IRIS,34.182,1.0,0.0,,True,BHZ,50.0,True,8.569837376805229,False
166,Barry Arm,2020-10-05 05:02:51,2020-10-05 05:05:23,61.1542,-148.166,rock avalanche,286700.0,30000.0,,,650000.0,,,,,,995.0,,,AK,GLI,BHZ,,60.8792,-147.0959,430.0,IRIS,65.481,1.0,1.0,,True,BHZ,50.0,True,9.596369519262623,False
166,Barry Arm,2020-10-05 05:02:51,2020-10-05 05:05:23,61.1542,-148.166,rock avalanche,286700.0,30000.0,,,650000.0,,,,,,995.0,,,AT,PMR,BHZ,,61.5922,-149.1308,100.0,IRIS,71.018,1.0,1.0,,True,BHZ,50.0,True,12.595676745035762,True
166,Barry Arm,2020-10-05 05:02:51,2020-10-05 05:05:23,61.1542,-148.166,rock avalanche,286700.0,30000.0,,,650000.0,,,,,,995.0,,,AK,SAW,BHZ,,61.807,-148.3318,847.0,IRIS,73.281,1.0,1.0,,True,BHZ,50.0,True,12.616858907805224,True
166,Barry Arm,2020-10-05 05:02:51,2020-10-05 05:05:23,61.1542,-148.166,rock avalanche,286700.0,30000.0,,,650000.0,,,,,,995.0,,,AK,M23K,BHZ,,61.7929,-147.7262,583.0,IRIS,74.935,1.0,1.0,,True,BHZ,50.0,True,9.963293225352444,False
166,Barry Arm,2020-10-05 05:02:51,2020-10-05 05:05:23,61.1542,-148.166,rock avalanche,286700.0,30000.0,,,650000.0,,,,,,995.0,,,AK,GHO,BHZ,,61.771,-148.926,1032.0,IRIS,79.789,1.0,0.0,,True,BHZ,50.0,True,6.13641590029954,False
166,Barry Arm,2020-10-05 05:02:51,2020-10-05 05:05:23,61.1542,-148.166,rock avalanche,286700.0,30000.0,,,650000.0,,,,,,995.0,,,AK,RC01,BHZ,,61.0889,-149.739,390.0,IRIS,85.095,1.0,1.0,,True,BHZ,50.0,True,8.271645698493565,False
167,Mount St Helens 1,2021-02-01 10:54:27,2021-02-01 11:04:52,46.198,-122.174,snow avalanche,,,,,,,,,,,,,,UW,EDM,EHZ,,46.19717,-122.15121,1609.0,IRIS,1.762,1.0,,,True,EHZ,100.0,True,4.395413595262785,False
167,Mount St Helens 1,2021-02-01 10:54:27,2021-02-01 11:04:52,46.198,-122.174,snow avalanche,,,,,,,,,,,,,,CC,SUG,BHZ,,46.215549,-122.176262,1859.0,IRIS,1.958,1.0,,,True,BHZ,50.0,True,13.094774970497037,True
167,Mount St Helens 1,2021-02-01 10:54:27,2021-02-01 11:04:52,46.198,-122.174,snow avalanche,,,,,,,,,,,,,,CC,VALT,BHZ,,46.21422,-122.18925,1681.0,IRIS,2.153,1.0,,,True,BHZ,50.0,True,12.196139167065132,True
167,Mount St Helens 1,2021-02-01 10:54:27,2021-02-01 11:04:52,46.198,-122.174,snow avalanche,,,,,,,,,,,,,,UW,HSR,EHZ,,46.17428,-122.18065,1720.0,IRIS,2.686,1.0,,,True,EHZ,100.0,True,11.420627702555876,True
167,Mount St Helens 1,2021-02-01 10:54:27,2021-02-01 11:04:52,46.198,-122.174,snow avalanche,,,,,,,,,,,,,,CC,SWF2,BHZ,,46.17835,-122.21677,1548.0,IRIS,3.959,1.0,,,True,BHZ,50.0,True,13.267416711933349,True
167,Mount St Helens 1,2021-02-01 10:54:27,2021-02-01 11:04:52,46.198,-122.174,snow avalanche,,,,,,,,,,,,,,UW,SHW,EHZ,,46.19347,-122.23635,1425.0,IRIS,4.839,1.0,,,True,EHZ,100.0,True,12.418128379700285,True
167,Mount St Helens 1,2021-02-01 10:54:27,2021-02-01 11:04:52,46.198,-122.174,snow avalanche,,,,,,,,,,,,,,PB,B201,EHZ,,46.3033,-122.2648,990.0,IRIS,13.639,1.0,,,True,EHZ,100.0,True,4.075560448516373,False
167,Mount St Helens 1,2021-02-01 10:54:27,2021-02-01 11:04:52,46.198,-122.174,snow avalanche,,,,,,,,,,,,,,UW,PUPY,EHZ,,46.49542,-122.14613,816.3,IRIS,33.13,1.0,,,True,EHZ,100.0,True,4.076147189525062,False
167,Mount St Helens 1,2021-02-01 10:54:27,2021-02-01 11:04:52,46.198,-122.174,snow avalanche,,,,,,,,,,,,,,UW,CINE,HHZ,,46.556599,-122.567299,203.4,IRIS,50.045,1.0,,,True,HHZ,100.0,True,3.829348832783908,False
167,Mount St Helens 1,2021-02-01 10:54:27,2021-02-01 11:04:52,46.198,-122.174,snow avalanche,,,,,,,,,,,,,,UW,LON,HHZ,,46.750599,-121.809601,853.0,IRIS,67.502,1.0,,,True,HHZ,100.0,True,4.747565351455336,False
168,Mount St Helens 2,2021-02-03 05:42:41,2021-02-03 06:00:49,46.198,-122.174,snow avalanche,,,,,,,,,,,,,,UW,EDM,EHZ,,46.19717,-122.15121,1609.0,IRIS,1.762,1.0,,,True,EHZ,100.0,True,3.483214868922056,False
168,Mount St Helens 2,2021-02-03 05:42:41,2021-02-03 06:00:49,46.198,-122.174,snow avalanche,,,,,,,,,,,,,,CC,SUG,BHZ,,46.215549,-122.176262,1859.0,IRIS,1.958,1.0,,,True,BHZ,50.0,True,4.951790182604341,True
168,Mount St Helens 2,2021-02-03 05:42:41,2021-02-03 06:00:49,46.198,-122.174,snow avalanche,,,,,,,,,,,,,,CC,VALT,BHZ,,46.21422,-122.18925,1681.0,IRIS,2.153,1.0,,,True,BHZ,50.0,True,4.865999550426871,True
168,Mount St Helens 2,2021-02-03 05:42:41,2021-02-03 06:00:49,46.198,-122.174,snow avalanche,,,,,,,,,,,,,,UW,HSR,EHZ,,46.17428,-122.18065,1720.0,IRIS,2.686,1.0,,,True,EHZ,100.0,True,5.568272558294129,True
168,Mount St Helens 2,2021-02-03 05:42:41,2021-02-03 06:00:49,46.198,-122.174,snow avalanche,,,,,,,,,,,,,,CC,SWF2,BHZ,,46.17835,-122.21677,1548.0,IRIS,3.959,1.0,,,True,BHZ,50.0,True,6.133945763220785,True
168,Mount St Helens 2,2021-02-03 05:42:41,2021-02-03 06:00:49,46.198,-122.174,snow avalanche,,,,,,,,,,,,,,UW,SHW,EHZ,,46.19347,-122.23635,1425.0,IRIS,4.839,1.0,,,True,EHZ,100.0,True,6.59832441386016,True
168,Mount St Helens 2,2021-02-03 05:42:41,2021-02-03 06:00:49,46.198,-122.174,snow avalanche,,,,,,,,,,,,,,UW,SOS,EHZ,,46.24386,-122.13787,1270.0,IRIS,5.81,1.0,,,True,EHZ,100.0,True,4.0702210460386565,False
168,Mount St Helens 2,2021-02-03 05:42:41,2021-02-03 06:00:49,46.198,-122.174,snow avalanche,,,,,,,,,,,,,,PB,B201,EHZ,,46.3033,-122.2648,990.0,IRIS,13.639,1.0,,,True,EHZ,100.0,True,3.678431261044338,False
168,Mount St Helens 2,2021-02-03 05:42:41,2021-02-03 06:00:49,46.198,-122.174,snow avalanche,,,,,,,,,,,,,,UW,MTM,EHZ,,46.02533,-122.21287,1121.0,IRIS,19.427,1.0,,,True,EHZ,100.0,True,3.702166713468821,False
168,Mount St Helens 2,2021-02-03 05:42:41,2021-02-03 06:00:49,46.198,-122.174,snow avalanche,,,,,,,,,,,,,,UW,PUPY,EHZ,,46.49542,-122.14613,816.3,IRIS,33.13,1.0,,,True,EHZ,100.0,True,3.5229034819893856,False
169,Solvay Mine,2000-01-30 14:47:16,2000-01-30 14:50:30,41.4872,-109.7543,mine collapse,650000.0,,,,,,,,,,,,,UU,MCU,EHZ,01,41.46167,-111.5075,2664.0,IRIS,146.468,1.0,,,True,EHZ,99.96699669966996,True,9.32237686262677,False
169,Solvay Mine,2000-01-30 14:47:16,2000-01-30 14:50:30,41.4872,-109.7543,mine collapse,650000.0,,,,,,,,,,,,,UU,HTU,EHZ,01,40.67453,-111.22075,2586.0,IRIS,152.74,1.0,,,True,EHZ,99.96699669966996,True,13.30011274938561,True
169,Solvay Mine,2000-01-30 14:47:16,2000-01-30 14:50:30,41.4872,-109.7543,mine collapse,650000.0,,,,,,,,,,,,,UU,WLJ,EHZ,,40.61333,-111.34467,2075.0,IRIS,165.207,1.0,,,True,EHZ,99.96699669966996,True,9.130694301582912,False
169,Solvay Mine,2000-01-30 14:47:16,2000-01-30 14:50:30,41.4872,-109.7543,mine collapse,650000.0,,,,,,,,,,,,,UU,KLJ,EHZ,01,40.63083,-111.405,1992.0,IRIS,168.217,1.0,,,True,EHZ,99.96699669966996,True,13.059828734196298,True
169,Solvay Mine,2000-01-30 14:47:16,2000-01-30 14:50:30,41.4872,-109.7543,mine collapse,650000.0,,,,,,,,,,,,,UU,RCJ,EHZ,01,40.6585,-111.43933,2090.0,IRIS,168.886,1.0,,,True,EHZ,99.96699669966996,True,12.14829895199206,False
169,Solvay Mine,2000-01-30 14:47:16,2000-01-30 14:50:30,41.4872,-109.7543,mine collapse,650000.0,,,,,,,,,,,,,UU,HLJ,EHZ,01,40.6105,-111.40067,1931.0,IRIS,169.223,1.0,,,True,EHZ,99.96699669966996,True,13.846273171014762,True
169,Solvay Mine,2000-01-30 14:47:16,2000-01-30 14:50:30,41.4872,-109.7543,mine collapse,650000.0,,,,,,,,,,,,,UU,HDU,EHZ,01,41.8045,-111.76483,1853.0,IRIS,171.157,1.0,,,True,EHZ,99.96699669966996,True,10.806908399011832,False
169,Solvay Mine,2000-01-30 14:47:16,2000-01-30 14:50:30,41.4872,-109.7543,mine collapse,650000.0,,,,,,,,,,,,,UU,LDJ,EHZ,01,40.5815,-111.40867,2217.0,IRIS,171.665,1.0,,,True,EHZ,99.96699669966996,True,14.64701341920054,True
169,Solvay Mine,2000-01-30 14:47:16,2000-01-30 14:50:30,41.4872,-109.7543,mine collapse,650000.0,,,,,,,,,,,,,UU,JLU,EHZ,,40.60195,-111.44995,2285.0,IRIS,173.172,1.0,,,True,EHZ,99.96699669966996,True,13.224507745016352,True
169,Solvay Mine,2000-01-30 14:47:16,2000-01-30 14:50:30,41.4872,-109.7543,mine collapse,650000.0,,,,,,,,,,,,,UU,DAU,EHZ,01,40.4125,-111.25584,2771.0,IRIS,173.857,1.0,,,True,EHZ,99.96699669966996,True,11.177377051823798,False
170,"White River, Mount Hood",2021-01-12 19:50:54,2021-01-12 20:01:02,45.351,-121.7,snow avalanche,,,,,,,,,,,,,,CC,PALM,BHZ,,45.358574,-121.705536,2590.0,IRIS,0.947,1.0,,,True,BHZ,50.0,True,3.915801583308628,True
170,"White River, Mount Hood",2021-01-12 19:50:54,2021-01-12 20:01:02,45.351,-121.7,snow avalanche,,,,,,,,,,,,,,CC,TIMB,BHZ,,45.33572,-121.710358,1869.0,IRIS,1.882,1.0,,,True,BHZ,50.0,True,5.013644912208292,True
170,"White River, Mount Hood",2021-01-12 19:50:54,2021-01-12 20:01:02,45.351,-121.7,snow avalanche,,,,,,,,,,,,,,UW,HOOD,HHZ,,45.322262,-121.650932,1512.0,IRIS,4.999,1.0,,,True,HHZ,100.0,True,3.9711036857371815,True
171,"Newton-Clark, Mount Hood",2020-01-14 17:51:03,2020-01-14 17:53:43,45.3707,-121.6928,snow avalanche,,,,,,,,,,,1500.0,,,CC,PALM,BHZ,,45.358574,-121.705536,2590.0,IRIS,1.677,1.0,,,True,BHZ,50.0,True,5.773896372731208,False
171,"Newton-Clark, Mount Hood",2020-01-14 17:51:03,2020-01-14 17:53:43,45.3707,-121.6928,snow avalanche,,,,,,,,,,,1500.0,,,CC,TIMB,BHZ,,45.33572,-121.710358,1869.0,IRIS,4.124,1.0,,,True,BHZ,50.0,True,6.317338276540445,True
171,"Newton-Clark, Mount Hood",2020-01-14 17:51:03,2020-01-14 17:53:43,45.3707,-121.6928,snow avalanche,,,,,,,,,,,1500.0,,,UW,HOOD,HHZ,,45.322262,-121.650932,1512.0,IRIS,6.304,1.0,,,True,HHZ,100.0,True,9.651364380937206,True
171,"Newton-Clark, Mount Hood",2020-01-14 17:51:03,2020-01-14 17:53:43,45.3707,-121.6928,snow avalanche,,,,,,,,,,,1500.0,,,UW,VLL,EHZ,,45.46317,-121.68035,1195.0,IRIS,10.323,1.0,,,True,EHZ,100.0,True,6.048617156223203,True
171,"Newton-Clark, Mount Hood",2020-01-14 17:51:03,2020-01-14 17:53:43,45.3707,-121.6928,snow avalanche,,,,,,,,,,,1500.0,,,CC,HIYU,BHZ,,45.43523,-121.807396,1418.0,IRIS,11.486,1.0,,,True,BHZ,50.0,True,5.968152504492661,True
171,"Newton-Clark, Mount Hood",2020-01-14 17:51:03,2020-01-14 17:53:43,45.3707,-121.6928,snow avalanche,,,,,,,,,,,1500.0,,,CC,SHRK,BHZ,,45.464317,-121.528767,1318.7,IRIS,16.526,1.0,,,True,BHZ,50.0,True,7.349471037258342,True
171,"Newton-Clark, Mount Hood",2020-01-14 17:51:03,2020-01-14 17:53:43,45.3707,-121.6928,snow avalanche,,,,,,,,,,,1500.0,,,UO,JESE,HHZ,,45.242199,-121.316704,592.0,IRIS,32.771,1.0,,,True,HHZ,100.0,True,4.893502592345924,False
172,"Crater Rock, Mount Hood",2020-01-26 13:02:46,2020-01-26 13:04:53,45.3691,-121.7007,snow avalanche,,,,,,,,,,,,,,CC,PALM,BHZ,,45.358574,-121.705536,2590.0,IRIS,1.23,1.0,,,True,BHZ,50.0,True,20.41652393959527,True
172,"Crater Rock, Mount Hood",2020-01-26 13:02:46,2020-01-26 13:04:53,45.3691,-121.7007,snow avalanche,,,,,,,,,,,,,,CC,TIMB,BHZ,,45.33572,-121.710358,1869.0,IRIS,3.786,1.0,,,True,BHZ,50.0,True,15.012633732698848,True
172,"Crater Rock, Mount Hood",2020-01-26 13:02:46,2020-01-26 13:04:53,45.3691,-121.7007,snow avalanche,,,,,,,,,,,,,,UW,HOOD,HHZ,,45.322262,-121.650932,1512.0,IRIS,6.505,1.0,,,True,HHZ,100.0,True,6.756702993317243,True
172,"Crater Rock, Mount Hood",2020-01-26 13:02:46,2020-01-26 13:04:53,45.3691,-121.7007,snow avalanche,,,,,,,,,,,,,,UW,VLL,EHZ,,45.46317,-121.68035,1195.0,IRIS,10.576,1.0,,,True,EHZ,100.0,True,3.920639142032443,True
172,"Crater Rock, Mount Hood",2020-01-26 13:02:46,2020-01-26 13:04:53,45.3691,-121.7007,snow avalanche,,,,,,,,,,,,,,CC,SHRK,BHZ,,45.464317,-121.528767,1318.7,IRIS,17.12,1.0,,,True,BHZ,50.0,True,4.197527366165487,True
173,"Coe Glacier, Mount Hood",2021-02-16 17:06:14,2021-02-16 17:09:57,45.3817,-121.6957,snow avalanche,,,,,,,,,,,,,,CC,BRSP,BHZ,,45.40155,-121.70843,2080.0,IRIS,2.421,1.0,,,True,BHZ,50.0,True,11.18573046466797,True
173,"Coe Glacier, Mount Hood",2021-02-16 17:06:14,2021-02-16 17:09:57,45.3817,-121.6957,snow avalanche,,,,,,,,,,,,,,CC,YOCR,BHZ,,45.379178,-121.743539,1913.7,IRIS,3.757,1.0,,,True,BHZ,50.0,True,9.673872715561052,True
173,"Coe Glacier, Mount Hood",2021-02-16 17:06:14,2021-02-16 17:09:57,45.3817,-121.6957,snow avalanche,,,,,,,,,,,,,,UW,HOOD,HHZ,,45.322262,-121.650932,1512.0,IRIS,7.48,1.0,,,True,HHZ,100.0,True,3.897747588637374,True
173,"Coe Glacier, Mount Hood",2021-02-16 17:06:14,2021-02-16 17:09:57,45.3817,-121.6957,snow avalanche,,,,,,,,,,,,,,UW,VLL,EHZ,,45.46317,-121.68035,1195.0,IRIS,9.134,1.0,,,True,EHZ,100.0,True,7.001681780941163,True
173,"Coe Glacier, Mount Hood",2021-02-16 17:06:14,2021-02-16 17:09:57,45.3817,-121.6957,snow avalanche,,,,,,,,,,,,,,CC,SHRK,BHZ,,45.464317,-121.528767,1318.7,IRIS,15.969,1.0,,,True,BHZ,50.0,True,3.764614153423886,True
174,"Reid Glacier, Mount Hood",2021-02-24 03:49:14,2021-02-24 03:54:48,45.3697,-121.7295,snow avalanche,,,,,,,,,,,,,,CC,YOCR,BHZ,,45.379178,-121.743539,1913.7,IRIS,1.523,1.0,,,True,BHZ,50.0,True,7.018187538516278,True
174,"Reid Glacier, Mount Hood",2021-02-24 03:49:14,2021-02-24 03:54:48,45.3697,-121.7295,snow avalanche,,,,,,,,,,,,,,CC,PALM,BHZ,,45.358574,-121.705536,2590.0,IRIS,2.248,1.0,,,True,BHZ,50.0,True,6.0197722961788624,True
174,"Reid Glacier, Mount Hood",2021-02-24 03:49:14,2021-02-24 03:54:48,45.3697,-121.7295,snow avalanche,,,,,,,,,,,,,,CC,BRSP,BHZ,,45.40155,-121.70843,2080.0,IRIS,3.906,1.0,,,True,BHZ,50.0,True,5.249286668353233,True
174,"Reid Glacier, Mount Hood",2021-02-24 03:49:14,2021-02-24 03:54:48,45.3697,-121.7295,snow avalanche,,,,,,,,,,,,,,CC,TIMB,BHZ,,45.33572,-121.710358,1869.0,IRIS,4.063,1.0,,,True,BHZ,50.0,True,4.090993161597107,False
174,"Reid Glacier, Mount Hood",2021-02-24 03:49:14,2021-02-24 03:54:48,45.3697,-121.7295,snow avalanche,,,,,,,,,,,,,,UW,HOOD,HHZ,,45.322262,-121.650932,1512.0,IRIS,8.106,1.0,,,True,HHZ,100.0,True,4.48479384488892,True
174,"Reid Glacier, Mount Hood",2021-02-24 03:49:14,2021-02-24 03:54:48,45.3697,-121.7295,snow avalanche,,,,,,,,,,,,,,CC,HIYU,BHZ,,45.43523,-121.807396,1418.0,IRIS,9.499,1.0,,,True,BHZ,50.0,True,4.17390812984038,True
175,Mount Rainier,2019-09-27 00:43:20,2019-09-27 01:29:22,46.8191,-121.81,debris flow,,,,,,,,,,,,,,UW,RER,EHZ,,46.81905,-121.84213,1756.0,IRIS,2.452,1.0,,1.0,True,EHZ,100.0,True,4.345118491399154,True
175,Mount Rainier,2019-09-27 00:43:20,2019-09-27 01:29:22,46.8191,-121.81,debris flow,,,,,,,,,,,,,,UW,LO2,EHZ,,46.7506,-121.8096,853.0,IRIS,7.615,1.0,,1.0,True,EHZ,100.0,True,4.021651964101004,True
175,Mount Rainier,2019-09-27 00:43:20,2019-09-27 01:29:22,46.8191,-121.81,debris flow,,,,,,,,,,,,,,UW,LON,HHZ,,46.750599,-121.809601,853.0,IRIS,7.615,1.0,,0.0,True,HHZ,100.0,True,4.066234551656775,True
176,"Carbon Glacier, Mount Rainier",2020-04-09 13:28:41,2020-04-09 13:29:54,46.8676,-121.7765,snow avalanche,100000.0,,,,,,,,,,,,,UW,STAR,EHZ,,46.850849,-121.792953,3365.0,IRIS,2.245,1.0,,,True,EHZ,100.0,True,11.206883040916884,True
176,"Carbon Glacier, Mount Rainier",2020-04-09 13:28:41,2020-04-09 13:29:54,46.8676,-121.7765,snow avalanche,100000.0,,,,,,,,,,,,,UW,RCS,EHZ,,46.87083,-121.73231,2877.0,IRIS,3.388,1.0,,,True,EHZ,100.0,True,13.104193672239646,True
176,"Carbon Glacier, Mount Rainier",2020-04-09 13:28:41,2020-04-09 13:29:54,46.8676,-121.7765,snow avalanche,100000.0,,,,,,,,,,,,,CC,OBSR,BHZ,,46.899719,-121.815331,2382.0,IRIS,4.638,1.0,,,True,BHZ,50.0,True,11.197689071393048,True
176,"Carbon Glacier, Mount Rainier",2020-04-09 13:28:41,2020-04-09 13:29:54,46.8676,-121.7765,snow avalanche,100000.0,,,,,,,,,,,,,UW,RCM,HHZ,,46.83564,-121.732979,3085.0,IRIS,4.862,1.0,,,True,HHZ,100.0,True,11.961037129169528,True
176,"Carbon Glacier, Mount Rainier",2020-04-09 13:28:41,2020-04-09 13:29:54,46.8676,-121.7765,snow avalanche,100000.0,,,,,,,,,,,,,UW,RER,EHZ,,46.81905,-121.84213,1756.0,IRIS,7.361,1.0,,,True,EHZ,100.0,True,9.648160290119046,False
176,"Carbon Glacier, Mount Rainier",2020-04-09 13:28:41,2020-04-09 13:29:54,46.8676,-121.7765,snow avalanche,100000.0,,,,,,,,,,,,,CC,PANH,BHZ,,46.859,-121.64261,2109.0,IRIS,10.254,1.0,,,True,BHZ,50.0,True,12.679874955436416,True
176,"Carbon Glacier, Mount Rainier",2020-04-09 13:28:41,2020-04-09 13:29:54,46.8676,-121.7765,snow avalanche,100000.0,,,,,,,,,,,,,UW,FMW,HHZ,,46.941914,-121.671463,1900.0,IRIS,11.502,1.0,,,True,HHZ,100.0,True,8.676836944948905,False
176,"Carbon Glacier, Mount Rainier",2020-04-09 13:28:41,2020-04-09 13:29:54,46.8676,-121.7765,snow avalanche,100000.0,,,,,,,,,,,,,UW,LO2,EHZ,,46.7506,-121.8096,853.0,IRIS,13.25,1.0,,,True,EHZ,100.0,True,6.858410867138313,False
176,"Carbon Glacier, Mount Rainier",2020-04-09 13:28:41,2020-04-09 13:29:54,46.8676,-121.7765,snow avalanche,100000.0,,,,,,,,,,,,,UW,LON,HHZ,,46.750599,-121.809601,853.0,IRIS,13.25,1.0,,,True,HHZ,100.0,True,7.196754308292968,False
176,"Carbon Glacier, Mount Rainier",2020-04-09 13:28:41,2020-04-09 13:29:54,46.8676,-121.7765,snow avalanche,100000.0,,,,,,,,,,,,,CC,SIFT,BHZ,,46.86683,-121.95329,732.0,IRIS,13.479,1.0,,,True,BHZ,50.0,True,6.9879354798853965,False
177,"Liberty Cap Glacier, Mount Rainier",2020-07-16 04:26:03,2020-07-16 04:26:57,46.8717,-121.7765,rock and ice fall,280000.0,,,,100000.0,56000.0,160000.0,,,,800.0,700.0,1100.0,UW,STAR,EHZ,,46.850849,-121.792953,3365.0,IRIS,2.636,1.0,,,True,EHZ,100.0,True,8.211170685974068,True
177,"Liberty Cap Glacier, Mount Rainier",2020-07-16 04:26:03,2020-07-16 04:26:57,46.8717,-121.7765,rock and ice fall,280000.0,,,,100000.0,56000.0,160000.0,,,,800.0,700.0,1100.0,UW,RCS,EHZ,,46.87083,-121.73231,2877.0,IRIS,3.37,1.0,,,True,EHZ,100.0,True,8.649730408141808,True
177,"Liberty Cap Glacier, Mount Rainier",2020-07-16 04:26:03,2020-07-16 04:26:57,46.8717,-121.7765,rock and ice fall,280000.0,,,,100000.0,56000.0,160000.0,,,,800.0,700.0,1100.0,CC,OBSR,BHZ,,46.899719,-121.815331,2382.0,IRIS,4.297,1.0,1.0,,True,BHZ,50.0,True,8.661649254763812,True
177,"Liberty Cap Glacier, Mount Rainier",2020-07-16 04:26:03,2020-07-16 04:26:57,46.8717,-121.7765,rock and ice fall,280000.0,,,,100000.0,56000.0,160000.0,,,,800.0,700.0,1100.0,UW,RCM,HHZ,,46.83564,-121.732979,3085.0,IRIS,5.204,1.0,1.0,,True,HHZ,100.0,True,8.701176804997306,True
177,"Liberty Cap Glacier, Mount Rainier",2020-07-16 04:26:03,2020-07-16 04:26:57,46.8717,-121.7765,rock and ice fall,280000.0,,,,100000.0,56000.0,160000.0,,,,800.0,700.0,1100.0,UW,RER,EHZ,,46.81905,-121.84213,1756.0,IRIS,7.702,1.0,,,True,EHZ,100.0,True,8.783736004968276,True
177,"Liberty Cap Glacier, Mount Rainier",2020-07-16 04:26:03,2020-07-16 04:26:57,46.8717,-121.7765,rock and ice fall,280000.0,,,,100000.0,56000.0,160000.0,,,,800.0,700.0,1100.0,CC,PANH,BHZ,,46.859,-121.64261,2109.0,IRIS,10.306,1.0,0.0,,True,BHZ,50.0,True,8.04691749538408,False
177,"Liberty Cap Glacier, Mount Rainier",2020-07-16 04:26:03,2020-07-16 04:26:57,46.8717,-121.7765,rock and ice fall,280000.0,,,,100000.0,56000.0,160000.0,,,,800.0,700.0,1100.0,UW,FMW,HHZ,,46.941914,-121.671463,1900.0,IRIS,11.179,1.0,0.0,,True,HHZ,100.0,True,7.337927445037668,False
177,"Liberty Cap Glacier, Mount Rainier",2020-07-16 04:26:03,2020-07-16 04:26:57,46.8717,-121.7765,rock and ice fall,280000.0,,,,100000.0,56000.0,160000.0,,,,800.0,700.0,1100.0,CC,RUSH,BHZ,,46.90306,-121.94439,1235.0,IRIS,13.262,1.0,0.0,,True,BHZ,50.0,True,5.902129143862478,False
177,"Liberty Cap Glacier, Mount Rainier",2020-07-16 04:26:03,2020-07-16 04:26:57,46.8717,-121.7765,rock and ice fall,280000.0,,,,100000.0,56000.0,160000.0,,,,800.0,700.0,1100.0,CC,SIFT,BHZ,,46.86683,-121.95329,732.0,IRIS,13.49,1.0,0.0,,True,BHZ,50.0,True,6.326637977111529,False
177,"Liberty Cap Glacier, Mount Rainier",2020-07-16 04:26:03,2020-07-16 04:26:57,46.8717,-121.7765,rock and ice fall,280000.0,,,,100000.0,56000.0,160000.0,,,,800.0,700.0,1100.0,CC,PR05,BHZ,,46.841724,-121.94886,1553.0,IRIS,13.56,1.0,0.0,,True,BHZ,50.0,True,5.867733225212861,False
178,"Tahoma Creek, Mount Rainier",2019-08-06 01:44:32,2019-08-06 03:12:34,46.8191,-121.81,"outburst flood, debris flow",,,,,,,,,,,,,,UW,RER,EHZ,,46.81905,-121.84213,1756.0,IRIS,2.452,1.0,,1.0,True,EHZ,100.0,True,5.885522491418544,True
178,"Tahoma Creek, Mount Rainier",2019-08-06 01:44:32,2019-08-06 03:12:34,46.8191,-121.81,"outburst flood, debris flow",,,,,,,,,,,,,,UW,LO2,EHZ,,46.7506,-121.8096,853.0,IRIS,7.615,1.0,,0.0,True,EHZ,100.0,True,2.7895022738577,False
178,"Tahoma Creek, Mount Rainier",2019-08-06 01:44:32,2019-08-06 03:12:34,46.8191,-121.81,"outburst flood, debris flow",,,,,,,,,,,,,,UW,LON,HHZ,,46.750599,-121.809601,853.0,IRIS,7.615,1.0,,0.0,True,HHZ,100.0,True,3.7969323022259216,True
178,"Tahoma Creek, Mount Rainier",2019-08-06 01:44:32,2019-08-06 03:12:34,46.8191,-121.81,"outburst flood, debris flow",,,,,,,,,,,,,,CC,PR05,BHZ,,46.841724,-121.94886,1553.0,IRIS,10.889,1.0,,0.0,True,BHZ,50.0,True,3.443110179538363,True
178,"Tahoma Creek, Mount Rainier",2019-08-06 01:44:32,2019-08-06 03:12:34,46.8191,-121.81,"outburst flood, debris flow",,,,,,,,,,,,,,CC,SIFT,BHZ,,46.86683,-121.95329,732.0,IRIS,12.15,1.0,,1.0,True,BHZ,50.0,True,3.414660965763682,False
178,"Tahoma Creek, Mount Rainier",2019-08-06 01:44:32,2019-08-06 03:12:34,46.8191,-121.81,"outburst flood, debris flow",,,,,,,,,,,,,,CC,PANH,BHZ,,46.859,-121.64261,2109.0,IRIS,13.518,1.0,,0.0,True,BHZ,50.0,True,3.874550561246223,True
178,"Tahoma Creek, Mount Rainier",2019-08-06 01:44:32,2019-08-06 03:12:34,46.8191,-121.81,"outburst flood, debris flow",,,,,,,,,,,,,,CC,RUSH,BHZ,,46.90306,-121.94439,1235.0,IRIS,13.861,1.0,,0.0,True,BHZ,50.0,True,3.224513577568106,False
178,"Tahoma Creek, Mount Rainier",2019-08-06 01:44:32,2019-08-06 03:12:34,46.8191,-121.81,"outburst flood, debris flow",,,,,,,,,,,,,,UW,FMW,HHZ,,46.941914,-121.671463,1900.0,IRIS,17.26,1.0,,0.0,True,HHZ,100.0,True,3.5298044404008344,True
179,"Sunset Amphitheater, Mount Rainier",2021-03-11 22:58:14,2021-03-11 22:59:19,46.8585,-121.7857,snow avalanche,200000.0,,,,,,,,,,600.0,,,UW,STAR,EHZ,,46.850849,-121.792953,3365.0,IRIS,1.015,1.0,,,True,EHZ,100.0,True,5.626848584312516,True
179,"Sunset Amphitheater, Mount Rainier",2021-03-11 22:58:14,2021-03-11 22:59:19,46.8585,-121.7857,snow avalanche,200000.0,,,,,,,,,,600.0,,,UW,RCS,EHZ,,46.87083,-121.73231,2877.0,IRIS,4.295,1.0,,,True,EHZ,100.0,True,5.223644339774786,True
179,"Sunset Amphitheater, Mount Rainier",2021-03-11 22:58:14,2021-03-11 22:59:19,46.8585,-121.7857,snow avalanche,200000.0,,,,,,,,,,600.0,,,UW,RCM,HHZ,,46.83564,-121.732979,3085.0,IRIS,4.757,1.0,,,True,HHZ,100.0,True,6.43806472073775,True
179,"Sunset Amphitheater, Mount Rainier",2021-03-11 22:58:14,2021-03-11 22:59:19,46.8585,-121.7857,snow avalanche,200000.0,,,,,,,,,,600.0,,,CC,OBSR,BHZ,,46.899719,-121.815331,2382.0,IRIS,5.109,1.0,,,True,BHZ,50.0,True,5.717147866493812,True
179,"Sunset Amphitheater, Mount Rainier",2021-03-11 22:58:14,2021-03-11 22:59:19,46.8585,-121.7857,snow avalanche,200000.0,,,,,,,,,,600.0,,,UW,RER,EHZ,,46.81905,-121.84213,1756.0,IRIS,6.145,1.0,,,True,EHZ,100.0,True,4.002175963721862,True
179,"Sunset Amphitheater, Mount Rainier",2021-03-11 22:58:14,2021-03-11 22:59:19,46.8585,-121.7857,snow avalanche,200000.0,,,,,,,,,,600.0,,,CC,PARA,BHZ,,46.786442,-121.742149,1651.2,IRIS,8.672,1.0,,,True,BHZ,50.0,True,3.7779326210913737,False
179,"Sunset Amphitheater, Mount Rainier",2021-03-11 22:58:14,2021-03-11 22:59:19,46.8585,-121.7857,snow avalanche,200000.0,,,,,,,,,,600.0,,,CC,PANH,BHZ,,46.859,-121.64261,2109.0,IRIS,10.912,1.0,,,True,BHZ,50.0,True,3.4439717861567423,False
180,"Avalanche Gulch, Mount Shasta",2019-02-14 10:22:38,2019-02-14 10:24:30,41.3991,-122.2047,snow avalanche,380000.0,,,,,,,,,,1700.0,,,NC,LGY,HHZ,01,41.34488,-122.19581,2419.0,"IRIS,NCEDC",6.067,1.0,,,True,HHZ,100.0,True,5.34858359674491,True
180,"Avalanche Gulch, Mount Shasta",2019-02-14 10:22:38,2019-02-14 10:24:30,41.3991,-122.2047,snow avalanche,380000.0,,,,,,,,,,1700.0,,,NC,LDL,HHZ,01,41.38136,-122.29369,1705.0,"IRIS,NCEDC",7.699,1.0,,,True,HHZ,100.0,True,4.296200333347497,True
180,"Avalanche Gulch, Mount Shasta",2019-02-14 10:22:38,2019-02-14 10:24:30,41.3991,-122.2047,snow avalanche,380000.0,,,,,,,,,,1700.0,,,NC,LBR,HHZ,01,41.40942,-122.06776,1601.0,"IRIS,NCEDC",11.508,1.0,,,True,HHZ,100.0,True,5.691777690347132,True
180,"Avalanche Gulch, Mount Shasta",2019-02-14 10:22:38,2019-02-14 10:24:30,41.3991,-122.2047,snow avalanche,380000.0,,,,,,,,,,1700.0,,,NC,LMC,HHZ,,41.274158,-122.121971,1062.0,NCEDC,15.508,1.0,,,True,HHZ,100.0,True,4.9920177272720245,True
180,"Avalanche Gulch, Mount Shasta",2019-02-14 10:22:38,2019-02-14 10:24:30,41.3991,-122.2047,snow avalanche,380000.0,,,,,,,,,,1700.0,,,PB,B039,EHZ,,41.4667,-122.4847,923.9,IRIS,24.578,1.0,,,True,EHZ,100.0,True,3.299662691572189,False
180,"Avalanche Gulch, Mount Shasta",2019-02-14 10:22:38,2019-02-14 10:24:30,41.3991,-122.2047,snow avalanche,380000.0,,,,,,,,,,1700.0,,,NC,LBF,EHZ,,41.347065,-121.890976,1961.0,NCEDC,26.875,1.0,,,True,EHZ,100.0,True,4.390645655681897,True
180,"Avalanche Gulch, Mount Shasta",2019-02-14 10:22:38,2019-02-14 10:24:30,41.3991,-122.2047,snow avalanche,380000.0,,,,,,,,,,1700.0,,,NC,LSR,EHZ,,41.106956,-122.270615,1524.0,NCEDC,32.912,1.0,,,True,EHZ,100.0,True,3.417552014999066,False
180,"Avalanche Gulch, Mount Shasta",2019-02-14 10:22:38,2019-02-14 10:24:30,41.3991,-122.2047,snow avalanche,380000.0,,,,,,,,,,1700.0,,,PB,B040,EHZ,,41.8308,-122.4205,819.5,IRIS,51.21,1.0,,,True,EHZ,100.0,True,3.127378747089,False
180,"Avalanche Gulch, Mount Shasta",2019-02-14 10:22:38,2019-02-14 10:24:30,41.3991,-122.2047,snow avalanche,380000.0,,,,,,,,,,1700.0,,,NC,LBK,EHZ,,41.083817,-122.667313,1304.0,NCEDC,52.248,1.0,,,True,EHZ,100.0,True,3.9289462871702607,False
180,"Avalanche Gulch, Mount Shasta",2019-02-14 10:22:38,2019-02-14 10:24:30,41.3991,-122.2047,snow avalanche,380000.0,,,,,,,,,,1700.0,,,BK,YBH,HHZ,00,41.73204,-122.71039,1059.7,"IRIS,NCEDC",56.094,1.0,,,True,HHZ,100.0,True,3.304655492565272,False
181,Mount Spurr,2019-07-15 16:32:09,2019-07-15 16:34:36,61.297391,-152.242125,ice avalanche,2300000.0,,,,835000.0,,,,,,1700.0,,,AV,SPBG,BHZ,,61.2591,-152.3722,1087.0,IRIS,8.178,1.0,0.0,,True,BHZ,50.0,True,11.164967092205885,True
181,Mount Spurr,2019-07-15 16:32:09,2019-07-15 16:34:36,61.297391,-152.242125,ice avalanche,2300000.0,,,,835000.0,,,,,,1700.0,,,AV,SPCR,BHZ,,61.2003,-152.2091,984.0,IRIS,10.963,1.0,0.0,,True,BHZ,50.0,True,8.509638043214277,False
181,Mount Spurr,2019-07-15 16:32:09,2019-07-15 16:34:36,61.297391,-152.242125,ice avalanche,2300000.0,,,,835000.0,,,,,,1700.0,,,TA,N20K,BHZ,,61.2001,-152.2089,991.0,IRIS,10.987,1.0,1.0,,True,BHZ,40.0,True,8.5199279251414,True
181,Mount Spurr,2019-07-15 16:32:09,2019-07-15 16:34:36,61.297391,-152.242125,ice avalanche,2300000.0,,,,835000.0,,,,,,1700.0,,,AV,SPCG,BHZ,,61.2913,-152.0228,1329.0,IRIS,11.777,1.0,0.0,,True,BHZ,50.0,True,10.88189780972714,True
181,Mount Spurr,2019-07-15 16:32:09,2019-07-15 16:34:36,61.297391,-152.242125,ice avalanche,2300000.0,,,,835000.0,,,,,,1700.0,,,AV,SPU,BHZ,,61.1811,-152.0566,800.0,IRIS,16.346,1.0,1.0,,True,BHZ,50.0,True,9.065069282977769,True
181,Mount Spurr,2019-07-15 16:32:09,2019-07-15 16:34:36,61.297391,-152.242125,ice avalanche,2300000.0,,,,835000.0,,,,,,1700.0,,,AV,SPBL,BHZ,,61.3764,-151.8947,927.0,IRIS,20.577,1.0,1.0,,True,BHZ,50.0,True,10.77905127243108,True
181,Mount Spurr,2019-07-15 16:32:09,2019-07-15 16:34:36,61.297391,-152.242125,ice avalanche,2300000.0,,,,835000.0,,,,,,1700.0,,,AV,STLK,BHZ,,61.4982,-151.8349,945.0,IRIS,31.211,1.0,1.0,,True,BHZ,50.0,True,8.085655092302025,False
181,Mount Spurr,2019-07-15 16:32:09,2019-07-15 16:34:36,61.297391,-152.242125,ice avalanche,2300000.0,,,,835000.0,,,,,,1700.0,,,TA,M20K,BHZ,,61.8823,-153.1318,1107.0,IRIS,80.5,1.0,1.0,,True,BHZ,40.0,True,6.291909193985076,False
181,Mount Spurr,2019-07-15 16:32:09,2019-07-15 16:34:36,61.297391,-152.242125,ice avalanche,2300000.0,,,,835000.0,,,,,,1700.0,,,AV,RDT,BHZ,,60.5726,-152.4075,930.0,IRIS,81.258,0.0,1.0,,True,BHZ,50.0,True,4.51595096948582,False
181,Mount Spurr,2019-07-15 16:32:09,2019-07-15 16:34:36,61.297391,-152.242125,ice avalanche,2300000.0,,,,835000.0,,,,,,1700.0,,,AV,RDDF,BHZ,,60.5912,-152.6883,1134.0,IRIS,82.321,1.0,1.0,,True,BHZ,50.0,True,4.779603315087029,False
182,Mount Hood Ski area,2011-03-10 14:12:24,2011-03-10 14:14:51,45.350933,-121.65988,snow avalanche,500000.0,400000.0,340000.0,480000.0,800000.0,400000.0,1200000.0,,,,600.0,500.0,800.0,CC,TIMB,EHZ,,45.33572,-121.71036,1869.0,IRIS,4.302,1.0,,,True,EHZ,100.0,True,4.41063365318791,True
182,Mount Hood Ski area,2011-03-10 14:12:24,2011-03-10 14:14:51,45.350933,-121.65988,snow avalanche,500000.0,400000.0,340000.0,480000.0,800000.0,400000.0,1200000.0,,,,600.0,500.0,800.0,UW,TDH,EHZ,,45.28967,-121.79152,1541.0,IRIS,12.365,1.0,,,True,EHZ,100.0,True,5.857310101278944,True
182,Mount Hood Ski area,2011-03-10 14:12:24,2011-03-10 14:14:51,45.350933,-121.65988,snow avalanche,500000.0,400000.0,340000.0,480000.0,800000.0,400000.0,1200000.0,,,,600.0,500.0,800.0,UW,VFP,EHZ,,45.3179,-121.46627,1716.0,IRIS,15.614,1.0,,,True,EHZ,100.0,True,5.453343473125601,True
182,Mount Hood Ski area,2011-03-10 14:12:24,2011-03-10 14:14:51,45.350933,-121.65988,snow avalanche,500000.0,400000.0,340000.0,480000.0,800000.0,400000.0,1200000.0,,,,600.0,500.0,800.0,UW,VBE,EHZ,,45.06017,-121.58801,1544.0,IRIS,32.804,1.0,,,True,EHZ,100.0,True,5.347068389874642,True
183,Gadria 1,2013-07-18 15:22:40,2013-07-18 15:42:40,46.671986,10.722675,debris flow,,,,,10000.0,,,,,,,,,,,,,,,,,,,,,False,,,False,0.0,False
184,Gadria 2,2014-07-15 15:13:05,2014-07-15 15:39:05,46.671986,10.722675,debris flow,,,,,11600.0,,,,,,,,,,,,,,,,,,,,,False,,,False,0.0,False
185,Gadria 3,2015-06-09 15:15:58,2015-06-09 16:05:58,46.671986,10.722675,debris flow,,,,,12600.0,,,,,,,,,,,,,,,,,,,,,False,,,False,0.0,False
186,Wrangell Mountains,2013-07-25 10:14:56,2013-07-25 10:17:27,61.9845,-143.1683,rock and debris avalanche,820000.0,100000.0,65000.0,150000.0,2600000.0,1800000.0,3900000.0,40000000000.0,,,690.0,640.0,760.0,AK,MCAR,BHZ,,61.3836,-143.024,447.0,IRIS,67.399,1.0,1.0,,True,BHZ,50.0,True,5.429255597316978,True
186,Wrangell Mountains,2013-07-25 10:14:56,2013-07-25 10:17:27,61.9845,-143.1683,rock and debris avalanche,820000.0,100000.0,65000.0,150000.0,2600000.0,1800000.0,3900000.0,40000000000.0,,,690.0,640.0,760.0,AK,GLB,BHZ,,61.4417,-143.8123,854.9,IRIS,69.42,1.0,1.0,,True,BHZ,50.0,True,7.853561067271799,True
186,Wrangell Mountains,2013-07-25 10:14:56,2013-07-25 10:17:27,61.9845,-143.1683,rock and debris avalanche,820000.0,100000.0,65000.0,150000.0,2600000.0,1800000.0,3900000.0,40000000000.0,,,690.0,640.0,760.0,AK,PTPK,BHZ,,61.1871,-142.4672,1892.6,IRIS,96.345,1.0,1.0,,True,BHZ,50.0,True,5.385554490492067,True
186,Wrangell Mountains,2013-07-25 10:14:56,2013-07-25 10:17:27,61.9845,-143.1683,rock and debris avalanche,820000.0,100000.0,65000.0,150000.0,2600000.0,1800000.0,3900000.0,40000000000.0,,,690.0,640.0,760.0,AT,MENT,BHZ,,62.93805,-143.71942,702.0,IRIS,110.015,0.0,1.0,,True,BHZ,50.0,True,4.66874173799807,False
186,Wrangell Mountains,2013-07-25 10:14:56,2013-07-25 10:17:27,61.9845,-143.1683,rock and debris avalanche,820000.0,100000.0,65000.0,150000.0,2600000.0,1800000.0,3900000.0,40000000000.0,,,690.0,640.0,760.0,AK,BAL,BHZ,,61.036,-142.3462,1318.0,IRIS,114.399,1.0,1.0,,True,BHZ,50.0,True,4.149865200986435,False
186,Wrangell Mountains,2013-07-25 10:14:56,2013-07-25 10:17:27,61.9845,-143.1683,rock and debris avalanche,820000.0,100000.0,65000.0,150000.0,2600000.0,1800000.0,3900000.0,40000000000.0,,,690.0,640.0,760.0,CN,YUK2,HHZ,,61.7668,-140.8426,1229.0,IRIS,124.734,1.0,1.0,,True,HHZ,100.0,True,4.510264314021286,True
186,Wrangell Mountains,2013-07-25 10:14:56,2013-07-25 10:17:27,61.9845,-143.1683,rock and debris avalanche,820000.0,100000.0,65000.0,150000.0,2600000.0,1800000.0,3900000.0,40000000000.0,,,690.0,640.0,760.0,AK,KIAG,BHZ,,60.9231,-142.3605,1752.2,IRIS,125.879,1.0,0.0,,True,BHZ,50.0,True,5.167192244571535,True
186,Wrangell Mountains,2013-07-25 10:14:56,2013-07-25 10:17:27,61.9845,-143.1683,rock and debris avalanche,820000.0,100000.0,65000.0,150000.0,2600000.0,1800000.0,3900000.0,40000000000.0,,,690.0,640.0,760.0,CN,BVCY,HHZ,,62.4141,-140.8606,708.0,IRIS,129.31,1.0,0.0,,True,HHZ,100.0,True,4.345561176154077,False
186,Wrangell Mountains,2013-07-25 10:14:56,2013-07-25 10:17:27,61.9845,-143.1683,rock and debris avalanche,820000.0,100000.0,65000.0,150000.0,2600000.0,1800000.0,3900000.0,40000000000.0,,,690.0,640.0,760.0,AK,BARN,BHZ,,61.0595,-141.6622,1689.0,IRIS,130.567,1.0,1.0,,True,BHZ,50.0,True,4.492193201110449,False
186,Wrangell Mountains,2013-07-25 10:14:56,2013-07-25 10:17:27,61.9845,-143.1683,rock and debris avalanche,820000.0,100000.0,65000.0,150000.0,2600000.0,1800000.0,3900000.0,40000000000.0,,,690.0,640.0,760.0,AK,CRQ,BHZ,,60.7523,-143.0926,1392.3,IRIS,137.37,1.0,1.0,,True,BHZ,50.0,True,4.206968642778146,False
187,Hubbard Glacier,2012-05-21 14:25:32,2012-05-21 14:28:40,60.0839,-139.5347,rock avalanche,4600000.0,240000.0,140000.0,300000.0,9000000.0,6100000.0,13000000.0,29000000000.0,,,1100.0,700.0,1200.0,AK,PNL,BHZ,,59.6659,-139.4036,477.0,IRIS,46.796,1.0,0.0,,True,BHZ,50.0,True,15.492080258381009,True
187,Hubbard Glacier,2012-05-21 14:25:32,2012-05-21 14:28:40,60.0839,-139.5347,rock avalanche,4600000.0,240000.0,140000.0,300000.0,9000000.0,6100000.0,13000000.0,29000000000.0,,,1100.0,700.0,1200.0,AT,YKU2,BHZ,,59.5121,-139.67104,10.1,IRIS,63.729,0.0,1.0,,True,BHZ,50.0,True,3.0309916362815645,False
187,Hubbard Glacier,2012-05-21 14:25:32,2012-05-21 14:28:40,60.0839,-139.5347,rock avalanche,4600000.0,240000.0,140000.0,300000.0,9000000.0,6100000.0,13000000.0,29000000000.0,,,1100.0,700.0,1200.0,XZ,SAMH,BHZ,,60.1294,-140.7828,1140.0,IRIS,69.344,1.0,1.0,,True,BHZ,50.0,True,12.391216675275892,True
187,Hubbard Glacier,2012-05-21 14:25:32,2012-05-21 14:28:40,60.0839,-139.5347,rock avalanche,4600000.0,240000.0,140000.0,300000.0,9000000.0,6100000.0,13000000.0,29000000000.0,,,1100.0,700.0,1200.0,CN,YUK7,HHZ,,60.5307,-138.1399,1992.0,IRIS,92.245,1.0,1.0,,True,HHZ,100.0,True,9.65211626530404,False
187,Hubbard Glacier,2012-05-21 14:25:32,2012-05-21 14:28:40,60.0839,-139.5347,rock avalanche,4600000.0,240000.0,140000.0,300000.0,9000000.0,6100000.0,13000000.0,29000000000.0,,,1100.0,700.0,1200.0,XZ,RKAV,BHZ,,60.2994,-141.3478,1647.0,IRIS,103.221,1.0,1.0,,True,BHZ,50.0,True,12.075458394259805,True
187,Hubbard Glacier,2012-05-21 14:25:32,2012-05-21 14:28:40,60.0839,-139.5347,rock avalanche,4600000.0,240000.0,140000.0,300000.0,9000000.0,6100000.0,13000000.0,29000000000.0,,,1100.0,700.0,1200.0,XZ,LOGN,BHZ,,60.8241,-141.0048,1665.0,IRIS,115.612,1.0,1.0,,True,BHZ,50.0,True,12.142806185569905,True
187,Hubbard Glacier,2012-05-21 14:25:32,2012-05-21 14:28:40,60.0839,-139.5347,rock avalanche,4600000.0,240000.0,140000.0,300000.0,9000000.0,6100000.0,13000000.0,29000000000.0,,,1100.0,700.0,1200.0,XZ,MESA,BHZ,,60.1785,-141.9505,1919.0,IRIS,134.419,1.0,1.0,,True,BHZ,50.0,True,10.244118998488172,False
187,Hubbard Glacier,2012-05-21 14:25:32,2012-05-21 14:28:40,60.0839,-139.5347,rock avalanche,4600000.0,240000.0,140000.0,300000.0,9000000.0,6100000.0,13000000.0,29000000000.0,,,1100.0,700.0,1200.0,CN,HYT,HHZ,,60.825,-137.5038,1416.0,IRIS,139.429,1.0,1.0,,True,HHZ,100.0,True,7.332991401200526,False
187,Hubbard Glacier,2012-05-21 14:25:32,2012-05-21 14:28:40,60.0839,-139.5347,rock avalanche,4600000.0,240000.0,140000.0,300000.0,9000000.0,6100000.0,13000000.0,29000000000.0,,,1100.0,700.0,1200.0,AK,CTG,BHZ,,60.9649,-141.3401,1507.9,IRIS,139.588,1.0,1.0,,True,BHZ,50.0,True,11.28626640466042,False
187,Hubbard Glacier,2012-05-21 14:25:32,2012-05-21 14:28:40,60.0839,-139.5347,rock avalanche,4600000.0,240000.0,140000.0,300000.0,9000000.0,6100000.0,13000000.0,29000000000.0,,,1100.0,700.0,1200.0,XZ,GRNC,BHZ,,60.7315,-141.7558,2116.0,IRIS,142.041,1.0,1.0,,True,BHZ,50.0,True,11.77809416062457,True
188,Sheemahant Glacier,2010-07-09 07:34:35,2010-07-09 07:38:20,51.8713,-125.9434,rock slide,3000000.0,130000.0,84000.0,160000.0,3800000.0,2700000.0,5400000.0,,,,1800.0,1600.0,1900.0,CN,BCBC,HHZ,,52.372,-126.755,0.0,IRIS,78.7,1.0,1.0,,True,HHZ,100.0,True,6.219782651907755,False
188,Sheemahant Glacier,2010-07-09 07:34:35,2010-07-09 07:38:20,51.8713,-125.9434,rock slide,3000000.0,130000.0,84000.0,160000.0,3800000.0,2700000.0,5400000.0,,,,1800.0,1600.0,1900.0,CN,BBB,BHZ,,52.1847,-128.1133,14.0,IRIS,152.953,1.0,1.0,,True,BHZ,40.0,True,7.0504680527763535,False
188,Sheemahant Glacier,2010-07-09 07:34:35,2010-07-09 07:38:20,51.8713,-125.9434,rock slide,3000000.0,130000.0,84000.0,160000.0,3800000.0,2700000.0,5400000.0,,,,1800.0,1600.0,1900.0,CN,NCRB,EHZ,,50.4035,-126.0553,1293.0,IRIS,163.482,1.0,,,True,EHZ,100.0,True,7.972618570558814,True
188,Sheemahant Glacier,2010-07-09 07:34:35,2010-07-09 07:38:20,51.8713,-125.9434,rock slide,3000000.0,130000.0,84000.0,160000.0,3800000.0,2700000.0,5400000.0,,,,1800.0,1600.0,1900.0,CN,PHC,BHZ,,50.7067,-127.433,32.0,IRIS,166.082,1.0,1.0,,True,BHZ,40.0,True,7.277706622940587,True
188,Sheemahant Glacier,2010-07-09 07:34:35,2010-07-09 07:38:20,51.8713,-125.9434,rock slide,3000000.0,130000.0,84000.0,160000.0,3800000.0,2700000.0,5400000.0,,,,1800.0,1600.0,1900.0,CN,UBRB,HHZ,,52.8918,-124.0832,1241.0,IRIS,170.105,1.0,1.0,,True,HHZ,100.0,True,8.662011242248472,True
188,Sheemahant Glacier,2010-07-09 07:34:35,2010-07-09 07:38:20,51.8713,-125.9434,rock slide,3000000.0,130000.0,84000.0,160000.0,3800000.0,2700000.0,5400000.0,,,,1800.0,1600.0,1900.0,CN,MAYB,EHZ,,50.4025,-127.1717,1414.0,IRIS,184.634,1.0,,,True,EHZ,100.0,True,7.247980177252296,True
188,Sheemahant Glacier,2010-07-09 07:34:35,2010-07-09 07:38:20,51.8713,-125.9434,rock slide,3000000.0,130000.0,84000.0,160000.0,3800000.0,2700000.0,5400000.0,,,,1800.0,1600.0,1900.0,CN,WOSB,EHZ,,50.1607,-126.5704,955.0,IRIS,195.32,1.0,,,True,EHZ,100.0,True,8.955014201990556,True
189,Orville-Wilbur,2015-03-07 19:19:07,2015-03-07 19:21:46,58.736,-137.272,landslide,,,,,,,,,,,,,,CN,PLBC,HHZ,,59.455,-136.3659,279.0,IRIS,95.456,1.0,1.0,,True,HHZ,100.0,True,12.11491309953862,True
189,Orville-Wilbur,2015-03-07 19:19:07,2015-03-07 19:21:46,58.736,-137.272,landslide,,,,,,,,,,,,,,AT,SKAG,BHZ,,59.4601,-135.32897,134.0,IRIS,137.494,1.0,0.0,,True,BHZ,50.0,True,8.910057806383787,True
189,Orville-Wilbur,2015-03-07 19:19:07,2015-03-07 19:21:46,58.736,-137.272,landslide,,,,,,,,,,,,,,AK,BESE,BHZ,,58.5792,-134.8559,867.0,IRIS,141.318,1.0,1.0,,True,BHZ,50.0,True,13.112511791360223,True
189,Orville-Wilbur,2015-03-07 19:19:07,2015-03-07 19:21:46,58.736,-137.272,landslide,,,,,,,,,,,,,,AK,PNL,BHZ,,59.6659,-139.4036,477.0,IRIS,159.88,1.0,1.0,,True,BHZ,50.0,True,9.01255339960626,True
189,Orville-Wilbur,2015-03-07 19:19:07,2015-03-07 19:21:46,58.736,-137.272,landslide,,,,,,,,,,,,,,AT,YKU2,BHZ,,59.5121,-139.67104,10.1,IRIS,162.313,0.0,1.0,,True,BHZ,50.0,True,3.144016970303662,False
189,Orville-Wilbur,2015-03-07 19:19:07,2015-03-07 19:21:46,58.736,-137.272,landslide,,,,,,,,,,,,,,AK,JIS,BHZ,,58.2758,-134.3848,10.0,IRIS,175.93,1.0,1.0,,True,BHZ,50.0,True,12.080211625927475,True
189,Orville-Wilbur,2015-03-07 19:19:07,2015-03-07 19:21:46,58.736,-137.272,landslide,,,,,,,,,,,,,,AK,BCP,BHZ,,59.9534,-139.6369,421.8,IRIS,191.027,1.0,1.0,,True,BHZ,50.0,True,6.387967842099916,False
190,Barry Arm,2021-08-09 07:45:40,2021-08-09 07:46:52,61.2432,-147.9415,rock and ice avalanche,650000.0,32000.0,18000.0,46000.0,530000.0,350000.0,800000.0,,,,590.0,570.0,600.0,AK,BAE,BHZ,,61.1319,-148.1234,578.0,IRIS,15.797,1.0,1.0,,True,BHZ,50.0,True,9.250079382999497,True
190,Barry Arm,2021-08-09 07:45:40,2021-08-09 07:46:52,61.2432,-147.9415,rock and ice avalanche,650000.0,32000.0,18000.0,46000.0,530000.0,350000.0,800000.0,,,,590.0,570.0,600.0,AK,BAT,BHZ,,61.1416,-148.1751,1027.0,IRIS,16.912,1.0,1.0,,True,BHZ,50.0,True,8.849326405010208,True
190,Barry Arm,2021-08-09 07:45:40,2021-08-09 07:46:52,61.2432,-147.9415,rock and ice avalanche,650000.0,32000.0,18000.0,46000.0,530000.0,350000.0,800000.0,,,,590.0,570.0,600.0,AK,KNK,BHZ,,61.4131,-148.4585,598.0,IRIS,33.539,1.0,1.0,,True,BHZ,50.0,True,8.26429141069587,True
190,Barry Arm,2021-08-09 07:45:40,2021-08-09 07:46:52,61.2432,-147.9415,rock and ice avalanche,650000.0,32000.0,18000.0,46000.0,530000.0,350000.0,800000.0,,,,590.0,570.0,600.0,AK,PWL,BHZ,,60.8584,-148.3334,550.0,IRIS,47.82,1.0,1.0,,True,BHZ,50.0,True,4.280081249275473,False
190,Barry Arm,2021-08-09 07:45:40,2021-08-09 07:46:52,61.2432,-147.9415,rock and ice avalanche,650000.0,32000.0,18000.0,46000.0,530000.0,350000.0,800000.0,,,,590.0,570.0,600.0,AK,GLI,BHZ,,60.8792,-147.0959,430.0,IRIS,61.077,0.0,1.0,,True,BHZ,50.0,True,2.994983217763752,False
190,Barry Arm,2021-08-09 07:45:40,2021-08-09 07:46:52,61.2432,-147.9415,rock and ice avalanche,650000.0,32000.0,18000.0,46000.0,530000.0,350000.0,800000.0,,,,590.0,570.0,600.0,AK,M23K,BHZ,,61.7929,-147.7262,583.0,IRIS,62.32,1.0,1.0,,True,BHZ,50.0,True,5.689318513627837,False
190,Barry Arm,2021-08-09 07:45:40,2021-08-09 07:46:52,61.2432,-147.9415,rock and ice avalanche,650000.0,32000.0,18000.0,46000.0,530000.0,350000.0,800000.0,,,,590.0,570.0,600.0,AK,SAW,BHZ,,61.807,-148.3318,847.0,IRIS,66.172,1.0,1.0,,True,BHZ,50.0,True,6.138295208044282,False
190,Barry Arm,2021-08-09 07:45:40,2021-08-09 07:46:52,61.2432,-147.9415,rock and ice avalanche,650000.0,32000.0,18000.0,46000.0,530000.0,350000.0,800000.0,,,,590.0,570.0,600.0,AK,SCM,BHZ,,61.8329,-147.3296,1039.0,IRIS,73.332,1.0,1.0,,True,BHZ,50.0,True,6.682380550726872,True
190,Barry Arm,2021-08-09 07:45:40,2021-08-09 07:46:52,61.2432,-147.9415,rock and ice avalanche,650000.0,32000.0,18000.0,46000.0,530000.0,350000.0,800000.0,,,,590.0,570.0,600.0,AT,PMR,BHZ,,61.5922,-149.1308,100.0,IRIS,74.464,1.0,1.0,,True,BHZ,50.0,True,6.150746746229654,True
190,Barry Arm,2021-08-09 07:45:40,2021-08-09 07:46:52,61.2432,-147.9415,rock and ice avalanche,650000.0,32000.0,18000.0,46000.0,530000.0,350000.0,800000.0,,,,590.0,570.0,600.0,AK,GHO,BHZ,,61.771,-148.926,1032.0,IRIS,78.783,1.0,0.0,,True,BHZ,50.0,True,5.719220567932647,False
191,"Grand Tabuc, France",2020-12-20 06:55:48,2020-12-20 06:57:05,44.940678,6.461153,rock fall,,,,,,,,,,,,,,FR,OGSA,HHZ,0.0,45.036806,6.400931,2106.0,RESIF,12.472513835107767,1.0,,,True,HHZ,100.0,True,8.641812070091158,True
191,"Grand Tabuc, France",2020-12-20 06:55:48,2020-12-20 06:57:05,44.940678,6.461153,rock fall,,,,,,,,,,,,,,FR,OGAG,HHZ,0.0,44.78784,6.539745,1280.0,RESIF,17.3131816155614,1.0,,,True,HHZ,100.0,True,10.467912697291084,True
191,"Grand Tabuc, France",2020-12-20 06:55:48,2020-12-20 06:57:05,44.940678,6.461153,rock fall,,,,,,,,,,,,,,FR,OGJA,HHZ,0.0,44.910273,6.709738,2523.0,RESIF,20.379455272467325,1.0,,,True,HHZ,100.0,True,9.812541407161206,True
191,"Grand Tabuc, France",2020-12-20 06:55:48,2020-12-20 06:57:05,44.940678,6.461153,rock fall,,,,,,,,,,,,,,MN,BNI,HHZ,,45.052,6.678,1395.0,"INGV,IRIS",22.27552504155616,1.0,,,True,HHZ,100.0,True,10.341238186489452,True
191,"Grand Tabuc, France",2020-12-20 06:55:48,2020-12-20 06:57:05,44.940678,6.461153,rock fall,,,,,,,,,,,,,,FR,OGVG,HHZ,0.0,44.81517,6.11233,1090.0,RESIF,29.728480878549043,1.0,,,True,HHZ,100.0,True,7.090286750493874,False
191,"Grand Tabuc, France",2020-12-20 06:55:48,2020-12-20 06:57:05,44.940678,6.461153,rock fall,,,,,,,,,,,,,,AM,R4FB1,EHZ,0.0,44.789,6.879,1735.0,RASPISHAKE,37.125766362713534,1.0,,,True,EHZ,100.0,True,5.71696108992186,False
191,"Grand Tabuc, France",2020-12-20 06:55:48,2020-12-20 06:57:05,44.940678,6.461153,rock fall,,,,,,,,,,,,,,AM,R7CE4,EHZ,0.0,44.7887,6.8797,1625.0,RASPISHAKE,37.18996217737933,1.0,,,True,EHZ,100.0,True,4.686178114888376,False
191,"Grand Tabuc, France",2020-12-20 06:55:48,2020-12-20 06:57:05,44.940678,6.461153,rock fall,,,,,,,,,,,,,,FR,OGCE,EHZ,0.0,44.675625,6.772324,1789.0,RESIF,37.964687107061465,1.0,,,True,EHZ,100.0,True,7.184889549733957,True
191,"Grand Tabuc, France",2020-12-20 06:55:48,2020-12-20 06:57:05,44.940678,6.461153,rock fall,,,,,,,,,,,,,,FR,CREF,EHZ,0.0,44.549681,6.621956,1692.0,RESIF,44.43479392457327,1.0,,,True,EHZ,100.0,True,5.882018430106166,False
191,"Grand Tabuc, France",2020-12-20 06:55:48,2020-12-20 06:57:05,44.940678,6.461153,rock fall,,,,,,,,,,,,,,RD,ORIF,BHZ,,44.9183,5.88,0.0,RESIF,45.0959841106677,1.0,,,True,BHZ,50.0,True,6.257346955706455,False
192,"Piz Cengalo 2, Switzerland",2017-08-23 07:30:16,2017-08-23 07:35:51,46.29552,9.6019,rock and ice avalanche,,,,,3000000.0,2980000.0,3020000.0,,,,1700.0,,,CH,VDL,HHZ,,46.48311,9.44933,1927.75,ETH,23.928,1.0,1.0,,True,HHZ,200.0,True,41.58687755695515,True
192,"Piz Cengalo 2, Switzerland",2017-08-23 07:30:16,2017-08-23 07:35:51,46.29552,9.6019,rock and ice avalanche,,,,,3000000.0,2980000.0,3020000.0,,,,1700.0,,,CH,VDL,BHZ,,46.48311,9.44933,1927.75,ETH,23.928,1.0,1.0,,True,HHZ,200.0,True,41.58687755695515,True
192,"Piz Cengalo 2, Switzerland",2017-08-23 07:30:16,2017-08-23 07:35:51,46.29552,9.6019,rock and ice avalanche,,,,,3000000.0,2980000.0,3020000.0,,,,1700.0,,,MN,TUE,BHZ,,46.47223,9.34732,1924.0,"INGV,IRIS",27.737,1.0,1.0,,True,HHZ,100.0,True,32.18489175714107,False
192,"Piz Cengalo 2, Switzerland",2017-08-23 07:30:16,2017-08-23 07:35:51,46.29552,9.6019,rock and ice avalanche,,,,,3000000.0,2980000.0,3020000.0,,,,1700.0,,,Z3,A289A,HHZ,,46.0473,9.761,1780.0,ETH,30.203,1.0,1.0,,True,HHZ,100.0,True,34.63823785445516,True
192,"Piz Cengalo 2, Switzerland",2017-08-23 07:30:16,2017-08-23 07:35:51,46.29552,9.6019,rock and ice avalanche,,,,,3000000.0,2980000.0,3020000.0,,,,1700.0,,,CH,BERNI,HHZ,,46.413636,10.023095,2311.0,ETH,34.976,1.0,1.0,,True,HHZ,200.0,True,39.951457584274856,True
192,"Piz Cengalo 2, Switzerland",2017-08-23 07:30:16,2017-08-23 07:35:51,46.29552,9.6019,rock and ice avalanche,,,,,3000000.0,2980000.0,3020000.0,,,,1700.0,,,CH,BERNI,BHZ,,46.413636,10.023095,2311.0,ETH,34.976,1.0,1.0,,True,HHZ,200.0,True,39.951457584274856,True
192,"Piz Cengalo 2, Switzerland",2017-08-23 07:30:16,2017-08-23 07:35:51,46.29552,9.6019,rock and ice avalanche,,,,,3000000.0,2980000.0,3020000.0,,,,1700.0,,,Z3,A062A,BHZ,,46.1808,9.1126,1733.2,ETH,39.836,1.0,1.0,,True,HHZ,100.0,True,26.779401907747385,False
192,"Piz Cengalo 2, Switzerland",2017-08-23 07:30:16,2017-08-23 07:35:51,46.29552,9.6019,rock and ice avalanche,,,,,3000000.0,2980000.0,3020000.0,,,,1700.0,,,Z3,A062A,HHZ,,46.1808,9.1126,1733.2,ETH,39.836,1.0,1.0,,True,HHZ,100.0,True,26.779401907747385,False
192,"Piz Cengalo 2, Switzerland",2017-08-23 07:30:16,2017-08-23 07:35:51,46.29552,9.6019,rock and ice avalanche,,,,,3000000.0,2980000.0,3020000.0,,,,1700.0,,,S,EBELL,EHZ,,46.19655,9.01394,225.0,ETH,46.658,1.0,,,True,EHZ,500.0,True,3.799432872466888,False
192,"Piz Cengalo 2, Switzerland",2017-08-23 07:30:16,2017-08-23 07:35:51,46.29552,9.6019,rock and ice avalanche,,,,,3000000.0,2980000.0,3020000.0,,,,1700.0,,,CH,DAVOX,HHZ,,46.7805,9.87952,1830.0,ETH,57.965,1.0,1.0,,True,HHZ,120.0,True,30.451075268410648,False
193,"Glacier Carre, France",2018-08-07 04:08:48,2018-08-07 04:10:23,45.004121,6.304484,landslide,,,,,,,,,,,,,,FR,OGSA,HHZ,0.0,45.036806,6.400931,2106.0,RESIF,8.301736424547398,1.0,,,True,HHZ,100.0,True,41.2265708668754,True
193,"Glacier Carre, France",2018-08-07 04:08:48,2018-08-07 04:10:23,45.004121,6.304484,landslide,,,,,,,,,,,,,,FR,OGVG,HHZ,0.0,44.81517,6.11233,1090.0,RESIF,25.95241111130778,1.0,,,True,HHZ,100.0,True,4.475177085747204,True
193,"Glacier Carre, France",2018-08-07 04:08:48,2018-08-07 04:10:23,45.004121,6.304484,landslide,,,,,,,,,,,,,,FR,OGAG,HHZ,0.0,44.78784,6.539745,1280.0,RESIF,30.271641300634048,1.0,,,True,HHZ,100.0,True,3.745393750588568,True
193,"Glacier Carre, France",2018-08-07 04:08:48,2018-08-07 04:10:23,45.004121,6.304484,landslide,,,,,,,,,,,,,,RD,ORIF,BHZ,,44.9183,5.88,0.0,RESIF,34.85051412388528,1.0,,,True,BHZ,50.0,True,4.464192956580512,True
193,"Glacier Carre, France",2018-08-07 04:08:48,2018-08-07 04:10:23,45.004121,6.304484,landslide,,,,,,,,,,,,,,MT,AVR,HHZ,0.0,44.956045,5.653195,871.51,RESIF,51.62649671838625,1.0,,,True,HHZ,125.0,True,4.125662855728637,True
194,"Vange, France",2020-02-02 11:31:13,2020-02-02 11:33:04,45.972278,6.652572,rock slide,,,,,,80000.0,100000.0,,,,,,,GU,BLANC,HHZ,,45.8444,6.934,3279.0,INGV,26.055,1.0,1.0,,True,HHZ,100.0,True,22.4361604916706,True
194,"Vange, France",2020-02-02 11:31:13,2020-02-02 11:33:04,45.972278,6.652572,rock slide,,,,,,80000.0,100000.0,,,,,,,CH,SALAN,HHZ,,46.14415,6.97302,1881.3,ETH,31.303,1.0,1.0,,True,HHZ,200.0,True,29.639847857372423,True
194,"Vange, France",2020-02-02 11:31:13,2020-02-02 11:33:04,45.972278,6.652572,rock slide,,,,,,80000.0,100000.0,,,,,,,CH,SALAN,BHZ,,46.14415,6.97302,1881.3,ETH,31.303,,1.0,,True,HHZ,200.0,True,29.639847857372423,False
194,"Vange, France",2020-02-02 11:31:13,2020-02-02 11:33:04,45.972278,6.652572,rock slide,,,,,,80000.0,100000.0,,,,,,,CH,ILLEZ,HHZ,,46.21934,6.94038,1395.0,ETH,35.348,1.0,0.0,,True,HHZ,200.0,True,20.019623808707557,True
194,"Vange, France",2020-02-02 11:31:13,2020-02-02 11:33:04,45.972278,6.652572,rock slide,,,,,,80000.0,100000.0,,,,,,,CH,LAVEY,EHZ,BT,46.2,7.023056,421.0,ETH,38.233,1.0,,,True,EHZ,200.0,True,9.287355180042198,False
194,"Vange, France",2020-02-02 11:31:13,2020-02-02 11:33:04,45.972278,6.652572,rock slide,,,,,,80000.0,100000.0,,,,,,,IV,MRGE,HHZ,,45.76975,7.06101,1660.0,INGV,38.89,1.0,0.0,,True,HHZ,100.0,True,27.21818965776655,True
194,"Vange, France",2020-02-02 11:31:13,2020-02-02 11:33:04,45.972278,6.652572,rock slide,,,,,,80000.0,100000.0,,,,,,,CH,FULLY,HHZ,,46.15633,7.13579,603.0,ETH,42.619,1.0,0.0,,True,HHZ,200.0,True,16.50287963235106,True
194,"Vange, France",2020-02-02 11:31:13,2020-02-02 11:33:04,45.972278,6.652572,rock slide,,,,,,80000.0,100000.0,,,,,,,CH,SALEV,HHZ,,46.06019,6.09704,1083.6,ETH,44.116,1.0,0.0,,True,HHZ,200.0,True,4.660961073171518,False
194,"Vange, France",2020-02-02 11:31:13,2020-02-02 11:33:04,45.972278,6.652572,rock slide,,,,,,80000.0,100000.0,,,,,,,8D,LULY3,HHZ,,46.15266,6.12702,478.5,ETH,45.339,1.0,1.0,,True,HHZ,200.0,True,6.118569417664954,False
194,"Vange, France",2020-02-02 11:31:13,2020-02-02 11:33:04,45.972278,6.652572,rock slide,,,,,,80000.0,100000.0,,,,,,,CH,GRYON,HHZ,,46.25053,7.11106,1282.0,ETH,47.041,1.0,0.0,,True,HHZ,200.0,True,15.578381437677963,False
195,"Montfort Isere, France",2021-04-06 23:41:24,2021-04-06 23:42:52,45.3059,5.8889,rock fall,,,,,,,,,,,,,,AM,R5156,EHZ,00,45.3057,5.9862,632.0,RASPISHAKE,7.631,1.0,,,False,,,False,0.0,False
195,"Montfort Isere, France",2021-04-06 23:41:24,2021-04-06 23:42:52,45.3059,5.8889,rock fall,,,,,,,,,,,,,,AM,RAB7F,EHZ,00,45.2387,5.974,600.0,RASPISHAKE,10.019,1.0,,,False,,,False,0.0,False
195,"Montfort Isere, France",2021-04-06 23:41:24,2021-04-06 23:42:52,45.3059,5.8889,rock fall,,,,,,,,,,,,,,MT,RES,HHZ,00,45.2341,5.7778,608.0,RESIF,11.819,1.0,,,True,EHZ,100.0,True,18.54411691596953,True
195,"Montfort Isere, France",2021-04-06 23:41:24,2021-04-06 23:42:52,45.3059,5.8889,rock fall,,,,,,,,,,,,,,AM,R5954,EHZ,00,45.1861,5.8741,700.0,RASPISHAKE,13.365,1.0,,,False,,,False,0.0,False
195,"Montfort Isere, France",2021-04-06 23:41:24,2021-04-06 23:42:52,45.3059,5.8889,rock fall,,,,,,,,,,,,,,FR,GRN,HHZ,00,45.2413,5.7439,1040.0,RESIF,13.454,1.0,,,True,HHZ,100.0,True,13.495331715229542,True
195,"Montfort Isere, France",2021-04-06 23:41:24,2021-04-06 23:42:52,45.3059,5.8889,rock fall,,,,,,,,,,,,,,FR,CHA2,EHZ,00,45.12023929,5.89852761,2202.82,RESIF,20.647,1.0,,,True,EHZ,100.0,True,16.11102032339736,True
195,"Montfort Isere, France",2021-04-06 23:41:24,2021-04-06 23:42:52,45.3059,5.8889,rock fall,,,,,,,,,,,,,,AM,R83E1,EHZ,00,45.1107,5.8059,300.0,RASPISHAKE,22.652,1.0,,,False,,,False,0.0,False
195,"Montfort Isere, France",2021-04-06 23:41:24,2021-04-06 23:42:52,45.3059,5.8889,rock fall,,,,,,,,,,,,,,FR,OGS3,HHZ,00,45.06951,5.806072,1130.0,RESIF,27.066,1.0,,,True,HHZ,200.0,True,9.658771870090032,False
195,"Montfort Isere, France",2021-04-06 23:41:24,2021-04-06 23:42:52,45.3059,5.8889,rock fall,,,,,,,,,,,,,,FR,OGS2,HHZ,00,45.064487,5.801324,1015.0,RESIF,27.698,1.0,,,True,HHZ,200.0,True,9.68087356706094,True
195,"Montfort Isere, France",2021-04-06 23:41:24,2021-04-06 23:42:52,45.3059,5.8889,rock fall,,,,,,,,,,,,,,FR,OGS1,HHZ,00,45.060788,5.80467,723.0,RESIF,28.033,1.0,,,True,HHZ,200.0,True,10.75464315943926,True
196,"Le Sert, France",2019-09-25 19:33:14,2019-09-25 19:33:45,45.09,6.2,landslide,,,,,,,,,,,,,,FR,OGSA,HHZ,0.0,45.036806,6.400931,2106.0,RESIF,16.85310975190116,1.0,,,True,HHZ,100.0,True,6.626249366931395,True
196,"Le Sert, France",2019-09-25 19:33:14,2019-09-25 19:33:45,45.09,6.2,landslide,,,,,,,,,,,,,,FR,OGVG,HHZ,0.0,44.81517,6.11233,1090.0,RESIF,31.32873874020408,1.0,,,True,HHZ,100.0,True,3.954854250974869,True
196,"Le Sert, France",2019-09-25 19:33:14,2019-09-25 19:33:45,45.09,6.2,landslide,,,,,,,,,,,,,,MN,BNI,HHZ,,45.052,6.678,1395.0,"INGV,IRIS",37.77396870436976,1.0,,,True,HHZ,100.0,True,4.4338541476128,True
196,"Le Sert, France",2019-09-25 19:33:14,2019-09-25 19:33:45,45.09,6.2,landslide,,,,,,,,,,,,,,FR,OGAG,HHZ,0.0,44.78784,6.539745,1280.0,RESIF,42.94146363292908,1.0,,,True,HHZ,100.0,True,5.029278449861807,True
196,"Le Sert, France",2019-09-25 19:33:14,2019-09-25 19:33:45,45.09,6.2,landslide,,,,,,,,,,,,,,AM,REBBE,EHZ,0.0,44.7835,6.8779,1546.0,RASPISHAKE,63.31476910934822,1.0,,,False,,,False,0.0,False
197,"Heuvieres, France",2018-06-01 05:57:25,2018-06-01 05:57:48,44.61,6.76,landslide,,,,,,,,,,,,,,FR,OGCE,EHZ,0.0,44.675625,6.772324,1789.0,RESIF,7.362017746826681,1.0,,,True,EHZ,100.0,True,8.248582894980784,True
197,"Heuvieres, France",2018-06-01 05:57:25,2018-06-01 05:57:48,44.61,6.76,landslide,,,,,,,,,,,,,,FR,CREF,EHZ,0.0,44.549681,6.621956,1692.0,RESIF,12.826606297381536,1.0,,,True,EHZ,100.0,True,5.297592038352311,True
197,"Heuvieres, France",2018-06-01 05:57:25,2018-06-01 05:57:48,44.61,6.76,landslide,,,,,,,,,,,,,,FR,SURF,HHZ,0.0,44.480935,6.811695,1820.0,RESIF,14.924644911690956,1.0,,,True,HHZ,100.0,True,7.956081784953102,True
197,"Heuvieres, France",2018-06-01 05:57:25,2018-06-01 05:57:48,44.61,6.76,landslide,,,,,,,,,,,,,,FR,JAUF,EHZ,0.0,44.429,6.7488,1639.0,RESIF,20.14586085104854,1.0,,,True,EHZ,100.0,True,6.8783002870931815,True
197,"Heuvieres, France",2018-06-01 05:57:25,2018-06-01 05:57:48,44.61,6.76,landslide,,,,,,,,,,,,,,GU,PZZ,HHZ,,44.5065,7.1157,1397.0,INGV,30.441583445020672,1.0,,,True,HHZ,100.0,True,3.9286083388913977,True
198,"Maitz, France",2018-03-13 05:49:38,2018-03-13 05:49:53,44.65,6.46,landslide,,,,,,,,,,,,,,FR,OGAG,HHZ,0.0,44.78784,6.539745,1280.0,RESIF,16.571658761624715,1.0,,,True,HHZ,100.0,True,3.1469320865248567,True
198,"Maitz, France",2018-03-13 05:49:38,2018-03-13 05:49:53,44.65,6.46,landslide,,,,,,,,,,,,,,FR,CREF,EHZ,0.0,44.549681,6.621956,1692.0,RESIF,16.995715243468023,1.0,,,True,EHZ,100.0,True,2.4790763480352043,False
198,"Maitz, France",2018-03-13 05:49:38,2018-03-13 05:49:53,44.65,6.46,landslide,,,,,,,,,,,,,,FR,OGCE,EHZ,0.0,44.675625,6.772324,1789.0,RESIF,24.86487813979151,1.0,,,True,EHZ,100.0,True,3.054915726756151,False
198,"Maitz, France",2018-03-13 05:49:38,2018-03-13 05:49:53,44.65,6.46,landslide,,,,,,,,,,,,,,FR,OGVG,HHZ,0.0,44.81517,6.11233,1090.0,RESIF,33.03859873302639,1.0,,,True,HHZ,100.0,True,3.1758490071477943,True
198,"Maitz, France",2018-03-13 05:49:38,2018-03-13 05:49:53,44.65,6.46,landslide,,,,,,,,,,,,,,FR,JAUF,EHZ,0.0,44.429,6.7488,1639.0,RESIF,33.58267038624413,1.0,,,True,EHZ,100.0,True,3.0045082641539262,False
198,"Maitz, France",2018-03-13 05:49:38,2018-03-13 05:49:53,44.65,6.46,landslide,,,,,,,,,,,,,,FR,SURF,HHZ,0.0,44.480935,6.811695,1820.0,RESIF,33.61057037621185,1.0,,,True,HHZ,100.0,True,3.183618396300392,True
198,"Maitz, France",2018-03-13 05:49:38,2018-03-13 05:49:53,44.65,6.46,landslide,,,,,,,,,,,,,,GU,RRL,HHZ,,44.921,6.79,2086.0,INGV,39.82862092704377,1.0,,,True,HHZ,100.0,True,3.134720898150371,True
198,"Maitz, France",2018-03-13 05:49:38,2018-03-13 05:49:53,44.65,6.46,landslide,,,,,,,,,,,,,,FR,OGSA,HHZ,0.0,45.036806,6.400931,2106.0,RESIF,43.26029770916818,1.0,,,True,HHZ,100.0,True,3.166924344237073,True
199,"Saint Sauveur, France",2018-02-17 21:06:34,2018-02-17 21:07:47,44.54,6.51,landslide,,,,,,,,,,,,,,FR,CREF,EHZ,0.0,44.549681,6.621956,1692.0,RESIF,8.937444763038277,1.0,,,True,EHZ,100.0,True,10.749008621899076,True
199,"Saint Sauveur, France",2018-02-17 21:06:34,2018-02-17 21:07:47,44.54,6.51,landslide,,,,,,,,,,,,,,FR,JAUF,EHZ,0.0,44.429,6.7488,1639.0,RESIF,22.610252917547225,1.0,,,True,EHZ,100.0,True,6.09917194995908,True
199,"Saint Sauveur, France",2018-02-17 21:06:34,2018-02-17 21:07:47,44.54,6.51,landslide,,,,,,,,,,,,,,FR,SURF,HHZ,0.0,44.480935,6.811695,1820.0,RESIF,24.80822707305727,1.0,,,True,HHZ,100.0,True,6.818592361411403,True
199,"Saint Sauveur, France",2018-02-17 21:06:34,2018-02-17 21:07:47,44.54,6.51,landslide,,,,,,,,,,,,,,FR,OGCE,EHZ,0.0,44.675625,6.772324,1789.0,RESIF,25.66459869165324,1.0,,,True,EHZ,100.0,True,5.477278492114682,True
199,"Saint Sauveur, France",2018-02-17 21:06:34,2018-02-17 21:07:47,44.54,6.51,landslide,,,,,,,,,,,,,,FR,OGAG,HHZ,0.0,44.78784,6.539745,1280.0,RESIF,27.658770760818395,1.0,,,True,HHZ,100.0,True,6.6535056152305305,True
199,"Saint Sauveur, France",2018-02-17 21:06:34,2018-02-17 21:07:47,44.54,6.51,landslide,,,,,,,,,,,,,,FR,OGVG,HHZ,0.0,44.81517,6.11233,1090.0,RESIF,43.873177593413416,1.0,,,True,HHZ,100.0,True,4.934663272396148,False
199,"Saint Sauveur, France",2018-02-17 21:06:34,2018-02-17 21:07:47,44.54,6.51,landslide,,,,,,,,,,,,,,GU,RRL,HHZ,,44.921,6.79,2086.0,INGV,47.79172274837301,1.0,,,True,HHZ,100.0,True,4.290011124042563,False
199,"Saint Sauveur, France",2018-02-17 21:06:34,2018-02-17 21:07:47,44.54,6.51,landslide,,,,,,,,,,,,,,FR,ENAUX,HHZ,0.0,44.1095,6.7775,1350.0,RESIF,52.38578318031574,1.0,,,True,HHZ,100.0,True,3.972679822151258,False
199,"Saint Sauveur, France",2018-02-17 21:06:34,2018-02-17 21:07:47,44.54,6.51,landslide,,,,,,,,,,,,,,FR,OGDI,HHZ,0.0,44.1093,6.2253,770.0,RESIF,52.97642347307087,1.0,,,True,HHZ,100.0,True,5.041494574064771,False
199,"Saint Sauveur, France",2018-02-17 21:06:34,2018-02-17 21:07:47,44.54,6.51,landslide,,,,,,,,,,,,,,FR,ISO,HHZ,0.0,44.184,7.05,910.0,RESIF,58.39378693048809,1.0,,,True,HHZ,100.0,True,3.425354406836291,False
200,"Dent du Ratier, France",2017-12-02 12:05:07,2017-12-02 12:05:35,44.75,6.72,landslide,,,,,,,,,,,,,,1N,AIGH,HHZ,0.0,44.791983,6.875508,1924.0,RESIF,13.13352443367602,1.0,,,True,HHZ,100.0,True,4.346110451434707,True
200,"Dent du Ratier, France",2017-12-02 12:05:07,2017-12-02 12:05:35,44.75,6.72,landslide,,,,,,,,,,,,,,FR,OGAG,HHZ,0.0,44.78784,6.539745,1280.0,RESIF,14.83893309035038,1.0,,,True,HHZ,100.0,True,4.458171318101236,True
200,"Dent du Ratier, France",2017-12-02 12:05:07,2017-12-02 12:05:35,44.75,6.72,landslide,,,,,,,,,,,,,,GU,RRL,HHZ,,44.921,6.79,2086.0,INGV,19.7992740741224,1.0,,,True,HHZ,100.0,True,3.3178680540702423,True
200,"Dent du Ratier, France",2017-12-02 12:05:07,2017-12-02 12:05:35,44.75,6.72,landslide,,,,,,,,,,,,,,FR,SURF,HHZ,0.0,44.480935,6.811695,1820.0,RESIF,30.78641080659611,1.0,,,True,HHZ,100.0,True,3.2253241869727978,True
200,"Dent du Ratier, France",2017-12-02 12:05:07,2017-12-02 12:05:35,44.75,6.72,landslide,,,,,,,,,,,,,,MN,BNI,HHZ,,45.052,6.678,1395.0,"INGV,IRIS",33.74340814467557,1.0,,,True,HHZ,100.0,True,3.0443271227707114,False
200,"Dent du Ratier, France",2017-12-02 12:05:07,2017-12-02 12:05:35,44.75,6.72,landslide,,,,,,,,,,,,,,FR,JAUF,EHZ,0.0,44.429,6.7488,1639.0,RESIF,35.76635556739302,1.0,,,True,EHZ,100.0,True,3.677508440933142,True
200,"Dent du Ratier, France",2017-12-02 12:05:07,2017-12-02 12:05:35,44.75,6.72,landslide,,,,,,,,,,,,,,GU,PZZ,HHZ,,44.5065,7.1157,1397.0,INGV,41.3962993827218,1.0,,,True,HHZ,100.0,True,3.0756853383383542,False
201,"Callian, France",2017-11-05 02:28:39,2017-11-05 02:29:31,43.62,6.75,landslide,,,,,,,,,,,,,,FR,CALF,HHZ,0,43.7528,6.9218,1242.0,RESIF,20.22093636326531,1.0,,,True,HHZ,100.0,True,7.854276500475561,True
201,"Callian, France",2017-11-05 02:28:39,2017-11-05 02:29:31,43.62,6.75,landslide,,,,,,,,,,,,,,FR,CALF,BHZ,1,43.7528,6.9218,1242.0,RESIF,20.22093636326531,1.0,,,True,HHZ,100.0,True,7.854276500475561,True
201,"Callian, France",2017-11-05 02:28:39,2017-11-05 02:29:31,43.62,6.75,landslide,,,,,,,,,,,,,,FR,TRIGF,HHZ,0,43.7471,6.4074,1010.0,RESIF,30.962847299260822,1.0,,,True,HHZ,100.0,True,3.212376140349269,False
201,"Callian, France",2017-11-05 02:28:39,2017-11-05 02:29:31,43.62,6.75,landslide,,,,,,,,,,,,,,FR,MVIF,HHZ,0,43.896,7.153,1480.0,RESIF,44.60277224796721,1.0,,,True,HHZ,100.0,True,2.8854007461265256,False
201,"Callian, France",2017-11-05 02:28:39,2017-11-05 02:29:31,43.62,6.75,landslide,,,,,,,,,,,,,,FR,ENAUX,HHZ,0,44.1095,6.7775,1350.0,RESIF,54.47454621405848,1.0,,,True,HHZ,100.0,True,3.409124046565916,True
201,"Callian, France",2017-11-05 02:28:39,2017-11-05 02:29:31,43.62,6.75,landslide,,,,,,,,,,,,,,FR,ESCA,HHZ,1,43.831,7.3744,550.0,RESIF,55.38874439290725,1.0,,,True,HHZ,100.0,True,3.524182232991595,True
201,"Callian, France",2017-11-05 02:28:39,2017-11-05 02:29:31,43.62,6.75,landslide,,,,,,,,,,,,,,FR,SPIF,HHZ,0,44.0558,7.2366,1380.0,RESIF,62.220490694054575,1.0,,,True,HHZ,100.0,True,3.773657648550088,True
201,"Callian, France",2017-11-05 02:28:39,2017-11-05 02:29:31,43.62,6.75,landslide,,,,,,,,,,,,,,FR,TURF,HHZ,0,43.9749,7.3919,1650.0,RESIF,64.8957076637783,1.0,,,True,HHZ,100.0,True,3.118994033352246,False
201,"Callian, France",2017-11-05 02:28:39,2017-11-05 02:29:31,43.62,6.75,landslide,,,,,,,,,,,,,,FR,ISO,HHZ,0,44.184,7.05,910.0,RESIF,67.16199666705,1.0,,,True,HHZ,100.0,True,3.273146958119596,False
201,"Callian, France",2017-11-05 02:28:39,2017-11-05 02:29:31,43.62,6.75,landslide,,,,,,,,,,,,,,FR,ISO,BHZ,1,44.184,7.05,910.0,RESIF,67.16199666705,1.0,,,True,HHZ,100.0,True,3.273146958119596,False
202,"Eperon Tournier, France",2017-09-29 03:09:11,2017-09-29 03:10:51,45.884872,6.893194,rock fall,,,,,75000.0,50000.0,100000.0,,,,,,,IV,MRGE,HHZ,,45.76975,7.06101,1660.0,INGV,16.21525883282431,1.0,,,True,HHZ,100.0,True,11.16005845725642,True
202,"Eperon Tournier, France",2017-09-29 03:09:11,2017-09-29 03:10:51,45.884872,6.893194,rock fall,,,,,75000.0,50000.0,100000.0,,,,,,,FR,RSL,HHZ,0.0,45.688207,6.624517,1590.0,RESIF,22.74328437551738,1.0,,,True,HHZ,100.0,True,12.424128654331277,True
202,"Eperon Tournier, France",2017-09-29 03:09:11,2017-09-29 03:10:51,45.884872,6.893194,rock fall,,,,,75000.0,50000.0,100000.0,,,,,,,GU,REMY,HHZ,,45.8378,7.1565,2390.0,INGV,23.18218995097324,1.0,,,True,HHZ,100.0,True,12.526780231010898,True
202,"Eperon Tournier, France",2017-09-29 03:09:11,2017-09-29 03:10:51,45.884872,6.893194,rock fall,,,,,75000.0,50000.0,100000.0,,,,,,,FR,OGSI,HHZ,0.0,46.056477,6.756879,750.0,RESIF,28.543690434342537,1.0,,,True,HHZ,100.0,True,9.36582201715924,True
202,"Eperon Tournier, France",2017-09-29 03:09:11,2017-09-29 03:10:51,45.884872,6.893194,rock fall,,,,,75000.0,50000.0,100000.0,,,,,,,CH,SALAN,HHZ,,46.14415,6.97302,1881.3,ETH,38.16839694672491,1.0,,,True,EHZ,120.0,True,6.110360549110236,False
202,"Eperon Tournier, France",2017-09-29 03:09:11,2017-09-29 03:10:51,45.884872,6.893194,rock fall,,,,,75000.0,50000.0,100000.0,,,,,,,GU,LSD,HHZ,,45.4596,7.1339,2271.0,INGV,44.40273066455803,1.0,,,True,HHZ,100.0,True,10.49604694300125,True
202,"Eperon Tournier, France",2017-09-29 03:09:11,2017-09-29 03:10:51,45.884872,6.893194,rock fall,,,,,75000.0,50000.0,100000.0,,,,,,,CH,DIX,HHZ,,46.081053,7.408391,2370.2,ETH,52.02121328037226,1.0,,,True,HHZ,200.0,True,7.942743859976135,False
202,"Eperon Tournier, France",2017-09-29 03:09:11,2017-09-29 03:10:51,45.884872,6.893194,rock fall,,,,,75000.0,50000.0,100000.0,,,,,,,CH,GRYON,HHZ,,46.25053,7.11106,1282.0,ETH,52.679696340714585,1.0,,,True,EHZ,120.0,True,5.4370691355429575,False
202,"Eperon Tournier, France",2017-09-29 03:09:11,2017-09-29 03:10:51,45.884872,6.893194,rock fall,,,,,75000.0,50000.0,100000.0,,,,,,,CH,AIGLE,HHZ,,46.34176,6.95295,785.0,ETH,59.5621130167114,1.0,,,True,HHZ,120.0,True,4.507157549135564,False
202,"Eperon Tournier, France",2017-09-29 03:09:11,2017-09-29 03:10:51,45.884872,6.893194,rock fall,,,,,75000.0,50000.0,100000.0,,,,,,,GU,CIRO,HHZ,,45.6019,7.5681,2462.0,INGV,59.6556828026556,1.0,,,True,HHZ,100.0,True,6.685896536442423,False
203,"Pas du Rif, France",2017-08-08 02:58:56,2017-08-08 03:00:02,44.84,6.6,landslide,,,,,,,,,,,,,,FR,OGAG,HHZ,0.0,44.78784,6.539745,1280.0,RESIF,7.498685096554407,1.0,,,True,HHZ,100.0,True,23.51393295283492,True
203,"Pas du Rif, France",2017-08-08 02:58:56,2017-08-08 03:00:02,44.84,6.6,landslide,,,,,,,,,,,,,,GU,RRL,HHZ,,44.921,6.79,2086.0,INGV,17.470797456573433,1.0,,,True,HHZ,100.0,True,16.63485440714311,True
203,"Pas du Rif, France",2017-08-08 02:58:56,2017-08-08 03:00:02,44.84,6.6,landslide,,,,,,,,,,,,,,1N,AIGH,HHZ,0.0,44.791983,6.875508,1924.0,RESIF,22.378013146176933,1.0,,,True,HHZ,100.0,True,13.193095332857462,False
203,"Pas du Rif, France",2017-08-08 02:58:56,2017-08-08 03:00:02,44.84,6.6,landslide,,,,,,,,,,,,,,1N,AIGO,HHZ,0.0,44.787328,6.877168,1622.0,RESIF,22.63443098029721,1.0,,,True,HHZ,100.0,True,15.061788528541753,False
203,"Pas du Rif, France",2017-08-08 02:58:56,2017-08-08 03:00:02,44.84,6.6,landslide,,,,,,,,,,,,,,1N,AIGB,HHZ,0.0,44.7859,6.878186,1526.0,RESIF,22.75373338924589,1.0,,,True,HHZ,100.0,True,16.08039228469589,True
203,"Pas du Rif, France",2017-08-08 02:58:56,2017-08-08 03:00:02,44.84,6.6,landslide,,,,,,,,,,,,,,1N,AIGE,HHZ,0.0,44.788333,6.879444,1614.0,RESIF,22.779272454778194,1.0,,,True,HHZ,100.0,True,20.689945810588203,True
203,"Pas du Rif, France",2017-08-08 02:58:56,2017-08-08 03:00:02,44.84,6.6,landslide,,,,,,,,,,,,,,MN,BNI,HHZ,,45.052,6.678,1395.0,"INGV,IRIS",24.35948654531587,1.0,,,True,HHZ,100.0,True,11.47150886431352,False
203,"Pas du Rif, France",2017-08-08 02:58:56,2017-08-08 03:00:02,44.84,6.6,landslide,,,,,,,,,,,,,,FR,CREF,EHZ,0.0,44.549681,6.621956,1692.0,RESIF,32.3286164913334,1.0,,,True,EHZ,100.0,True,19.9525187474868,True
203,"Pas du Rif, France",2017-08-08 02:58:56,2017-08-08 03:00:02,44.84,6.6,landslide,,,,,,,,,,,,,,FR,OGVG,HHZ,0.0,44.81517,6.11233,1090.0,RESIF,38.55800589405075,1.0,,,True,HHZ,100.0,True,5.451798540683375,False
203,"Pas du Rif, France",2017-08-08 02:58:56,2017-08-08 03:00:02,44.84,6.6,landslide,,,,,,,,,,,,,,FR,OGMO,HHZ,0.0,45.20865,6.68308,1200.0,RESIF,41.50878274841854,1.0,,,True,HHZ,100.0,True,4.089979507269814,False
204,"Grand Darray, Switzerland",2017-06-28 03:48:24,2017-06-28 03:49:36,45.95,7.06,landslide,,,,,,,,,,,,,,GU,REMY,HHZ,,45.8378,7.1565,2390.0,INGV,14.540494592588992,1.0,,,True,HHZ,100.0,True,9.448188345153785,True
204,"Grand Darray, Switzerland",2017-06-28 03:48:24,2017-06-28 03:49:36,45.95,7.06,landslide,,,,,,,,,,,,,,GU,REMY,HHZ,,45.8378,7.1565,2390.0,INGV,14.540494592588992,1.0,,,True,HHZ,,True,0.0,False
204,"Grand Darray, Switzerland",2017-06-28 03:48:24,2017-06-28 03:49:36,45.95,7.06,landslide,,,,,,,,,,,,,,IV,MRGE,HHZ,,45.76975,7.06101,1660.0,INGV,20.043038128269394,1.0,,,True,HHZ,100.0,True,9.275960842161505,True
204,"Grand Darray, Switzerland",2017-06-28 03:48:24,2017-06-28 03:49:36,45.95,7.06,landslide,,,,,,,,,,,,,,IV,MRGE,HHZ,,45.76975,7.06101,1660.0,INGV,20.043038128269394,1.0,,,True,HHZ,,True,0.0,False
204,"Grand Darray, Switzerland",2017-06-28 03:48:24,2017-06-28 03:49:36,45.95,7.06,landslide,,,,,,,,,,,,,,CH,SALAN,HHZ,,46.14415,6.97302,1881.3,ETH,22.60807504456665,1.0,,,True,EHZ,120.0,True,9.947404290863345,True
204,"Grand Darray, Switzerland",2017-06-28 03:48:24,2017-06-28 03:49:36,45.95,7.06,landslide,,,,,,,,,,,,,,CH,SALAN,HHZ,,46.14415,6.97302,1881.3,ETH,22.60807504456665,1.0,,,True,HHZ,,True,0.0,False
204,"Grand Darray, Switzerland",2017-06-28 03:48:24,2017-06-28 03:49:36,45.95,7.06,landslide,,,,,,,,,,,,,,FR,OGSI,HHZ,0.0,46.056477,6.756879,750.0,RESIF,26.23585339680318,1.0,,,True,HHZ,100.0,True,10.60872022278808,True
204,"Grand Darray, Switzerland",2017-06-28 03:48:24,2017-06-28 03:49:36,45.95,7.06,landslide,,,,,,,,,,,,,,FR,OGSI,HHZ,0.0,46.056477,6.756879,750.0,RESIF,26.23585339680318,1.0,,,True,HHZ,,True,0.0,False
204,"Grand Darray, Switzerland",2017-06-28 03:48:24,2017-06-28 03:49:36,45.95,7.06,landslide,,,,,,,,,,,,,,CH,DIX,HHZ,,46.081053,7.408391,2370.2,ETH,30.59618378241831,1.0,,,True,HHZ,200.0,True,6.954140800358103,True
204,"Grand Darray, Switzerland",2017-06-28 03:48:24,2017-06-28 03:49:36,45.95,7.06,landslide,,,,,,,,,,,,,,CH,DIX,HHZ,,46.081053,7.408391,2370.2,ETH,30.59618378241831,1.0,,,True,HHZ,,True,0.0,False
205,"Einserkofel, Italy",2007-10-12 07:39:24,2007-10-12 07:40:56,46.639,12.3483,rock slide,,,,,60000.0,,,,,,,,,IV,FVI,EHZ,,46.59658,12.7804,1024.0,INGV,33.33721708912768,1.0,,,True,EHZ,50.0,True,14.56853858788387,True
205,"Einserkofel, Italy",2007-10-12 07:39:24,2007-10-12 07:40:56,46.639,12.3483,rock slide,,,,,60000.0,,,,,,,,,BW,RWMO,EHZ,,47.744171,12.729887,763.0,LMU,126.2262550002773,1.0,,,True,EHZ,200.0,True,6.977390390148817,True
205,"Einserkofel, Italy",2007-10-12 07:39:24,2007-10-12 07:40:56,46.639,12.3483,rock slide,,,,,60000.0,,,,,,,,,BW,RJOB,EHZ,,47.737167,12.795714,860.0,LMU,126.70417484577202,1.0,,,True,EHZ,200.0,True,5.205618328095462,True
205,"Einserkofel, Italy",2007-10-12 07:39:24,2007-10-12 07:40:56,46.639,12.3483,rock slide,,,,,60000.0,,,,,,,,,BW,RTBE,EHZ,,47.745098,12.824082,1162.0,LMU,128.13834593672803,1.0,,,True,EHZ,200.0,True,4.481991308129604,False
205,"Einserkofel, Italy",2007-10-12 07:39:24,2007-10-12 07:40:56,46.639,12.3483,rock slide,,,,,60000.0,,,,,,,,,IV,BRMO,BHZ,,46.47616,10.37218,1380.0,INGV,152.1067319591789,1.0,,,False,,,False,0.0,False
205,"Einserkofel, Italy",2007-10-12 07:39:24,2007-10-12 07:40:56,46.639,12.3483,rock slide,,,,,60000.0,,,,,,,,,IV,MABI,HHZ,,46.05492,10.514,1853.0,INGV,155.0472077005893,1.0,,,True,HHZ,100.0,True,6.741734210180093,True
205,"Einserkofel, Italy",2007-10-12 07:39:24,2007-10-12 07:40:56,46.639,12.3483,rock slide,,,,,60000.0,,,,,,,,,CH,FUORN,HHZ,,46.620334,10.26352,2286.0,"ETH,IRIS",159.20019079355998,1.0,,,True,HHZ,120.0,True,5.9756381012036455,True
205,"Einserkofel, Italy",2007-10-12 07:39:24,2007-10-12 07:40:56,46.639,12.3483,rock slide,,,,,60000.0,,,,,,,,,CH,DAVOX,HHZ,,46.7805,9.87952,1830.0,ETH,188.88252841937208,1.0,,,True,HHZ,120.0,True,4.369387262719925,False
206,"Kalkkögel, Austria",2011-05-06 05:22:05,2011-05-06 05:23:05,47.1494,11.2736,rock fall,,,,,1000.0,,,,,,,,,SI,ROSI,HHZ,,46.9281,11.4118,1917.0,INGV,26.743298917610176,1.0,,,True,HHZ,100.0,True,4.903145200039049,True
206,"Kalkkögel, Austria",2011-05-06 05:22:05,2011-05-06 05:23:05,47.1494,11.2736,rock fall,,,,,1000.0,,,,,,,,,BW,ZUGS,EHZ,,47.416309,10.97883,2650.0,LMU,37.08420289607693,1.0,,,True,EHZ,200.0,True,5.88436899197748,True
206,"Kalkkögel, Austria",2011-05-06 05:22:05,2011-05-06 05:23:05,47.1494,11.2736,rock fall,,,,,1000.0,,,,,,,,,SI,RISI,HHZ,,46.948,12.0787,1785.0,INGV,64.97950070514668,1.0,,,True,HHZ,100.0,True,3.576710577279425,True
206,"Kalkkögel, Austria",2011-05-06 05:22:05,2011-05-06 05:23:05,47.1494,11.2736,rock fall,,,,,1000.0,,,,,,,,,SI,MOSI,HHZ,,46.6164,10.5495,1957.0,INGV,80.87637517878575,1.0,,,True,HHZ,100.0,True,3.05252969140543,True
206,"Kalkkögel, Austria",2011-05-06 05:22:05,2011-05-06 05:23:05,47.1494,11.2736,rock fall,,,,,1000.0,,,,,,,,,CH,FUORN,HHZ,,46.620334,10.26352,2286.0,"ETH,IRIS",96.71278122684788,1.0,,,True,HHZ,120.0,True,3.8333019523135943,True
207,"Piz Cengalo 1, Switzerland",2011-12-27 17:25:22,2011-12-27 17:29:14,46.295,9.602,rock avalanche,,,,,1500000.0,1000000.0,2000000.0,,,,,,,CH,VDL,HHZ,,46.48311,9.44933,1927.75,ETH,23.96953036247995,1.0,,,True,HHZ,120.0,True,45.667873460928014,True
207,"Piz Cengalo 1, Switzerland",2011-12-27 17:25:22,2011-12-27 17:29:14,46.295,9.602,rock avalanche,,,,,1500000.0,1000000.0,2000000.0,,,,,,,MN,TUE,BHZ,,46.47223,9.34732,1924.0,"IRIS,INGV",27.748776676383617,1.0,,,True,BHZ,20.0,True,45.26487825232618,True
207,"Piz Cengalo 1, Switzerland",2011-12-27 17:25:22,2011-12-27 17:29:14,46.295,9.602,rock avalanche,,,,,1500000.0,1000000.0,2000000.0,,,,,,,S,EBELL,EHZ,,46.19655,9.01394,225.0,ETH,46.52708781135495,1.0,,,True,EHZ,100.0,True,5.827245792913364,False
207,"Piz Cengalo 1, Switzerland",2011-12-27 17:25:22,2011-12-27 17:29:14,46.295,9.602,rock avalanche,,,,,1500000.0,1000000.0,2000000.0,,,,,,,CH,DAVOX,HHZ,,46.7805,9.87952,1830.0,ETH,58.00836735159745,1.0,,,True,HHZ,120.0,True,24.246215345072567,False
207,"Piz Cengalo 1, Switzerland",2011-12-27 17:25:22,2011-12-27 17:29:14,46.295,9.602,rock avalanche,,,,,1500000.0,1000000.0,2000000.0,,,,,,,CH,MUGIO,HHZ,,45.92184,9.04171,924.0,"ETH,IRIS",59.89438085756582,1.0,,,True,HHZ,120.0,True,28.809934744382332,True
207,"Piz Cengalo 1, Switzerland",2011-12-27 17:25:22,2011-12-27 17:29:14,46.295,9.602,rock avalanche,,,,,1500000.0,1000000.0,2000000.0,,,,,,,CH,FUORN,HHZ,,46.620334,10.26352,2286.0,"ETH,IRIS",62.26067026615273,1.0,,,True,HHZ,120.0,True,31.30731828185004,True
207,"Piz Cengalo 1, Switzerland",2011-12-27 17:25:22,2011-12-27 17:29:14,46.295,9.602,rock avalanche,,,,,1500000.0,1000000.0,2000000.0,,,,,,,IV,BRMO,BHZ,,46.47616,10.37218,1380.0,INGV,62.41445109740776,1.0,,,True,HHZ,100.0,True,29.879051279021944,True
207,"Piz Cengalo 1, Switzerland",2011-12-27 17:25:22,2011-12-27 17:29:14,46.295,9.602,rock avalanche,,,,,1500000.0,1000000.0,2000000.0,,,,,,,CH,PANIX,HHZ,,46.825743,9.111708,1433.0,ETH,69.91446835371133,1.0,,,True,HHZ,120.0,True,18.90176422466177,False
207,"Piz Cengalo 1, Switzerland",2011-12-27 17:25:22,2011-12-27 17:29:14,46.295,9.602,rock avalanche,,,,,1500000.0,1000000.0,2000000.0,,,,,,,CH,NALPS,HHZ,,46.595121,8.74828,2345.68,ETH,73.43164136321647,1.0,,,True,HHZ,200.0,True,25.435659002185236,False
207,"Piz Cengalo 1, Switzerland",2011-12-27 17:25:22,2011-12-27 17:29:14,46.295,9.602,rock avalanche,,,,,1500000.0,1000000.0,2000000.0,,,,,,,CH,FUSIO,HHZ,,46.45481,8.6629,1460.0,ETH,74.20400284516933,1.0,,,True,HHZ,120.0,True,25.56788536261625,False
208,"Hochwand, Austria",2012-03-22 22:53:25,2012-03-22 22:54:56,47.3535,11.0041,rock slide,,,,,150000.0,,,,,,,,,BW,ZUGS,EHZ,,47.416309,10.97883,2650.0,LMU,7.238531161580988,1.0,,,True,EHZ,200.0,True,11.591285975922355,True
208,"Hochwand, Austria",2012-03-22 22:53:25,2012-03-22 22:54:56,47.3535,11.0041,rock slide,,,,,150000.0,,,,,,,,,BW,ZUGS,EHZ,,47.416309,10.97883,2650.0,LMU,7.238531161580988,1.0,,,True,EHZ,,True,0.0,False
208,"Hochwand, Austria",2012-03-22 22:53:25,2012-03-22 22:54:56,47.3535,11.0041,rock slide,,,,,150000.0,,,,,,,,,BW,OBER,EHZ,,47.406963,10.293358,896.0,LMU,53.84318315727242,1.0,,,True,EHZ,200.0,True,4.549084824378123,True
208,"Hochwand, Austria",2012-03-22 22:53:25,2012-03-22 22:54:56,47.3535,11.0041,rock slide,,,,,150000.0,,,,,,,,,BW,OBER,EHZ,,47.406963,10.293358,896.0,LMU,53.84318315727242,1.0,,,True,EHZ,,True,0.0,False
208,"Hochwand, Austria",2012-03-22 22:53:25,2012-03-22 22:54:56,47.3535,11.0041,rock slide,,,,,150000.0,,,,,,,,,SI,ROSI,HHZ,,46.9281,11.4118,1917.0,INGV,56.4655902454884,1.0,,,True,HHZ,100.0,True,4.732614475842471,True
208,"Hochwand, Austria",2012-03-22 22:53:25,2012-03-22 22:54:56,47.3535,11.0041,rock slide,,,,,150000.0,,,,,,,,,BW,BE3,EHZ,,47.876518,11.283551,630.0,LMU,61.8141624010982,1.0,,,True,EHZ,200.0,True,4.2588386200631465,False
208,"Hochwand, Austria",2012-03-22 22:53:25,2012-03-22 22:54:56,47.3535,11.0041,rock slide,,,,,150000.0,,,,,,,,,BW,BE1,EHZ,,47.910835,11.221278,746.0,LMU,64.07383984944495,1.0,,,True,EHZ,200.0,True,3.755379277939912,False
208,"Hochwand, Austria",2012-03-22 22:53:25,2012-03-22 22:54:56,47.3535,11.0041,rock slide,,,,,150000.0,,,,,,,,,SI,ABSI,HHZ,,46.7285,11.3205,1801.0,INGV,73.51610157350711,1.0,,,True,HHZ,100.0,True,5.52246653196286,True
208,"Hochwand, Austria",2012-03-22 22:53:25,2012-03-22 22:54:56,47.3535,11.0041,rock slide,,,,,150000.0,,,,,,,,,SI,MOSI,HHZ,,46.6164,10.5495,1957.0,INGV,88.92028217813788,1.0,,,True,HHZ,100.0,True,4.682506222348697,True
208,"Hochwand, Austria",2012-03-22 22:53:25,2012-03-22 22:54:56,47.3535,11.0041,rock slide,,,,,150000.0,,,,,,,,,SI,RISI,HHZ,,46.948,12.0787,1785.0,INGV,92.93181632764131,1.0,,,True,HHZ,100.0,True,4.445157647772121,False
209,"Gamsgrube, Austria",2012-05-01 18:26:46,2012-05-01 18:28:23,47.1179,11.7992,rock slide,,,,,,1000.0,10000.0,,,,,,,SI,RISI,HHZ,,46.948,12.0787,1785.0,INGV,28.38335541469283,1.0,,,True,HHZ,100.0,True,6.696874603761916,True
209,"Gamsgrube, Austria",2012-05-01 18:26:46,2012-05-01 18:28:23,47.1179,11.7992,rock slide,,,,,,1000.0,10000.0,,,,,,,SI,ROSI,HHZ,,46.9281,11.4118,1917.0,INGV,36.16287655033857,1.0,,,True,HHZ,100.0,True,7.915791907211869,True
209,"Gamsgrube, Austria",2012-05-01 18:26:46,2012-05-01 18:28:23,47.1179,11.7992,rock slide,,,,,,1000.0,10000.0,,,,,,,SI,ABSI,HHZ,,46.7285,11.3205,1801.0,INGV,56.53701796908007,1.0,,,True,HHZ,100.0,True,5.4052181215658255,True
210,"Preonzo, Switzerland",2012-05-15 02:45:29,2012-05-15 02:47:43,46.2516,8.9846,rock slide,,,,,210000.0,,,,,,,,,S,EBELL,EHZ,,46.19655,9.01394,225.0,ETH,6.524153022001897,1.0,,,True,EHZ,100.0,True,7.980530284620189,False
210,"Preonzo, Switzerland",2012-05-15 02:45:29,2012-05-15 02:47:43,46.2516,8.9846,rock slide,,,,,210000.0,,,,,,,,,CH,FUSIO,HHZ,,46.45481,8.6629,1460.0,ETH,33.468773803743474,1.0,,,True,HHZ,120.0,True,15.959337698266475,True
210,"Preonzo, Switzerland",2012-05-15 02:45:29,2012-05-15 02:47:43,46.2516,8.9846,rock slide,,,,,210000.0,,,,,,,,,CH,MUGIO,HHZ,,45.92184,9.04171,924.0,"ETH,IRIS",36.93120979339323,1.0,,,True,HHZ,120.0,True,10.827919848056476,True
210,"Preonzo, Switzerland",2012-05-15 02:45:29,2012-05-15 02:47:43,46.2516,8.9846,rock slide,,,,,210000.0,,,,,,,,,MN,TUE,BHZ,,46.47223,9.34732,1924.0,"IRIS,INGV",37.10212067601278,1.0,,,True,BHZ,20.0,True,9.873425027386668,True
210,"Preonzo, Switzerland",2012-05-15 02:45:29,2012-05-15 02:47:43,46.2516,8.9846,rock slide,,,,,210000.0,,,,,,,,,CH,NALPS,HHZ,,46.595121,8.74828,2345.68,ETH,42.27500139811451,1.0,,,True,HHZ,200.0,True,13.59172921918572,True
210,"Preonzo, Switzerland",2012-05-15 02:45:29,2012-05-15 02:47:43,46.2516,8.9846,rock slide,,,,,210000.0,,,,,,,,,CH,VDL,HHZ,,46.48311,9.44933,1927.75,ETH,43.99791407651092,1.0,,,True,HHZ,120.0,True,5.84852704712257,False
210,"Preonzo, Switzerland",2012-05-15 02:45:29,2012-05-15 02:47:43,46.2516,8.9846,rock slide,,,,,210000.0,,,,,,,,,IV,VARE,HHZ,,45.867695,8.77,1219.0,INGV,45.78716744336138,1.0,,,True,HHZ,100.0,True,8.534652280501309,False
210,"Preonzo, Switzerland",2012-05-15 02:45:29,2012-05-15 02:47:43,46.2516,8.9846,rock slide,,,,,210000.0,,,,,,,,,CH,GRIMS,HHZ,,46.578146,8.318864,1746.0,ETH,62.63450148803928,1.0,,,True,HHZ,100.0,True,8.570069299717101,True
210,"Preonzo, Switzerland",2012-05-15 02:45:29,2012-05-15 02:47:43,46.2516,8.9846,rock slide,,,,,210000.0,,,,,,,,,CH,LLS,HHZ,,46.84676,9.00825,1860.0,ETH,66.20347974496303,1.0,,,True,HHZ,120.0,True,6.850199442647095,False
210,"Preonzo, Switzerland",2012-05-15 02:45:29,2012-05-15 02:47:43,46.2516,8.9846,rock slide,,,,,210000.0,,,,,,,,,CH,FIESA,HHZ,,46.43521,8.11051,2340.5,"IRIS,ETH",70.13365220757039,1.0,,,True,HHZ,120.0,True,5.946823059171988,False
211,"Regitzer Spitz, Switzerland",2012-11-25 11:29:00,2012-11-25 11:29:53,47.0405,9.5012,rock fall,,,,,180.0,,,,,,,,,CH,PLONS,HHZ,,47.04921,9.38076,1022.0,ETH,9.177115541361552,1.0,,,True,HHZ,120.0,True,13.135509529238002,True
211,"Regitzer Spitz, Switzerland",2012-11-25 11:29:00,2012-11-25 11:29:53,47.0405,9.5012,rock fall,,,,,180.0,,,,,,,,,CH,LIENZ,HHZ,,47.294437,9.491773,1567.0,"ETH,IRIS",28.24549774639537,1.0,,,True,HHZ,120.0,True,3.692784401575018,True
211,"Regitzer Spitz, Switzerland",2012-11-25 11:29:00,2012-11-25 11:29:53,47.0405,9.5012,rock fall,,,,,180.0,,,,,,,,,CH,SGT04,HHZ,,47.348435,9.349025,987.0,ETH,36.11976652761696,1.0,,,True,HHZ,200.0,True,5.129282291151723,True
211,"Regitzer Spitz, Switzerland",2012-11-25 11:29:00,2012-11-25 11:29:53,47.0405,9.5012,rock fall,,,,,180.0,,,,,,,,,CH,PANIX,HHZ,,46.825743,9.111708,1433.0,ETH,38.01135687273777,1.0,,,True,HHZ,120.0,True,4.1019639201017855,True
211,"Regitzer Spitz, Switzerland",2012-11-25 11:29:00,2012-11-25 11:29:53,47.0405,9.5012,rock fall,,,,,180.0,,,,,,,,,CH,DAVOX,HHZ,,46.7805,9.87952,1830.0,ETH,40.76373906243568,1.0,,,True,HHZ,120.0,True,3.862946581990842,True
212,"Dobratsch, Austria",2015-01-16 19:22:51,2015-01-16 19:24:15,46.5914,13.7326,rock slide,50000.0,,,,6000.0,,,,,,,,,NI,ACOM,HHZ,,46.548,13.5137,1788.0,IRIS,17.415426617752676,1.0,,,True,HHZ,100.0,True,11.314969845268578,True
212,"Dobratsch, Austria",2015-01-16 19:22:51,2015-01-16 19:24:15,46.5914,13.7326,rock slide,50000.0,,,,6000.0,,,,,,,,,XT,AAE45,HHZ,,46.63394,13.41474,677.0,ETH,24.73551022577548,1.0,,,True,HHZ,100.0,True,9.702509488310357,True
212,"Dobratsch, Austria",2015-01-16 19:22:51,2015-01-16 19:24:15,46.5914,13.7326,rock slide,50000.0,,,,6000.0,,,,,,,,,IV,PTCC,HHZ,,46.4075,13.354,700.0,INGV,35.46722801295951,1.0,,,True,HHZ,100.0,True,10.443837888657042,True
212,"Dobratsch, Austria",2015-01-16 19:22:51,2015-01-16 19:24:15,46.5914,13.7326,rock slide,50000.0,,,,6000.0,,,,,,,,,XT,AAE43,HHZ,,46.84051,13.43784,797.0,ETH,35.66856438148224,1.0,,,True,HHZ,100.0,True,6.576970328227932,False
212,"Dobratsch, Austria",2015-01-16 19:22:51,2015-01-16 19:24:15,46.5914,13.7326,rock slide,50000.0,,,,6000.0,,,,,,,,,XT,AAE46,HHZ,,46.56413,13.25389,1908.0,ETH,36.71413676127949,1.0,,,True,HHZ,100.0,True,6.135205667875269,False
212,"Dobratsch, Austria",2015-01-16 19:22:51,2015-01-16 19:24:15,46.5914,13.7326,rock slide,50000.0,,,,6000.0,,,,,,,,,XT,AAE44,HHZ,,46.7332,13.24913,1136.0,ETH,40.12281733767229,1.0,,,True,HHZ,100.0,True,11.68318805508539,True
212,"Dobratsch, Austria",2015-01-16 19:22:51,2015-01-16 19:24:15,46.5914,13.7326,rock slide,50000.0,,,,6000.0,,,,,,,,,XT,AAE49,HHZ,,46.3069,13.4009,735.0,ETH,40.5778524865949,1.0,,,True,HHZ,100.0,True,9.326994955531006,False
212,"Dobratsch, Austria",2015-01-16 19:22:51,2015-01-16 19:24:15,46.5914,13.7326,rock slide,50000.0,,,,6000.0,,,,,,,,,XT,AAE48,HHZ,,46.3796,13.2698,426.0,ETH,42.545646554884016,1.0,,,True,HHZ,100.0,True,9.349040167591063,True
212,"Dobratsch, Austria",2015-01-16 19:22:51,2015-01-16 19:24:15,46.5914,13.7326,rock slide,50000.0,,,,6000.0,,,,,,,,,NI,DRE,HHZ,,46.173302,13.645,810.0,IRIS,46.97346437311449,1.0,,,True,HHZ,100.0,True,4.857375933737709,False
212,"Dobratsch, Austria",2015-01-16 19:22:51,2015-01-16 19:24:15,46.5914,13.7326,rock slide,50000.0,,,,6000.0,,,,,,,,,XT,AAE42,HHZ,,46.90861,13.27004,1221.0,ETH,49.86080199979664,1.0,,,True,HHZ,100.0,True,4.449581984770658,False
213,"Sölden, Austria",2015-10-02 15:59:00,2015-10-02 16:01:36,47.0051,10.9728,rock slide,,,,,150000.0,100000.0,200000.0,,,,,,,SI,ROSI,HHZ,,46.9281,11.4118,1917.0,INGV,34.39493153455281,1.0,,,True,HHZ,100.0,True,13.047024110024251,True
213,"Sölden, Austria",2015-10-02 15:59:00,2015-10-02 16:01:36,47.0051,10.9728,rock slide,,,,,150000.0,100000.0,200000.0,,,,,,,SI,ABSI,HHZ,,46.7285,11.3205,1801.0,INGV,40.55467058263656,1.0,,,True,HHZ,100.0,True,10.608270446699766,True
213,"Sölden, Austria",2015-10-02 15:59:00,2015-10-02 16:01:36,47.0051,10.9728,rock slide,,,,,150000.0,100000.0,200000.0,,,,,,,BW,ZUGS,EHZ,,47.416309,10.97883,2650.0,LMU,45.72662307833411,1.0,,,True,EHZ,200.0,True,9.059732113502074,True
213,"Sölden, Austria",2015-10-02 15:59:00,2015-10-02 16:01:36,47.0051,10.9728,rock slide,,,,,150000.0,100000.0,200000.0,,,,,,,SI,MOSI,HHZ,,46.6164,10.5495,1957.0,INGV,53.90585873063019,1.0,,,True,HHZ,100.0,True,11.00597612445931,True
213,"Sölden, Austria",2015-10-02 15:59:00,2015-10-02 16:01:36,47.0051,10.9728,rock slide,,,,,150000.0,100000.0,200000.0,,,,,,,BW,PART,EHZ,,47.497238,11.11313,760.0,LMU,55.73882170883093,1.0,,,True,EHZ,200.0,True,4.990999362007176,False
213,"Sölden, Austria",2015-10-02 15:59:00,2015-10-02 16:01:36,47.0051,10.9728,rock slide,,,,,150000.0,100000.0,200000.0,,,,,,,BW,SCE,EHZ,,47.0378,11.709,1730.0,LMU,55.92525003234737,1.0,,,True,EHZ,200.0,True,5.236627987634168,False
213,"Sölden, Austria",2015-10-02 15:59:00,2015-10-02 16:01:36,47.0051,10.9728,rock slide,,,,,150000.0,100000.0,200000.0,,,,,,,IV,APPI,EHZ,,46.47868,11.22813,1056.0,INGV,61.68392391269317,1.0,,,True,EHZ,100.0,True,7.162715757309318,True
213,"Sölden, Austria",2015-10-02 15:59:00,2015-10-02 16:01:36,47.0051,10.9728,rock slide,,,,,150000.0,100000.0,200000.0,,,,,,,IV,BRES,EHZ,,46.69868,11.7341,2454.0,INGV,67.17473770072473,1.0,,,True,EHZ,100.0,True,5.276078015943964,False
213,"Sölden, Austria",2015-10-02 15:59:00,2015-10-02 16:01:36,47.0051,10.9728,rock slide,,,,,150000.0,100000.0,200000.0,,,,,,,BW,OBER,EHZ,,47.406963,10.293358,896.0,LMU,68.05206885858323,1.0,,,True,EHZ,200.0,True,5.2387507326083576,False
213,"Sölden, Austria",2015-10-02 15:59:00,2015-10-02 16:01:36,47.0051,10.9728,rock slide,,,,,150000.0,100000.0,200000.0,,,,,,,IV,BRMO,BHZ,,46.47616,10.37218,1380.0,INGV,74.52474782274557,1.0,,,True,HHZ,100.0,True,6.088594148384806,False
214,"Mellental, Austria",2016-03-25 17:14:00,2016-03-25 17:15:50,47.3511,9.8366,rock slide,,,,,,250000.0,,,,,,,,OE,DAVA,HHZ,,47.286701,9.8803,1602.0,"ORFEUS,IRIS",7.885,1.0,1.0,,True,HHZ,80.0,True,79.54405724418278,True
214,"Mellental, Austria",2016-03-25 17:14:00,2016-03-25 17:15:50,47.3511,9.8366,rock slide,,,,,,250000.0,,,,,,,,OE,DAVA,BHZ,,47.2867,9.8803,1602.0,"ORFEUS,IRIS",7.885,,1.0,,True,HHZ,80.0,True,79.54405724418278,False
214,"Mellental, Austria",2016-03-25 17:14:00,2016-03-25 17:15:50,47.3511,9.8366,rock slide,,,,,,250000.0,,,,,,,,CH,SGT05,HHZ,,47.441856,9.455951,856.0,ETH,30.456,1.0,1.0,,True,HHZ,200.0,True,13.173190731562304,True
214,"Mellental, Austria",2016-03-25 17:14:00,2016-03-25 17:15:50,47.3511,9.8366,rock slide,,,,,,250000.0,,,,,,,,BW,OBER,EHZ,,47.406963,10.293358,896.0,LMU,35.047,1.0,,,True,EHZ,200.0,True,8.232170938556514,True
214,"Mellental, Austria",2016-03-25 17:14:00,2016-03-25 17:15:50,47.3511,9.8366,rock slide,,,,,,250000.0,,,,,,,,CH,SGT00,EHZ,BH,47.423989,9.310302,721.0,ETH,40.556,1.0,,,True,EHZ,200.0,True,7.497587362114284,False
214,"Mellental, Austria",2016-03-25 17:14:00,2016-03-25 17:15:50,47.3511,9.8366,rock slide,,,,,,250000.0,,,,,,,,GR,UBR,HHZ,,47.6799,10.1071,903.0,BGR,41.851,1.0,1.0,,True,HHZ,100.0,True,12.836262788733942,True
214,"Mellental, Austria",2016-03-25 17:14:00,2016-03-25 17:15:50,47.3511,9.8366,rock slide,,,,,,250000.0,,,,,,,,CH,ROMAN,HHZ,BT,47.56432,9.33595,442.0,ETH,44.577,1.0,0.0,,True,HHZ,200.0,True,4.562963017674895,False
214,"Mellental, Austria",2016-03-25 17:14:00,2016-03-25 17:15:50,47.3511,9.8366,rock slide,,,,,,250000.0,,,,,,,,CH,PLONS,HHZ,,47.04921,9.38076,1022.0,ETH,48.16,1.0,1.0,,True,HHZ,120.0,True,7.976223351014711,False
214,"Mellental, Austria",2016-03-25 17:14:00,2016-03-25 17:15:50,47.3511,9.8366,rock slide,,,,,,250000.0,,,,,,,,CH,PLONS,BHZ,,47.04921,9.38076,1022.0,ETH,48.16,,1.0,,True,HHZ,120.0,True,7.976223351014711,False
214,"Mellental, Austria",2016-03-25 17:14:00,2016-03-25 17:15:50,47.3511,9.8366,rock slide,,,,,,250000.0,,,,,,,,CH,DAVOX,HHZ,,46.7805,9.87952,1830.0,ETH,63.519,1.0,,,True,HHZ,120.0,True,12.110123275033878,True
215,"Kleine Gaisl, Italy",2016-08-19 21:56:55,2016-08-19 22:00:21,46.6425,12.1388,rock slide,,,,,650000.0,600000.0,700000.0,,,,,,,OE,ABTA,HHZ,,46.7474,12.5123,1041.0,ORFEUS,30.856,1.0,1.0,,True,HHZ,100.0,True,39.40774952026476,True
215,"Kleine Gaisl, Italy",2016-08-19 21:56:55,2016-08-19 22:00:21,46.6425,12.1388,rock slide,,,,,650000.0,600000.0,700000.0,,,,,,,SI,RISI,HHZ,,46.948,12.0787,1785.0,INGV,34.27,1.0,1.0,,True,HHZ,100.0,True,28.7809258212501,True
215,"Kleine Gaisl, Italy",2016-08-19 21:56:55,2016-08-19 22:00:21,46.6425,12.1388,rock slide,,,,,650000.0,600000.0,700000.0,,,,,,,SI,RISI,BHZ,,46.948,12.0787,1779.0,INGV,34.27,,1.0,,True,HHZ,100.0,True,28.7809258212501,False
215,"Kleine Gaisl, Italy",2016-08-19 21:56:55,2016-08-19 22:00:21,46.6425,12.1388,rock slide,,,,,650000.0,600000.0,700000.0,,,,,,,OX,CIMO,HHZ,,46.3116,12.4448,710.0,"INGV,NIEP,IRIS",43.649,1.0,0.0,,True,HHZ,100.0,True,23.877011726842305,True
215,"Kleine Gaisl, Italy",2016-08-19 21:56:55,2016-08-19 22:00:21,46.6425,12.1388,rock slide,,,,,650000.0,600000.0,700000.0,,,,,,,IV,FVI,EHZ,,46.59658,12.7804,1024.0,INGV,49.26614993376382,1.0,,,True,HHZ,100.0,True,15.873634586791615,True
215,"Kleine Gaisl, Italy",2016-08-19 21:56:55,2016-08-19 22:00:21,46.6425,12.1388,rock slide,,,,,650000.0,600000.0,700000.0,,,,,,,BW,SCE,EHZ,,47.0378,11.709,1730.0,LMU,54.77923122377344,1.0,,,True,HHZ,200.0,True,7.254854949643111,False
215,"Kleine Gaisl, Italy",2016-08-19 21:56:55,2016-08-19 22:00:21,46.6425,12.1388,rock slide,,,,,650000.0,600000.0,700000.0,,,,,,,BW,SCE,HHZ,,47.0378,11.709,1730.0,LMU,54.827,,1.0,,True,HHZ,200.0,True,7.254854949643111,False
215,"Kleine Gaisl, Italy",2016-08-19 21:56:55,2016-08-19 22:00:21,46.6425,12.1388,rock slide,,,,,650000.0,600000.0,700000.0,,,,,,,NI,CLUD,HHZ,,46.4569,12.8814,635.0,IRIS,60.421291045745775,1.0,,,False,,,False,0.0,False
215,"Kleine Gaisl, Italy",2016-08-19 21:56:55,2016-08-19 22:00:21,46.6425,12.1388,rock slide,,,,,650000.0,600000.0,700000.0,,,,,,,OX,CLUD,HHZ,,46.456902,12.8814,635.0,"NIEP,IRIS,INGV",60.573,,1.0,,True,HHZ,100.0,True,24.52228456751908,False
215,"Kleine Gaisl, Italy",2016-08-19 21:56:55,2016-08-19 22:00:21,46.6425,12.1388,rock slide,,,,,650000.0,600000.0,700000.0,,,,,,,IV,STAL,HHZ,,46.2601,12.7104,625.0,INGV,61.119,1.0,0.0,,True,HHZ,100.0,True,17.898019746353118,True
216,"Zwölferkofel, Italy",2017-02-21 09:36:36,2017-02-21 09:38:44,46.6149,12.3749,rock slide,,,,,,,,,,,,,,OE,ABTA,HHZ,,46.7474,12.5123,1041.0,ORFEUS,18.096,1.0,1.0,,True,HHZ,100.0,True,20.689827099491676,True
216,"Zwölferkofel, Italy",2017-02-21 09:36:36,2017-02-21 09:38:44,46.6149,12.3749,rock slide,,,,,,,,,,,,,,OE,ABTA,BHZ,,46.7474,12.5123,1041.0,ORFEUS,18.096,,1.0,,True,HHZ,100.0,True,20.689827099491676,False
216,"Zwölferkofel, Italy",2017-02-21 09:36:36,2017-02-21 09:38:44,46.6149,12.3749,rock slide,,,,,,,,,,,,,,IV,FVI,EHZ,,46.59658,12.7804,1024.0,INGV,31.0440531908116,1.0,,,True,HHZ,100.0,True,14.627943807077129,True
216,"Zwölferkofel, Italy",2017-02-21 09:36:36,2017-02-21 09:38:44,46.6149,12.3749,rock slide,,,,,,,,,,,,,,IV,FVI,HHZ,,46.59658,12.7804,1024.0,INGV,31.133,,1.0,,True,HHZ,100.0,True,14.627943807077129,False
216,"Zwölferkofel, Italy",2017-02-21 09:36:36,2017-02-21 09:38:44,46.6149,12.3749,rock slide,,,,,,,,,,,,,,OX,CIMO,HHZ,,46.3116,12.4448,710.0,"INGV,NIEP,IRIS",34.14,1.0,1.0,,True,HHZ,100.0,True,18.728716939243487,True
216,"Zwölferkofel, Italy",2017-02-21 09:36:36,2017-02-21 09:38:44,46.6149,12.3749,rock slide,,,,,,,,,,,,,,NI,CLUD,HHZ,,46.4569,12.8814,635.0,IRIS,42.53996819687181,1.0,,,False,,,False,0.0,False
216,"Zwölferkofel, Italy",2017-02-21 09:36:36,2017-02-21 09:38:44,46.6149,12.3749,rock slide,,,,,,,,,,,,,,OX,CLUD,HHZ,,46.456902,12.8814,635.0,"NIEP,IRIS,INGV",42.64,,1.0,,True,HHZ,100.0,True,15.39842235972884,False
216,"Zwölferkofel, Italy",2017-02-21 09:36:36,2017-02-21 09:38:44,46.6149,12.3749,rock slide,,,,,,,,,,,,,,SI,RISI,HHZ,,46.948,12.0787,1785.0,INGV,43.392,1.0,1.0,,True,HHZ,100.0,True,16.45096595300414,True
216,"Zwölferkofel, Italy",2017-02-21 09:36:36,2017-02-21 09:38:44,46.6149,12.3749,rock slide,,,,,,,,,,,,,,NI,ZOU2,HHZ,,46.558399,12.9729,1911.0,IRIS,46.12855266680197,1.0,,,False,,,False,0.0,False
216,"Zwölferkofel, Italy",2017-02-21 09:36:36,2017-02-21 09:38:44,46.6149,12.3749,rock slide,,,,,,,,,,,,,,OX,ZOU2,HHZ,,46.5584,12.9729,1911.0,"NIEP,IRIS,INGV",46.259,,1.0,,True,HHZ,100.0,True,15.19269811785355,False
217,"Piz Cengalo 3, Switzerland",2017-08-23 09:03:54,2017-08-23 09:05:44,46.29552,9.6019,landslide,,,,,,,,,,,,,,CH,VDL,HHZ,,46.48311,9.44933,1927.75,ETH,23.91713375969045,1.0,,,True,HHZ,200.0,True,6.835100620933593,True
217,"Piz Cengalo 3, Switzerland",2017-08-23 09:03:54,2017-08-23 09:05:44,46.29552,9.6019,landslide,,,,,,,,,,,,,,MN,TUE,BHZ,,46.47223,9.34732,1924.0,"IRIS,INGV",27.70226912263088,1.0,,,True,BHZ,40.0,True,6.154506668293389,True
217,"Piz Cengalo 3, Switzerland",2017-08-23 09:03:54,2017-08-23 09:05:44,46.29552,9.6019,landslide,,,,,,,,,,,,,,CH,BERNI,HHZ,,46.413636,10.023095,2311.0,ETH,34.89130447254442,1.0,,,True,HHZ,200.0,True,8.185548696573296,True
217,"Piz Cengalo 3, Switzerland",2017-08-23 09:03:54,2017-08-23 09:05:44,46.29552,9.6019,landslide,,,,,,,,,,,,,,CH,DAVOX,HHZ,,46.7805,9.87952,1830.0,ETH,57.95732497896313,1.0,,,True,HHZ,120.0,True,5.277856380039354,True
217,"Piz Cengalo 3, Switzerland",2017-08-23 09:03:54,2017-08-23 09:05:44,46.29552,9.6019,landslide,,,,,,,,,,,,,,IV,MDI,HHZ,,45.76972,9.716,954.0,INGV,59.126042498767816,1.0,,,True,HHZ,100.0,True,3.551391565936723,False
217,"Piz Cengalo 3, Switzerland",2017-08-23 09:03:54,2017-08-23 09:05:44,46.29552,9.6019,landslide,,,,,,,,,,,,,,CH,MUGIO,HHZ,,45.92184,9.04171,924.0,"ETH,IRIS",59.92874988334602,1.0,,,True,HHZ,120.0,True,4.4342440172640485,False
217,"Piz Cengalo 3, Switzerland",2017-08-23 09:03:54,2017-08-23 09:05:44,46.29552,9.6019,landslide,,,,,,,,,,,,,,CH,FUORN,HHZ,,46.620334,10.26352,2286.0,"ETH,IRIS",62.23313349190455,1.0,,,True,HHZ,200.0,True,5.368974397878392,True
217,"Piz Cengalo 3, Switzerland",2017-08-23 09:03:54,2017-08-23 09:05:44,46.29552,9.6019,landslide,,,,,,,,,,,,,,IV,BRMO,BHZ,,46.47616,10.37218,1380.0,INGV,62.40280947363991,1.0,,,True,HHZ,100.0,True,3.697567952834659,False
217,"Piz Cengalo 3, Switzerland",2017-08-23 09:03:54,2017-08-23 09:05:44,46.29552,9.6019,landslide,,,,,,,,,,,,,,CH,PANIX,HHZ,,46.825743,9.111708,1433.0,ETH,69.86146977472177,1.0,,,True,HHZ,200.0,True,3.3762130820748646,False
217,"Piz Cengalo 3, Switzerland",2017-08-23 09:03:54,2017-08-23 09:05:44,46.29552,9.6019,landslide,,,,,,,,,,,,,,CH,FUSIO,HHZ,,46.45481,8.6629,1460.0,ETH,74.1823951057544,1.0,,,True,HHZ,200.0,True,4.748932049316086,False
218,"Piz Cengalo 4, Switzerland",2017-08-23 09:36:17,2017-08-23 09:38:28,46.29552,9.6019,landslide,,,,,,,,,,,,,,CH,VDL,HHZ,,46.48311,9.44933,1927.75,ETH,23.91713375969045,1.0,,,True,HHZ,200.0,True,26.44660861848336,True
218,"Piz Cengalo 4, Switzerland",2017-08-23 09:36:17,2017-08-23 09:38:28,46.29552,9.6019,landslide,,,,,,,,,,,,,,MN,TUE,BHZ,,46.47223,9.34732,1924.0,"IRIS,INGV",27.70226912263088,1.0,,,True,BHZ,40.0,True,20.83578483676299,True
218,"Piz Cengalo 4, Switzerland",2017-08-23 09:36:17,2017-08-23 09:38:28,46.29552,9.6019,landslide,,,,,,,,,,,,,,CH,BERNI,HHZ,,46.413636,10.023095,2311.0,ETH,34.89130447254442,1.0,,,True,HHZ,200.0,True,19.687945461763395,True
218,"Piz Cengalo 4, Switzerland",2017-08-23 09:36:17,2017-08-23 09:38:28,46.29552,9.6019,landslide,,,,,,,,,,,,,,CH,DAVOX,HHZ,,46.7805,9.87952,1830.0,ETH,57.95732497896313,1.0,,,True,HHZ,120.0,True,14.195354982404146,True
218,"Piz Cengalo 4, Switzerland",2017-08-23 09:36:17,2017-08-23 09:38:28,46.29552,9.6019,landslide,,,,,,,,,,,,,,IV,MDI,HHZ,,45.76972,9.716,954.0,INGV,59.126042498767816,1.0,,,True,HHZ,100.0,True,8.8273348458679,False
218,"Piz Cengalo 4, Switzerland",2017-08-23 09:36:17,2017-08-23 09:38:28,46.29552,9.6019,landslide,,,,,,,,,,,,,,CH,MUGIO,HHZ,,45.92184,9.04171,924.0,"ETH,IRIS",59.92874988334602,1.0,,,True,HHZ,120.0,True,10.73106062431524,False
218,"Piz Cengalo 4, Switzerland",2017-08-23 09:36:17,2017-08-23 09:38:28,46.29552,9.6019,landslide,,,,,,,,,,,,,,CH,FUORN,HHZ,,46.620334,10.26352,2286.0,"ETH,IRIS",62.23313349190455,1.0,,,True,HHZ,200.0,True,17.11014848318094,True
218,"Piz Cengalo 4, Switzerland",2017-08-23 09:36:17,2017-08-23 09:38:28,46.29552,9.6019,landslide,,,,,,,,,,,,,,IV,BRMO,BHZ,,46.47616,10.37218,1380.0,INGV,62.40280947363991,1.0,,,True,HHZ,100.0,True,11.962222050745908,False
218,"Piz Cengalo 4, Switzerland",2017-08-23 09:36:17,2017-08-23 09:38:28,46.29552,9.6019,landslide,,,,,,,,,,,,,,CH,PANIX,HHZ,,46.825743,9.111708,1433.0,ETH,69.86146977472177,1.0,,,True,HHZ,200.0,True,6.777095299301124,False
218,"Piz Cengalo 4, Switzerland",2017-08-23 09:36:17,2017-08-23 09:38:28,46.29552,9.6019,landslide,,,,,,,,,,,,,,IV,ZONE,HHZ,,45.763578,10.117073,691.0,INGV,71.27686428132219,1.0,,,True,HHZ,100.0,True,3.431980857055893,False
219,"Piz Piot, Switzerland",2017-09-15 20:04:22,2017-09-15 20:07:06,46.3971,9.6319,landslide,,,,,,,,,,,,,,CH,VDL,HHZ,,46.48311,9.44933,1927.75,ETH,16.946258134015707,1.0,,,True,HHZ,200.0,True,36.26780279592397,True
219,"Piz Piot, Switzerland",2017-09-15 20:04:22,2017-09-15 20:07:06,46.3971,9.6319,landslide,,,,,,,,,,,,,,MN,TUE,BHZ,,46.47223,9.34732,1924.0,"IRIS,INGV",23.35367025358305,1.0,,,True,BHZ,40.0,True,24.12847531150268,True
219,"Piz Piot, Switzerland",2017-09-15 20:04:22,2017-09-15 20:07:06,46.3971,9.6319,landslide,,,,,,,,,,,,,,CH,BERNI,HHZ,,46.413636,10.023095,2311.0,ETH,30.051013931015927,1.0,,,True,HHZ,200.0,True,32.79706747939217,True
219,"Piz Piot, Switzerland",2017-09-15 20:04:22,2017-09-15 20:07:06,46.3971,9.6319,landslide,,,,,,,,,,,,,,CH,DAVOX,HHZ,,46.7805,9.87952,1830.0,ETH,46.64272621605325,1.0,,,True,HHZ,120.0,True,19.51877423560061,True
219,"Piz Piot, Switzerland",2017-09-15 20:04:22,2017-09-15 20:07:06,46.3971,9.6319,landslide,,,,,,,,,,,,,,CH,FUORN,HHZ,,46.620334,10.26352,2286.0,"ETH,IRIS",54.33816566131959,1.0,,,True,HHZ,200.0,True,17.502734157774004,True
219,"Piz Piot, Switzerland",2017-09-15 20:04:22,2017-09-15 20:07:06,46.3971,9.6319,landslide,,,,,,,,,,,,,,IV,BRMO,BHZ,,46.47616,10.37218,1380.0,INGV,57.405077262796354,1.0,,,True,HHZ,100.0,True,17.310872713934074,False
219,"Piz Piot, Switzerland",2017-09-15 20:04:22,2017-09-15 20:07:06,46.3971,9.6319,landslide,,,,,,,,,,,,,,CH,PANIX,HHZ,,46.825743,9.111708,1433.0,ETH,62.05285882201368,1.0,,,True,HHZ,200.0,True,8.552850110128848,False
219,"Piz Piot, Switzerland",2017-09-15 20:04:22,2017-09-15 20:07:06,46.3971,9.6319,landslide,,,,,,,,,,,,,,CH,LLS,HHZ,,46.84676,9.00825,1860.0,ETH,69.05325751212803,1.0,,,True,HHZ,120.0,True,16.63405201667428,False
219,"Piz Piot, Switzerland",2017-09-15 20:04:22,2017-09-15 20:07:06,46.3971,9.6319,landslide,,,,,,,,,,,,,,CH,MUGIO,HHZ,,45.92184,9.04171,924.0,"ETH,IRIS",69.70621654669576,1.0,,,True,HHZ,120.0,True,13.3530746401963,False
219,"Piz Piot, Switzerland",2017-09-15 20:04:22,2017-09-15 20:07:06,46.3971,9.6319,landslide,,,,,,,,,,,,,,IV,MDI,HHZ,,45.76972,9.716,954.0,INGV,70.06235325078967,1.0,,,True,HHZ,100.0,True,13.117347310347087,False
220,"Großes Wiesbachhorn 1, Austria",2017-10-19 20:42:12,2017-10-19 20:44:11,47.1673,12.764,landslide,,,,,,,,,,,,,,OE,LESA,HHZ,,47.4243,12.677,1029.5,ORFEUS,29.3205890450186,1.0,,,True,HHZ,100.0,True,7.187547098375518,True
220,"Großes Wiesbachhorn 1, Austria",2017-10-19 20:42:12,2017-10-19 20:44:11,47.1673,12.764,landslide,,,,,,,,,,,,,,OE,KBA,BHZ,,47.0784,13.3447,1721.0,"ORFEUS,IRIS",45.03409104435334,1.0,,,True,HHZ,100.0,True,6.184076009067556,True
220,"Großes Wiesbachhorn 1, Austria",2017-10-19 20:42:12,2017-10-19 20:44:11,47.1673,12.764,landslide,,,,,,,,,,,,,,OE,ABTA,HHZ,,46.7474,12.5123,1041.0,ORFEUS,50.447368975745725,1.0,,,True,HHZ,100.0,True,5.876641875368734,False
220,"Großes Wiesbachhorn 1, Austria",2017-10-19 20:42:12,2017-10-19 20:44:11,47.1673,12.764,landslide,,,,,,,,,,,,,,BW,BDGS,HHZ,,47.6353,13.0275,539.0,LMU,55.68998390596177,1.0,,,True,HHZ,200.0,True,6.602748524826129,True
220,"Großes Wiesbachhorn 1, Austria",2017-10-19 20:42:12,2017-10-19 20:44:11,47.1673,12.764,landslide,,,,,,,,,,,,,,BW,BGLD,EHZ,,47.652401,13.0125,930.0,LMU,57.09013121717319,1.0,,,True,EHZ,200.0,True,5.242382158648059,False
220,"Großes Wiesbachhorn 1, Austria",2017-10-19 20:42:12,2017-10-19 20:44:11,47.1673,12.764,landslide,,,,,,,,,,,,,,BW,RJOB,EHZ,,47.737167,12.795714,860.0,LMU,63.41117001989731,1.0,,,True,HHZ,200.0,True,6.402140125381611,True
220,"Großes Wiesbachhorn 1, Austria",2017-10-19 20:42:12,2017-10-19 20:44:11,47.1673,12.764,landslide,,,,,,,,,,,,,,IV,FVI,EHZ,,46.59658,12.7804,1024.0,INGV,63.473407474664434,1.0,,,True,HHZ,100.0,True,5.595256108816568,False
220,"Großes Wiesbachhorn 1, Austria",2017-10-19 20:42:12,2017-10-19 20:44:11,47.1673,12.764,landslide,,,,,,,,,,,,,,BW,RWMO,EHZ,,47.744171,12.729887,763.0,LMU,64.19638212159502,1.0,,,True,EHZ,200.0,True,4.861346158218639,False
220,"Großes Wiesbachhorn 1, Austria",2017-10-19 20:42:12,2017-10-19 20:44:11,47.1673,12.764,landslide,,,,,,,,,,,,,,BW,RNON,EHZ,,47.740501,12.8671,555.0,LMU,64.2066996967458,1.0,,,True,HHZ,200.0,True,5.4023004718709045,False
220,"Großes Wiesbachhorn 1, Austria",2017-10-19 20:42:12,2017-10-19 20:44:11,47.1673,12.764,landslide,,,,,,,,,,,,,,BW,RTBE,EHZ,,47.745098,12.824082,1162.0,LMU,64.40680723888023,1.0,,,True,HHZ,200.0,True,5.923902015462488,True
221,"Großes Wiesbachhorn 2, Austria",2017-10-20 02:25:13,2017-10-20 02:26:23,47.1673,12.764,landslide,,,,,,,,,,,,,,OE,LESA,HHZ,,47.4243,12.677,1029.5,ORFEUS,29.3205890450186,1.0,,,True,HHZ,100.0,True,5.48610900254938,True
221,"Großes Wiesbachhorn 2, Austria",2017-10-20 02:25:13,2017-10-20 02:26:23,47.1673,12.764,landslide,,,,,,,,,,,,,,OE,ABTA,HHZ,,46.7474,12.5123,1041.0,ORFEUS,50.447368975745725,1.0,,,True,HHZ,100.0,True,3.306440108726128,False
221,"Großes Wiesbachhorn 2, Austria",2017-10-20 02:25:13,2017-10-20 02:26:23,47.1673,12.764,landslide,,,,,,,,,,,,,,BW,RJOB,EHZ,,47.737167,12.795714,860.0,LMU,63.41117001989731,1.0,,,True,HHZ,200.0,True,3.5901420771245967,True
221,"Großes Wiesbachhorn 2, Austria",2017-10-20 02:25:13,2017-10-20 02:26:23,47.1673,12.764,landslide,,,,,,,,,,,,,,BW,RWMO,EHZ,,47.744171,12.729887,763.0,LMU,64.19638212159502,1.0,,,True,EHZ,200.0,True,3.3325884197827444,True
221,"Großes Wiesbachhorn 2, Austria",2017-10-20 02:25:13,2017-10-20 02:26:23,47.1673,12.764,landslide,,,,,,,,,,,,,,BW,RTBE,EHZ,,47.745098,12.824082,1162.0,LMU,64.40680723888023,1.0,,,True,HHZ,200.0,True,3.473559553183517,True
221,"Großes Wiesbachhorn 2, Austria",2017-10-20 02:25:13,2017-10-20 02:26:23,47.1673,12.764,landslide,,,,,,,,,,,,,,NI,ZOU2,HHZ,,46.558399,12.9729,1911.0,IRIS,69.54441485165805,1.0,,,False,,,False,0.0,False
221,"Großes Wiesbachhorn 2, Austria",2017-10-20 02:25:13,2017-10-20 02:26:23,47.1673,12.764,landslide,,,,,,,,,,,,,,OX,PLRO,HHZ,,46.5491,13.1481,1410.0,INGV,74.68733739912128,1.0,,,True,HHZ,100.0,True,3.614293508758787,True
221,"Großes Wiesbachhorn 2, Austria",2017-10-20 02:25:13,2017-10-20 02:26:23,47.1673,12.764,landslide,,,,,,,,,,,,,,NI,PURA,HHZ,,46.4258,12.7419,1417.0,INGV,82.4681981694366,1.0,,,True,HHZ,100.0,True,3.188687596638993,False
222,"Vals, Austria",2017-12-24 17:12:07,2017-12-24 17:13:55,47.04884,11.535536,rock slide,,,,,,,,,,,,,,BW,SCE,EHZ,,47.0378,11.709,1730.0,LMU,13.239,1.0,,,True,HHZ,200.0,True,23.07993889022338,True
222,"Vals, Austria",2017-12-24 17:12:07,2017-12-24 17:13:55,47.04884,11.535536,rock slide,,,,,,,,,,,,,,BW,SCE,HHZ,,47.0378,11.709,1730.0,LMU,13.239,,1.0,,True,HHZ,200.0,True,23.07993889022338,False
222,"Vals, Austria",2017-12-24 17:12:07,2017-12-24 17:13:55,47.04884,11.535536,rock slide,,,,,,,,,,,,,,SI,ROSI,BHZ,,46.9281,11.4118,1917.0,INGV,16.394,,1.0,,True,HHZ,100.0,True,19.21443834480325,False
222,"Vals, Austria",2017-12-24 17:12:07,2017-12-24 17:13:55,47.04884,11.535536,rock slide,,,,,,,,,,,,,,SI,ROSI,HHZ,,46.9281,11.4118,1917.0,INGV,16.394,1.0,1.0,,True,HHZ,100.0,True,19.21443834480325,True
222,"Vals, Austria",2017-12-24 17:12:07,2017-12-24 17:13:55,47.04884,11.535536,rock slide,,,,,,,,,,,,,,OE,SQTA,HHZ,,47.2205,11.2087,1307.0,ORFEUS,31.289,1.0,,,True,HHZ,100.0,True,13.896108346477911,True
222,"Vals, Austria",2017-12-24 17:12:07,2017-12-24 17:13:55,47.04884,11.535536,rock slide,,,,,,,,,,,,,,OE,WATA,HHZ,,47.3357,11.5763,1492.0,ORFEUS,32.041,1.0,,,True,HHZ,100.0,True,16.578519037673043,True
222,"Vals, Austria",2017-12-24 17:12:07,2017-12-24 17:13:55,47.04884,11.535536,rock slide,,,,,,,,,,,,,,IV,BRES,EHZ,,46.69868,11.7341,2454.0,INGV,41.766,1.0,,,True,EHZ,100.0,True,4.490808399348639,False
222,"Vals, Austria",2017-12-24 17:12:07,2017-12-24 17:13:55,47.04884,11.535536,rock slide,,,,,,,,,,,,,,OE,MOTA,HHZ,,47.3448,11.1037,1575.0,ORFEUS,46.405,1.0,,,True,HHZ,100.0,True,9.191192917948062,False
222,"Vals, Austria",2017-12-24 17:12:07,2017-12-24 17:13:55,47.04884,11.535536,rock slide,,,,,,,,,,,,,,BW,ZUGS,EHZ,,47.416309,10.97883,2650.0,LMU,58.704,1.0,,,True,HHZ,200.0,True,12.725113645500366,True
222,"Vals, Austria",2017-12-24 17:12:07,2017-12-24 17:13:55,47.04884,11.535536,rock slide,,,,,,,,,,,,,,OE,FETA,HHZ,,47.0211,10.7291,1632.0,ORFEUS,61.372,1.0,,,True,HHZ,100.0,True,11.953494720484391,False
223,"Rudach, Austria",2018-02-12 20:02:35,2018-02-12 20:03:35,47.353,9.815,landslide,,,,,,,,,,,,,,OE,DAVA,HHZ,,47.286701,9.8803,1602.0,"ORFEUS,IRIS",8.86436376830933,1.0,,,True,HHZ,100.0,True,26.886224301817947,True
223,"Rudach, Austria",2018-02-12 20:02:35,2018-02-12 20:03:35,47.353,9.815,landslide,,,,,,,,,,,,,,CH,SGT05,HHZ,,47.441856,9.455951,856.0,ETH,28.77465499668565,1.0,,,True,HHZ,200.0,True,4.286553744257909,True
223,"Rudach, Austria",2018-02-12 20:02:35,2018-02-12 20:03:35,47.353,9.815,landslide,,,,,,,,,,,,,,CH,SGT04,HHZ,,47.348435,9.349025,987.0,ETH,35.10809971822384,1.0,,,True,HHZ,200.0,True,4.386489641054734,True
223,"Rudach, Austria",2018-02-12 20:02:35,2018-02-12 20:03:35,47.353,9.815,landslide,,,,,,,,,,,,,,GR,UBR,HHZ,,47.6799,10.1071,903.0,BGR,42.45574820148484,1.0,,,True,HHZ,100.0,True,5.088896999185564,True
223,"Rudach, Austria",2018-02-12 20:02:35,2018-02-12 20:03:35,47.353,9.815,landslide,,,,,,,,,,,,,,CH,DAVOX,HHZ,,46.7805,9.87952,1830.0,ETH,63.84637659291511,1.0,,,True,HHZ,120.0,True,3.890540880349522,False
223,"Rudach, Austria",2018-02-12 20:02:35,2018-02-12 20:03:35,47.353,9.815,landslide,,,,,,,,,,,,,,CH,FUORN,HHZ,,46.620334,10.26352,2286.0,"ETH,IRIS",88.28687225418192,1.0,,,True,HHZ,200.0,True,4.347842449882514,True
223,"Rudach, Austria",2018-02-12 20:02:35,2018-02-12 20:03:35,47.353,9.815,landslide,,,,,,,,,,,,,,CH,MUO,HHZ,,46.96765,8.63706,1920.0,ETH,98.83068102268328,1.0,,,True,HHZ,120.0,True,3.241060596775657,False
224,"Eck, Austria",2018-05-07 04:18:44,2018-05-07 04:20:38,47.5831,13.0847,landslide,,,,,,,,,,,,,,BW,BDGS,HHZ,,47.6353,13.0275,539.0,LMU,7.224,1.0,1.0,,True,HHZ,200.0,True,74.09351520432482,True
224,"Eck, Austria",2018-05-07 04:18:44,2018-05-07 04:20:38,47.5831,13.0847,landslide,,,,,,,,,,,,,,BW,BDGS,BHZ,,47.6353,13.0275,539.0,LMU,7.224,,1.0,,True,HHZ,200.0,True,74.09351520432482,False
224,"Eck, Austria",2018-05-07 04:18:44,2018-05-07 04:20:38,47.5831,13.0847,landslide,,,,,,,,,,,,,,BW,BGLD,EHZ,,47.652401,13.0125,930.0,LMU,9.425,1.0,,,True,EHZ,200.0,True,53.44917065837677,True
224,"Eck, Austria",2018-05-07 04:18:44,2018-05-07 04:20:38,47.5831,13.0847,landslide,,,,,,,,,,,,,,BW,RNON,EHZ,,47.740501,12.8671,555.0,LMU,23.914227744171164,1.0,,,True,HHZ,200.0,True,24.964571402352465,True
224,"Eck, Austria",2018-05-07 04:18:44,2018-05-07 04:20:38,47.5831,13.0847,landslide,,,,,,,,,,,,,,BW,RNON,HHZ,,47.740501,12.8671,555.0,LMU,23.946,,1.0,,True,HHZ,200.0,True,24.964571402352465,False
224,"Eck, Austria",2018-05-07 04:18:44,2018-05-07 04:20:38,47.5831,13.0847,landslide,,,,,,,,,,,,,,BW,RMOA,EHZ,,47.761658,12.864466,815.0,LMU,25.80953316004604,1.0,,,True,HHZ,200.0,True,17.290172056233537,False
224,"Eck, Austria",2018-05-07 04:18:44,2018-05-07 04:20:38,47.5831,13.0847,landslide,,,,,,,,,,,,,,BW,RTSH,EHZ,,47.754452,12.849878,1638.0,LMU,25.961,1.0,,,True,EHZ,200.0,True,21.496173861365403,True
224,"Eck, Austria",2018-05-07 04:18:44,2018-05-07 04:20:38,47.5831,13.0847,landslide,,,,,,,,,,,,,,BW,RTBE,EHZ,,47.745098,12.824082,1162.0,LMU,26.55917573009804,1.0,,,True,HHZ,200.0,True,26.172984656437684,True
224,"Eck, Austria",2018-05-07 04:18:44,2018-05-07 04:20:38,47.5831,13.0847,landslide,,,,,,,,,,,,,,BW,RTBE,HHZ,,47.745098,12.824082,1162.0,LMU,26.6,,1.0,,True,HHZ,200.0,True,26.172984656437684,False
224,"Eck, Austria",2018-05-07 04:18:44,2018-05-07 04:20:38,47.5831,13.0847,landslide,,,,,,,,,,,,,,BW,RTSA,EHZ,,47.768345,12.841651,1066.0,LMU,27.519,1.0,,,True,EHZ,200.0,True,15.871976765545584,False
225,"Fluela Wisshorn, Switzerland",2019-03-18 23:00:33,2019-03-18 23:02:51,46.761105,9.964772,rock avalanche,,,,,,250000.0,,,,,,,,CH,DAVOX,HHZ,,46.7805,9.87952,1830.0,ETH,6.961,1.0,1.0,,True,HHZ,120.0,True,123.08694534875843,True
225,"Fluela Wisshorn, Switzerland",2019-03-18 23:00:33,2019-03-18 23:02:51,46.761105,9.964772,rock avalanche,,,,,,250000.0,,,,,,,,CH,DAVOX,BHZ,,46.7805,9.87952,1830.0,ETH,6.961,,1.0,,True,HHZ,120.0,True,122.3814147279458,False
225,"Fluela Wisshorn, Switzerland",2019-03-18 23:00:33,2019-03-18 23:02:51,46.761105,9.964772,rock avalanche,,,,,,250000.0,,,,,,,,AM,R3EDD,EHZ,00,46.7797,10.1692,1704.0,RASPISHAKE,15.784,1.0,,,False,,,False,0.0,False
225,"Fluela Wisshorn, Switzerland",2019-03-18 23:00:33,2019-03-18 23:02:51,46.761105,9.964772,rock avalanche,,,,,,250000.0,,,,,,,,CH,FUORN,HHZ,,46.620334,10.26352,2286.0,"ETH,IRIS",27.531,1.0,1.0,,True,HHZ,200.0,True,14.429632092840178,True
225,"Fluela Wisshorn, Switzerland",2019-03-18 23:00:33,2019-03-18 23:02:51,46.761105,9.964772,rock avalanche,,,,,,250000.0,,,,,,,,CH,FUORN,BHZ,,46.620334,10.26352,2286.0,"ETH,IRIS",27.531,,1.0,,True,HHZ,200.0,True,14.429632092840178,False
225,"Fluela Wisshorn, Switzerland",2019-03-18 23:00:33,2019-03-18 23:02:51,46.761105,9.964772,rock avalanche,,,,,,250000.0,,,,,,,,CH,BERNI,HHZ,,46.413636,10.023095,2311.0,ETH,38.598,1.0,1.0,,True,HHZ,200.0,True,11.260218486809666,True
225,"Fluela Wisshorn, Switzerland",2019-03-18 23:00:33,2019-03-18 23:02:51,46.761105,9.964772,rock avalanche,,,,,,250000.0,,,,,,,,IV,BRMO,BHZ,,46.47616,10.37218,1380.0,INGV,44.257,1.0,0.0,,True,HHZ,100.0,True,7.500843672360253,True
225,"Fluela Wisshorn, Switzerland",2019-03-18 23:00:33,2019-03-18 23:02:51,46.761105,9.964772,rock avalanche,,,,,,250000.0,,,,,,,,SI,MOSI,HHZ,,46.6164,10.5495,1957.0,INGV,47.432,1.0,1.0,,True,HHZ,100.0,True,8.38232894434367,True
225,"Fluela Wisshorn, Switzerland",2019-03-18 23:00:33,2019-03-18 23:02:51,46.761105,9.964772,rock avalanche,,,,,,250000.0,,,,,,,,SI,MOSI,BHZ,,46.6164,10.5495,1957.0,INGV,47.432,,1.0,,True,HHZ,100.0,True,8.38232894434367,False
225,"Fluela Wisshorn, Switzerland",2019-03-18 23:00:33,2019-03-18 23:02:51,46.761105,9.964772,rock avalanche,,,,,,250000.0,,,,,,,,CH,VDL,BHZ,,46.48311,9.44933,1927.75,ETH,49.965,,1.0,,True,HHZ,200.0,True,8.554239720223004,False
226,"Karteis 1, Austria",2019-10-24 18:14:04,2019-10-24 18:14:58,47.167075,13.272169,rock fall,,,,,,,,,,,,,,OE,KBA,BHZ,,47.0784,13.3447,1721.0,"ORFEUS,IRIS",11.284450160925635,1.0,,,True,HHZ,100.0,True,22.171454666369588,True
226,"Karteis 1, Austria",2019-10-24 18:14:04,2019-10-24 18:14:58,47.167075,13.272169,rock fall,,,,,,,,,,,,,,OE,LESA,HHZ,,47.4243,12.677,1029.5,ORFEUS,53.22254759582943,1.0,,,True,HHZ,100.0,True,4.051489938238639,True
226,"Karteis 1, Austria",2019-10-24 18:14:04,2019-10-24 18:14:58,47.167075,13.272169,rock fall,,,,,,,,,,,,,,BW,BDGS,HHZ,,47.6353,13.0275,539.0,LMU,55.22477390392404,1.0,,,True,HHZ,200.0,True,3.4895581033636653,True
226,"Karteis 1, Austria",2019-10-24 18:14:04,2019-10-24 18:14:58,47.167075,13.272169,rock fall,,,,,,,,,,,,,,OE,BIOA,HHZ,,47.6913,13.6383,614.0,ORFEUS,64.469962072996,1.0,,,True,HHZ,100.0,True,3.7496729825857096,True
226,"Karteis 1, Austria",2019-10-24 18:14:04,2019-10-24 18:14:58,47.167075,13.272169,rock fall,,,,,,,,,,,,,,OE,MYKA,HHZ,,46.6299,13.6416,909.0,ORFEUS,65.99730529931762,1.0,,,True,HHZ,100.0,True,3.748014336287303,True
226,"Karteis 1, Austria",2019-10-24 18:14:04,2019-10-24 18:14:58,47.167075,13.272169,rock fall,,,,,,,,,,,,,,OX,PLRO,HHZ,,46.5491,13.1481,1410.0,INGV,69.36019233789433,1.0,,,True,HHZ,100.0,True,3.4556780498675552,False
226,"Karteis 1, Austria",2019-10-24 18:14:04,2019-10-24 18:14:58,47.167075,13.272169,rock fall,,,,,,,,,,,,,,IV,FVI,EHZ,,46.59658,12.7804,1024.0,INGV,73.62760349915456,1.0,,,True,HHZ,100.0,True,3.019698639913825,False
227,"Karteis 2, Austria",2019-10-24 19:41:14,2019-10-24 19:42:21,47.167075,13.272169,rock fall,,,,,,,,,,,,,,OE,KBA,BHZ,,47.0784,13.3447,1721.0,"ORFEUS,IRIS",11.284450160925635,1.0,,,True,HHZ,100.0,True,18.544285956601367,True
227,"Karteis 2, Austria",2019-10-24 19:41:14,2019-10-24 19:42:21,47.167075,13.272169,rock fall,,,,,,,,,,,,,,OE,LESA,HHZ,,47.4243,12.677,1029.5,ORFEUS,53.22254759582943,1.0,,,True,HHZ,100.0,True,3.669859635440563,True
227,"Karteis 2, Austria",2019-10-24 19:41:14,2019-10-24 19:42:21,47.167075,13.272169,rock fall,,,,,,,,,,,,,,BW,BDGS,HHZ,,47.6353,13.0275,539.0,LMU,55.22477390392404,1.0,,,True,HHZ,200.0,True,3.045621029568604,True
227,"Karteis 2, Austria",2019-10-24 19:41:14,2019-10-24 19:42:21,47.167075,13.272169,rock fall,,,,,,,,,,,,,,OE,BIOA,HHZ,,47.6913,13.6383,614.0,ORFEUS,64.469962072996,1.0,,,True,HHZ,100.0,True,3.387220886358355,True
227,"Karteis 2, Austria",2019-10-24 19:41:14,2019-10-24 19:42:21,47.167075,13.272169,rock fall,,,,,,,,,,,,,,OX,PLRO,HHZ,,46.5491,13.1481,1410.0,INGV,69.36019233789433,1.0,,,True,HHZ,100.0,True,3.2252706956495936,True
228,"Ebnit, Austria",2020-03-18 21:16:41,2020-03-18 21:17:32,47.334289,9.7936,landslide,,,,,,,,,,,,,,OE,DAVA,HHZ,,47.286701,9.8803,1602.0,"ORFEUS,IRIS",8.409943493877762,1.0,,,True,HHZ,100.0,True,18.54101489773489,True
228,"Ebnit, Austria",2020-03-18 21:16:41,2020-03-18 21:17:32,47.334289,9.7936,landslide,,,,,,,,,,,,,,CH,LIENZ,HHZ,,47.294437,9.491773,1567.0,"ETH,IRIS",23.18143162833092,1.0,,,True,HHZ,200.0,True,4.259339297433194,False
228,"Ebnit, Austria",2020-03-18 21:16:41,2020-03-18 21:17:32,47.334289,9.7936,landslide,,,,,,,,,,,,,,CH,SGT05,HHZ,,47.441856,9.455951,856.0,ETH,28.092437831260032,1.0,,,True,HHZ,200.0,True,4.74738168732947,True
228,"Ebnit, Austria",2020-03-18 21:16:41,2020-03-18 21:17:32,47.334289,9.7936,landslide,,,,,,,,,,,,,,CH,SGT04,HHZ,,47.348435,9.349025,987.0,ETH,33.535102526876855,1.0,,,True,HHZ,200.0,True,5.014665049808995,True
228,"Ebnit, Austria",2020-03-18 21:16:41,2020-03-18 21:17:32,47.334289,9.7936,landslide,,,,,,,,,,,,,,CH,PLONS,HHZ,,47.04921,9.38076,1022.0,ETH,44.47437765063766,1.0,,,True,HHZ,200.0,True,4.646159670306754,False
228,"Ebnit, Austria",2020-03-18 21:16:41,2020-03-18 21:17:32,47.334289,9.7936,landslide,,,,,,,,,,,,,,GR,UBR,HHZ,,47.6799,10.1071,903.0,BGR,45.07063168588415,1.0,,,True,HHZ,100.0,True,7.922752521083251,True
228,"Ebnit, Austria",2020-03-18 21:16:41,2020-03-18 21:17:32,47.334289,9.7936,landslide,,,,,,,,,,,,,,CH,DAVOX,HHZ,,46.7805,9.87952,1830.0,ETH,61.92153884673435,1.0,,,True,HHZ,200.0,True,4.1513003602796505,False
228,"Ebnit, Austria",2020-03-18 21:16:41,2020-03-18 21:17:32,47.334289,9.7936,landslide,,,,,,,,,,,,,,CH,WGT,HHZ,,47.09838,8.92525,913.9,ETH,70.63499614483128,1.0,,,True,HHZ,200.0,True,4.986071663188741,True
228,"Ebnit, Austria",2020-03-18 21:16:41,2020-03-18 21:17:32,47.334289,9.7936,landslide,,,,,,,,,,,,,,CH,PANIX,HHZ,,46.825743,9.111708,1433.0,ETH,76.5740300863691,1.0,,,True,HHZ,200.0,True,3.603144051680368,False
228,"Ebnit, Austria",2020-03-18 21:16:41,2020-03-18 21:17:32,47.334289,9.7936,landslide,,,,,,,,,,,,,,OE,FETA,HHZ,,47.0211,10.7291,1632.0,ORFEUS,78.81729096349089,1.0,,,True,HHZ,100.0,True,3.3939958511562347,False
229,"Dorn, Austria",2020-08-08 00:39:46,2020-08-08 00:40:36,47.2122,11.7886,rock fall,,,,,,,,,,,,,,OE,WATA,HHZ,,47.3357,11.5763,1492.0,ORFEUS,20.205213394132752,1.0,,,True,HHZ,100.0,True,7.147723648404056,True
229,"Dorn, Austria",2020-08-08 00:39:46,2020-08-08 00:40:36,47.2122,11.7886,rock fall,,,,,,,,,,,,,,BW,SCE,EHZ,,47.0378,11.709,1730.0,LMU,20.35475233361912,1.0,,,True,HHZ,200.0,True,5.568672923433592,True
229,"Dorn, Austria",2020-08-08 00:39:46,2020-08-08 00:40:36,47.2122,11.7886,rock fall,,,,,,,,,,,,,,SI,ROSI,HHZ,,46.9281,11.4118,1917.0,INGV,42.19686647849172,1.0,,,True,HHZ,100.0,True,4.006321230019169,False
229,"Dorn, Austria",2020-08-08 00:39:46,2020-08-08 00:40:36,47.2122,11.7886,rock fall,,,,,,,,,,,,,,OE,SQTA,HHZ,,47.2205,11.2087,1307.0,ORFEUS,42.88744459427959,1.0,,,True,HHZ,100.0,True,5.133590607893688,True
229,"Dorn, Austria",2020-08-08 00:39:46,2020-08-08 00:40:36,47.2122,11.7886,rock fall,,,,,,,,,,,,,,OE,MOTA,HHZ,,47.3448,11.1037,1575.0,ORFEUS,52.76584632253843,1.0,,,True,HHZ,100.0,True,4.3503920751801335,True
229,"Dorn, Austria",2020-08-08 00:39:46,2020-08-08 00:40:36,47.2122,11.7886,rock fall,,,,,,,,,,,,,,SI,ABSI,HHZ,,46.7285,11.3205,1801.0,INGV,64.21420166131409,1.0,,,True,HHZ,100.0,True,3.464065260631746,False
229,"Dorn, Austria",2020-08-08 00:39:46,2020-08-08 00:40:36,47.2122,11.7886,rock fall,,,,,,,,,,,,,,BW,ZUGS,EHZ,,47.416309,10.97883,2650.0,LMU,64.31516472821515,1.0,,,True,HHZ,200.0,True,4.077526934652341,True
230,"Lienzer Dolomiten, Austria",2014-07-13 09:34:22,2014-07-13 09:35:04,46.7714,12.7426,rock slide,,,,,,,,,,,,,,IV,FVI,EHZ,,46.59658,12.7804,1024.0,INGV,19.651789602424746,1.0,,,True,HHZ,100.0,True,3.452708111997328,True
230,"Lienzer Dolomiten, Austria",2014-07-13 09:34:22,2014-07-13 09:35:04,46.7714,12.7426,rock slide,,,,,,,,,,,,,,NI,ZOU2,HHZ,,46.558399,12.9729,1911.0,IRIS,29.49245308104956,1.0,,,True,HHZ,100.0,True,4.495330423524999,True
230,"Lienzer Dolomiten, Austria",2014-07-13 09:34:22,2014-07-13 09:35:04,46.7714,12.7426,rock slide,,,,,,,,,,,,,,NI,CLUD,HHZ,,46.4569,12.8814,635.0,IRIS,36.54223737506722,1.0,,,True,HHZ,100.0,True,3.9591450662507865,True
230,"Lienzer Dolomiten, Austria",2014-07-13 09:34:22,2014-07-13 09:35:04,46.7714,12.7426,rock slide,,,,,,,,,,,,,,SI,RISI,HHZ,,46.948,12.0787,1785.0,INGV,54.16357490306266,1.0,,,True,HHZ,100.0,True,3.7514215650233513,True
231,"Trins, Austria",2014-11-24 16:27:20,2014-11-24 16:28:50,47.089,11.3634,rock slide,,,,,,,,,,,,,,SI,ROSI,HHZ,,46.9281,11.4118,1917.0,INGV,18.263756953139165,1.0,,,True,HHZ,100.0,True,24.54724305993109,True
231,"Trins, Austria",2014-11-24 16:27:20,2014-11-24 16:28:50,47.089,11.3634,rock slide,,,,,,,,,,,,,,BW,SCE,EHZ,,47.0378,11.709,1730.0,LMU,26.78928959438618,1.0,,,True,EHZ,200.0,True,9.343198131589933,True
231,"Trins, Austria",2014-11-24 16:27:20,2014-11-24 16:28:50,47.089,11.3634,rock slide,,,,,,,,,,,,,,SI,ABSI,HHZ,,46.7285,11.3205,1801.0,INGV,40.21801928313544,1.0,,,True,HHZ,100.0,True,4.369791348712191,False
231,"Trins, Austria",2014-11-24 16:27:20,2014-11-24 16:28:50,47.089,11.3634,rock slide,,,,,,,,,,,,,,BW,ZUGS,EHZ,,47.416309,10.97883,2650.0,LMU,46.55185944632038,1.0,,,True,EHZ,200.0,True,4.457794605233636,False
231,"Trins, Austria",2014-11-24 16:27:20,2014-11-24 16:28:50,47.089,11.3634,rock slide,,,,,,,,,,,,,,IV,BRES,EHZ,,46.69868,11.7341,2454.0,INGV,51.74076204097517,1.0,,,True,EHZ,100.0,True,5.425213642449354,True
231,"Trins, Austria",2014-11-24 16:27:20,2014-11-24 16:28:50,47.089,11.3634,rock slide,,,,,,,,,,,,,,SI,RISI,HHZ,,46.948,12.0787,1785.0,INGV,56.44667444077072,1.0,,,True,HHZ,100.0,True,7.326169074810398,True
231,"Trins, Austria",2014-11-24 16:27:20,2014-11-24 16:28:50,47.089,11.3634,rock slide,,,,,,,,,,,,,,SI,MOSI,HHZ,,46.6164,10.5495,1957.0,INGV,81.19144973482604,1.0,,,True,HHZ,100.0,True,9.76440219921459,True
231,"Trins, Austria",2014-11-24 16:27:20,2014-11-24 16:28:50,47.089,11.3634,rock slide,,,,,,,,,,,,,,ST,GAGG,HHZ,,46.0835,10.9587,1617.0,INGV,116.00463406360214,1.0,,,True,HHZ,100.0,True,4.1977144570660965,False
231,"Trins, Austria",2014-11-24 16:27:20,2014-11-24 16:28:50,47.089,11.3634,rock slide,,,,,,,,,,,,,,CH,DAVOX,HHZ,,46.7805,9.87952,1830.0,ETH,117.7713252090491,1.0,,,True,HHZ,120.0,True,4.438094354390903,False
231,"Trins, Austria",2014-11-24 16:27:20,2014-11-24 16:28:50,47.089,11.3634,rock slide,,,,,,,,,,,,,,IV,CTI,EHZ,,46.04818,11.6497,1180.0,INGV,117.78490393379018,1.0,,,True,HHZ,100.0,True,3.825590684138485,False
232,"Stubaital, Austria",2014-11-25 02:48:39,2014-11-25 02:49:55,47.0809,11.3359,rock slide,,,,,,,,,,,,,,SI,ROSI,HHZ,,46.9281,11.4118,1917.0,INGV,17.93890195829792,1.0,,,True,HHZ,100.0,True,8.995643695423206,True
232,"Stubaital, Austria",2014-11-25 02:48:39,2014-11-25 02:49:55,47.0809,11.3359,rock slide,,,,,,,,,,,,,,BW,SCE,EHZ,,47.0378,11.709,1730.0,LMU,28.66592913699241,1.0,,,True,EHZ,200.0,True,4.335187519285188,True
232,"Stubaital, Austria",2014-11-25 02:48:39,2014-11-25 02:49:55,47.0809,11.3359,rock slide,,,,,,,,,,,,,,SI,ABSI,HHZ,,46.7285,11.3205,1801.0,INGV,39.20255322791733,1.0,,,True,HHZ,100.0,True,5.164210290422677,True
232,"Stubaital, Austria",2014-11-25 02:48:39,2014-11-25 02:49:55,47.0809,11.3359,rock slide,,,,,,,,,,,,,,SI,RISI,HHZ,,46.948,12.0787,1785.0,INGV,58.22123817824744,1.0,,,True,HHZ,100.0,True,3.945574498132411,True
232,"Stubaital, Austria",2014-11-25 02:48:39,2014-11-25 02:49:55,47.0809,11.3359,rock slide,,,,,,,,,,,,,,SI,MOSI,HHZ,,46.6164,10.5495,1957.0,INGV,79.02069368214633,1.0,,,True,HHZ,100.0,True,4.672322666674674,True
232,"Stubaital, Austria",2014-11-25 02:48:39,2014-11-25 02:49:55,47.0809,11.3359,rock slide,,,,,,,,,,,,,,GR,UBR,HHZ,,47.6799,10.1071,903.0,BGR,113.99908549002372,1.0,,,True,HHZ,100.0,True,3.421748052279321,False
233,"Val Strem, Switzerland",2016-03-14 19:02:53,2016-03-14 19:06:20,46.701618,8.767872,rock avalanche,,,,,200000.0,,,,,,,,,CH,NALPS,HHZ,,46.595121,8.74828,2345.68,ETH,11.933,1.0,,,True,HHZ,200.0,True,7.80825899042479,True
233,"Val Strem, Switzerland",2016-03-14 19:02:53,2016-03-14 19:06:20,46.701618,8.767872,rock avalanche,,,,,200000.0,,,,,,,,,CH,LLS,HHZ,,46.84676,9.00825,1860.0,ETH,24.442,1.0,,,True,HHZ,120.0,True,7.853347495833199,True
233,"Val Strem, Switzerland",2016-03-14 19:02:53,2016-03-14 19:06:20,46.701618,8.767872,rock avalanche,,,,,200000.0,,,,,,,,,CH,FUSIO,HHZ,,46.45481,8.6629,1460.0,ETH,28.591,1.0,,,True,HHZ,120.0,True,6.558651484064448,True
233,"Val Strem, Switzerland",2016-03-14 19:02:53,2016-03-14 19:06:20,46.701618,8.767872,rock avalanche,,,,,200000.0,,,,,,,,,CH,PANIX,HHZ,,46.825743,9.111708,1433.0,ETH,29.67,1.0,,,True,HHZ,120.0,True,7.45132289632915,True
233,"Val Strem, Switzerland",2016-03-14 19:02:53,2016-03-14 19:06:20,46.701618,8.767872,rock avalanche,,,,,200000.0,,,,,,,,,CH,MUO,HHZ,,46.96765,8.63706,1920.0,ETH,31.213,1.0,,,True,HHZ,120.0,True,4.244650121482538,False
233,"Val Strem, Switzerland",2016-03-14 19:02:53,2016-03-14 19:06:20,46.701618,8.767872,rock avalanche,,,,,200000.0,,,,,,,,,CH,BNALP,HHZ,,46.87034,8.4249,1549.0,ETH,32.213,1.0,,,True,HHZ,120.0,True,5.622126430862089,True
233,"Val Strem, Switzerland",2016-03-14 19:02:53,2016-03-14 19:06:20,46.701618,8.767872,rock avalanche,,,,,200000.0,,,,,,,,,CH,GRIMS,HHZ,,46.578146,8.318864,1746.0,ETH,37.017,1.0,,,True,HHZ,100.0,True,4.3291157217705925,False
233,"Val Strem, Switzerland",2016-03-14 19:02:53,2016-03-14 19:06:20,46.701618,8.767872,rock avalanche,,,,,200000.0,,,,,,,,,CH,HASLI,HHZ,,46.75681,8.15117,1280.0,"ETH,IRIS",47.538,1.0,,,True,HHZ,120.0,True,4.479717702548777,False
233,"Val Strem, Switzerland",2016-03-14 19:02:53,2016-03-14 19:06:20,46.701618,8.767872,rock avalanche,,,,,200000.0,,,,,,,,,MN,TUE,BHZ,,46.47223,9.34732,1924.0,"IRIS,INGV",51.209,1.0,,,True,HHZ,100.0,True,4.561329364119237,False
233,"Val Strem, Switzerland",2016-03-14 19:02:53,2016-03-14 19:06:20,46.701618,8.767872,rock avalanche,,,,,200000.0,,,,,,,,,CH,VDL,HHZ,,46.48311,9.44933,1927.75,ETH,57.594,1.0,,,True,HHZ,200.0,True,3.773401412538943,False
234,"Medji, Switzerland",2002-11-21 14:20:49,2002-11-21 14:23:06,46.1674,7.7871,rock slide,,,,,70000.0,56000.0,84000.0,,,,480.0,,,CH,MMK,HHZ,,46.0507,7.96409,2200.0,ETH,18.855,1.0,,,True,HHZ,120.0,True,8.901352624888569,True
234,"Medji, Switzerland",2002-11-21 14:20:49,2002-11-21 14:23:06,46.1674,7.7871,rock slide,,,,,70000.0,56000.0,84000.0,,,,480.0,,,CH,LKBD,EHZ,,46.38703,7.62714,1550.0,ETH,27.35,1.0,,,True,EHZ,120.0,True,5.204889118647434,True
234,"Medji, Switzerland",2002-11-21 14:20:49,2002-11-21 14:23:06,46.1674,7.7871,rock slide,,,,,70000.0,56000.0,84000.0,,,,480.0,,,CH,DIX,HHZ,,46.081053,7.408391,2370.2,ETH,30.804,1.0,,,True,HHZ,120.0,True,6.399631275431519,True
234,"Medji, Switzerland",2002-11-21 14:20:49,2002-11-21 14:23:06,46.1674,7.7871,rock slide,,,,,70000.0,56000.0,84000.0,,,,480.0,,,CH,SENIN,HHZ,,46.36335,7.29938,2019.6,"ETH,IRIS",43.453,1.0,,,True,HHZ,120.0,True,6.142547881240141,True
234,"Medji, Switzerland",2002-11-21 14:20:49,2002-11-21 14:23:06,46.1674,7.7871,rock slide,,,,,70000.0,56000.0,84000.0,,,,480.0,,,CH,GRYON,HHZ,,46.25053,7.11106,1282.0,ETH,52.983,1.0,,,True,EHZ,120.0,True,4.125468215284015,False
234,"Medji, Switzerland",2002-11-21 14:20:49,2002-11-21 14:23:06,46.1674,7.7871,rock slide,,,,,70000.0,56000.0,84000.0,,,,480.0,,,CH,SALAN,HHZ,,46.14415,6.97302,1881.3,ETH,62.937,1.0,,,True,EHZ,120.0,True,3.520326107987508,False
234,"Medji, Switzerland",2002-11-21 14:20:49,2002-11-21 14:23:06,46.1674,7.7871,rock slide,,,,,70000.0,56000.0,84000.0,,,,480.0,,,CH,EMV,HHZ,,46.06318,6.89883,2130.0,ETH,69.635,1.0,,,True,HHZ,120.0,True,4.2041574658577865,True
234,"Medji, Switzerland",2002-11-21 14:20:49,2002-11-21 14:23:06,46.1674,7.7871,rock slide,,,,,70000.0,56000.0,84000.0,,,,480.0,,,CH,FUSIO,HHZ,,46.45481,8.6629,1460.0,ETH,74.643,1.0,,,True,HHZ,120.0,True,3.986339820049583,False
234,"Medji, Switzerland",2002-11-21 14:20:49,2002-11-21 14:23:06,46.1674,7.7871,rock slide,,,,,70000.0,56000.0,84000.0,,,,480.0,,,CH,BNALP,HHZ,,46.87034,8.4249,1549.0,ETH,92.201,1.0,,,True,HHZ,120.0,True,4.094829533677486,False
234,"Medji, Switzerland",2002-11-21 14:20:49,2002-11-21 14:23:06,46.1674,7.7871,rock slide,,,,,70000.0,56000.0,84000.0,,,,480.0,,,CH,LLS,HHZ,,46.84676,9.00825,1860.0,ETH,120.362,1.0,,,True,HHZ,120.0,True,3.273239760011468,False
235,"Monte Rosa, Italy",2007-04-21 07:24:09,2007-04-21 07:27:39,45.932838,7.87915,rock avalanche,,,,,300000.0,240000.0,360000.0,,,,1900.0,,,CH,MMK,HHZ,,46.0507,7.96409,2200.0,ETH,14.66,1.0,1.0,,True,HHZ,120.0,True,34.39157506217586,True
235,"Monte Rosa, Italy",2007-04-21 07:24:09,2007-04-21 07:27:39,45.932838,7.87915,rock avalanche,,,,,300000.0,240000.0,360000.0,,,,1900.0,,,CH,DIX,HHZ,,46.081053,7.408391,2370.2,ETH,40.011,1.0,,,True,HHZ,120.0,True,15.439870083227731,True
235,"Monte Rosa, Italy",2007-04-21 07:24:09,2007-04-21 07:27:39,45.932838,7.87915,rock avalanche,,,,,300000.0,240000.0,360000.0,,,,1900.0,,,CH,DIX,BHZ,,46.081053,7.408391,2370.2,ETH,40.011,,1.0,,True,HHZ,120.0,True,15.439870083227731,False
235,"Monte Rosa, Italy",2007-04-21 07:24:09,2007-04-21 07:27:39,45.932838,7.87915,rock avalanche,,,,,300000.0,240000.0,360000.0,,,,1900.0,,,CH,LKBD,EHZ,,46.38703,7.62714,1550.0,ETH,54.108,1.0,,,True,EHZ,120.0,True,8.674234270631239,True
235,"Monte Rosa, Italy",2007-04-21 07:24:09,2007-04-21 07:27:39,45.932838,7.87915,rock avalanche,,,,,300000.0,240000.0,360000.0,,,,1900.0,,,CH,SENIN,BHZ,,46.36335,7.29938,2019.6,"ETH,IRIS",65.545,,1.0,,True,HHZ,120.0,True,9.19517539132459,False
235,"Monte Rosa, Italy",2007-04-21 07:24:09,2007-04-21 07:27:39,45.932838,7.87915,rock avalanche,,,,,300000.0,240000.0,360000.0,,,,1900.0,,,CH,SENIN,HHZ,,46.36335,7.29938,2019.6,"ETH,IRIS",65.545,1.0,1.0,,True,HHZ,120.0,True,9.19517539132459,True
235,"Monte Rosa, Italy",2007-04-21 07:24:09,2007-04-21 07:27:39,45.932838,7.87915,rock avalanche,,,,,300000.0,240000.0,360000.0,,,,1900.0,,,IV,MRGE,HHZ,,45.76975,7.06101,1660.0,INGV,66.08,1.0,0.0,,True,HHZ,100.0,True,7.590113021536497,False
235,"Monte Rosa, Italy",2007-04-21 07:24:09,2007-04-21 07:27:39,45.932838,7.87915,rock avalanche,,,,,300000.0,240000.0,360000.0,,,,1900.0,,,CH,GRYON,HHZ,,46.25053,7.11106,1282.0,ETH,68.96469731614995,1.0,,,True,EHZ,120.0,True,8.316958413745963,False
235,"Monte Rosa, Italy",2007-04-21 07:24:09,2007-04-21 07:27:39,45.932838,7.87915,rock avalanche,,,,,300000.0,240000.0,360000.0,,,,1900.0,,,CH,SALAN,HHZ,,46.14415,6.97302,1881.3,ETH,73.78381265376161,1.0,,,True,EHZ,120.0,True,7.070880022529508,False
235,"Monte Rosa, Italy",2007-04-21 07:24:09,2007-04-21 07:27:39,45.932838,7.87915,rock avalanche,,,,,300000.0,240000.0,360000.0,,,,1900.0,,,CH,EMV,HHZ,,46.06318,6.89883,2130.0,ETH,77.311,1.0,1.0,,True,HHZ,120.0,True,9.140500897729684,True
236,"Tavanasa, Switzerland",2002-06-06 08:36:58,2002-06-06 08:38:25,46.749,9.0677,rock slide,,,,,90000.0,72000.0,108000.0,,,,320.0,,,CH,LLS,HHZ,,46.84676,9.00825,1860.0,ETH,11.777,1.0,,,True,HHZ,120.0,True,24.32983208104884,True
236,"Tavanasa, Switzerland",2002-06-06 08:36:58,2002-06-06 08:38:25,46.749,9.0677,rock slide,,,,,90000.0,72000.0,108000.0,,,,320.0,,,CH,MUO,HHZ,,46.96765,8.63706,1920.0,ETH,40.856,1.0,,,True,HHZ,120.0,True,5.680603786049324,True
236,"Tavanasa, Switzerland",2002-06-06 08:36:58,2002-06-06 08:38:25,46.749,9.0677,rock slide,,,,,90000.0,72000.0,108000.0,,,,320.0,,,CH,PLONS,HHZ,,47.04921,9.38076,1022.0,ETH,41.023,1.0,,,True,HHZ,120.0,True,4.663210947255411,True
236,"Tavanasa, Switzerland",2002-06-06 08:36:58,2002-06-06 08:38:25,46.749,9.0677,rock slide,,,,,90000.0,72000.0,108000.0,,,,320.0,,,CH,VDL,HHZ,,46.48311,9.44933,1927.75,ETH,41.571,1.0,,,True,HHZ,120.0,True,3.1391856137233303,False
236,"Tavanasa, Switzerland",2002-06-06 08:36:58,2002-06-06 08:38:25,46.749,9.0677,rock slide,,,,,90000.0,72000.0,108000.0,,,,320.0,,,CH,FUSIO,HHZ,,46.45481,8.6629,1460.0,ETH,45.071,1.0,,,True,HHZ,120.0,True,6.5301221231706,True
236,"Tavanasa, Switzerland",2002-06-06 08:36:58,2002-06-06 08:38:25,46.749,9.0677,rock slide,,,,,90000.0,72000.0,108000.0,,,,320.0,,,CH,BNALP,HHZ,,46.87034,8.4249,1549.0,ETH,50.883,1.0,,,True,HHZ,120.0,True,4.497801860462895,True
236,"Tavanasa, Switzerland",2002-06-06 08:36:58,2002-06-06 08:38:25,46.749,9.0677,rock slide,,,,,90000.0,72000.0,108000.0,,,,320.0,,,CH,HASLI,HHZ,,46.75681,8.15117,1280.0,"ETH,IRIS",70.033,1.0,,,True,HHZ,120.0,True,3.821979607338825,False
236,"Tavanasa, Switzerland",2002-06-06 08:36:58,2002-06-06 08:38:25,46.749,9.0677,rock slide,,,,,90000.0,72000.0,108000.0,,,,320.0,,,CH,BERNI,HHZ,,46.413636,10.023095,2311.0,ETH,82.172,1.0,,,True,HHZ,120.0,True,4.288523829887554,False
236,"Tavanasa, Switzerland",2002-06-06 08:36:58,2002-06-06 08:38:25,46.749,9.0677,rock slide,,,,,90000.0,72000.0,108000.0,,,,320.0,,,CH,MUGIO,HHZ,,45.92184,9.04171,924.0,"ETH,IRIS",91.967,1.0,,,True,HHZ,120.0,True,3.620650855782112,False
236,"Tavanasa, Switzerland",2002-06-06 08:36:58,2002-06-06 08:38:25,46.749,9.0677,rock slide,,,,,90000.0,72000.0,108000.0,,,,320.0,,,CH,MMK,HHZ,,46.0507,7.96409,2200.0,ETH,115.013,1.0,,,True,HHZ,120.0,True,3.3804301505246137,False
237,"Thurwieser, Italy",2004-09-18 11:43:24,2004-09-18 11:47:43,46.49321,10.52494,rock avalanche,,,,,2000000.0,1600000.0,2400000.0,,,,1410.0,1300.0,,CH,FUORN,HHZ,,46.620334,10.26352,2286.0,"ETH,IRIS",24.527,1.0,,,True,HHZ,120.0,True,29.64298348482887,True
237,"Thurwieser, Italy",2004-09-18 11:43:24,2004-09-18 11:47:43,46.49321,10.52494,rock avalanche,,,,,2000000.0,1600000.0,2400000.0,,,,1410.0,1300.0,,CH,FUORN,BHZ,,46.620334,10.26352,2286.0,"ETH,IRIS",24.527,,1.0,,True,HHZ,120.0,True,29.64298348482887,False
237,"Thurwieser, Italy",2004-09-18 11:43:24,2004-09-18 11:47:43,46.49321,10.52494,rock avalanche,,,,,2000000.0,1600000.0,2400000.0,,,,1410.0,1300.0,,CH,BERNI,BHZ,,46.413636,10.023095,2311.0,ETH,39.557,,1.0,,True,HHZ,120.0,True,26.1447415640734,False
237,"Thurwieser, Italy",2004-09-18 11:43:24,2004-09-18 11:47:43,46.49321,10.52494,rock avalanche,,,,,2000000.0,1600000.0,2400000.0,,,,1410.0,1300.0,,CH,BERNI,HHZ,,46.413636,10.023095,2311.0,ETH,39.557,1.0,1.0,,True,HHZ,120.0,True,26.1447415640734,True
237,"Thurwieser, Italy",2004-09-18 11:43:24,2004-09-18 11:47:43,46.49321,10.52494,rock avalanche,,,,,2000000.0,1600000.0,2400000.0,,,,1410.0,1300.0,,CH,DAVOX,HHZ,,46.7805,9.87952,1830.0,ETH,58.84,1.0,1.0,,True,HHZ,120.0,True,18.020847259361524,True
237,"Thurwieser, Italy",2004-09-18 11:43:24,2004-09-18 11:47:43,46.49321,10.52494,rock avalanche,,,,,2000000.0,1600000.0,2400000.0,,,,1410.0,1300.0,,CH,DAVOX,BHZ,,46.7805,9.87952,1830.0,ETH,58.84,,1.0,,True,HHZ,120.0,True,18.020847259361524,False
237,"Thurwieser, Italy",2004-09-18 11:43:24,2004-09-18 11:47:43,46.49321,10.52494,rock avalanche,,,,,2000000.0,1600000.0,2400000.0,,,,1410.0,1300.0,,CH,VDL,BHZ,,46.48311,9.44933,1927.75,ETH,82.592,,1.0,,True,HHZ,120.0,True,11.736211118734346,False
237,"Thurwieser, Italy",2004-09-18 11:43:24,2004-09-18 11:47:43,46.49321,10.52494,rock avalanche,,,,,2000000.0,1600000.0,2400000.0,,,,1410.0,1300.0,,CH,VDL,HHZ,,46.48311,9.44933,1927.75,ETH,82.592,1.0,1.0,,True,HHZ,120.0,True,11.736211118734346,True
237,"Thurwieser, Italy",2004-09-18 11:43:24,2004-09-18 11:47:43,46.49321,10.52494,rock avalanche,,,,,2000000.0,1600000.0,2400000.0,,,,1410.0,1300.0,,CH,PLONS,HHZ,,47.04921,9.38076,1022.0,ETH,106.84168595187036,1.0,1.0,,True,HHZ,120.0,True,9.28596567364758,False
237,"Thurwieser, Italy",2004-09-18 11:43:24,2004-09-18 11:47:43,46.49321,10.52494,rock avalanche,,,,,2000000.0,1600000.0,2400000.0,,,,1410.0,1300.0,,CH,LLS,HHZ,,46.84676,9.00825,1860.0,ETH,122.21904266089793,1.0,,,True,HHZ,120.0,True,10.212227246465527,True
238,"Eiger 1, Switzerland",2006-07-13 17:25:55,2006-07-13 17:28:35,46.59721,8.053796,rock fall,,,,,85000.0,68000.0,102000.0,,,,200.0,,,CH,HASLI,HHZ,,46.75681,8.15117,1280.0,"ETH,IRIS",19.238852951534657,1.0,,,True,HHZ,120.0,True,21.31876891378593,True
238,"Eiger 1, Switzerland",2006-07-13 17:25:55,2006-07-13 17:28:35,46.59721,8.053796,rock fall,,,,,85000.0,68000.0,102000.0,,,,200.0,,,CH,WIMIS,HHZ,,46.66488,7.62418,770.0,ETH,33.65600422753447,1.0,,,True,HHZ,120.0,True,15.289538057704194,True
238,"Eiger 1, Switzerland",2006-07-13 17:25:55,2006-07-13 17:28:35,46.59721,8.053796,rock fall,,,,,85000.0,68000.0,102000.0,,,,200.0,,,CH,LKBD,EHZ,,46.38703,7.62714,1550.0,ETH,40.16187422350156,1.0,,,True,EHZ,120.0,True,16.256285328950238,True
238,"Eiger 1, Switzerland",2006-07-13 17:25:55,2006-07-13 17:28:35,46.59721,8.053796,rock fall,,,,,85000.0,68000.0,102000.0,,,,200.0,,,CH,BNALP,HHZ,,46.87034,8.4249,1549.0,ETH,41.50023617085324,1.0,,,True,HHZ,120.0,True,10.107450675533585,False
238,"Eiger 1, Switzerland",2006-07-13 17:25:55,2006-07-13 17:28:35,46.59721,8.053796,rock fall,,,,,85000.0,68000.0,102000.0,,,,200.0,,,CH,FUSIO,HHZ,,46.45481,8.6629,1460.0,ETH,49.21598866115055,1.0,,,True,HHZ,120.0,True,10.398814288095291,True
238,"Eiger 1, Switzerland",2006-07-13 17:25:55,2006-07-13 17:28:35,46.59721,8.053796,rock fall,,,,,85000.0,68000.0,102000.0,,,,200.0,,,CH,MUO,HHZ,,46.96765,8.63706,1920.0,ETH,60.57262507293103,1.0,,,True,HHZ,120.0,True,4.350423457870375,False
238,"Eiger 1, Switzerland",2006-07-13 17:25:55,2006-07-13 17:28:35,46.59721,8.053796,rock fall,,,,,85000.0,68000.0,102000.0,,,,200.0,,,CH,MMK,HHZ,,46.0507,7.96409,2200.0,ETH,61.15829686498566,1.0,,,True,HHZ,120.0,True,7.799026534530805,False
238,"Eiger 1, Switzerland",2006-07-13 17:25:55,2006-07-13 17:28:35,46.59721,8.053796,rock fall,,,,,85000.0,68000.0,102000.0,,,,200.0,,,CH,SENIN,HHZ,,46.36335,7.29938,2019.6,"ETH,IRIS",63.34802065859539,1.0,,,True,HHZ,120.0,True,10.135293755507124,True
238,"Eiger 1, Switzerland",2006-07-13 17:25:55,2006-07-13 17:28:35,46.59721,8.053796,rock fall,,,,,85000.0,68000.0,102000.0,,,,200.0,,,CH,DIX,HHZ,,46.081053,7.408391,2370.2,ETH,75.82098874753078,1.0,,,True,HHZ,120.0,True,4.46837661940713,False
238,"Eiger 1, Switzerland",2006-07-13 17:25:55,2006-07-13 17:28:35,46.59721,8.053796,rock fall,,,,,85000.0,68000.0,102000.0,,,,200.0,,,CH,LLS,HHZ,,46.84676,9.00825,1860.0,ETH,77.86787428174155,1.0,,,True,HHZ,120.0,True,5.795076451412661,False
239,"Eiger 2, Switzerland",2006-07-13 17:39:30,2006-07-13 17:41:06,46.59721,8.053796,rock fall,,,,,20000.0,16000.0,24000.0,,,,200.0,,,CH,HASLI,HHZ,,46.75681,8.15117,1280.0,"ETH,IRIS",19.238852951534657,1.0,,,True,HHZ,120.0,True,6.799899387048903,True
239,"Eiger 2, Switzerland",2006-07-13 17:39:30,2006-07-13 17:41:06,46.59721,8.053796,rock fall,,,,,20000.0,16000.0,24000.0,,,,200.0,,,CH,WIMIS,HHZ,,46.66488,7.62418,770.0,ETH,33.65600422753447,1.0,,,True,HHZ,120.0,True,4.451754942716745,True
239,"Eiger 2, Switzerland",2006-07-13 17:39:30,2006-07-13 17:41:06,46.59721,8.053796,rock fall,,,,,20000.0,16000.0,24000.0,,,,200.0,,,CH,LKBD,EHZ,,46.38703,7.62714,1550.0,ETH,40.16187422350156,1.0,,,True,EHZ,120.0,True,8.23854721589094,True
239,"Eiger 2, Switzerland",2006-07-13 17:39:30,2006-07-13 17:41:06,46.59721,8.053796,rock fall,,,,,20000.0,16000.0,24000.0,,,,200.0,,,CH,BNALP,HHZ,,46.87034,8.4249,1549.0,ETH,41.50023617085324,1.0,,,True,HHZ,120.0,True,4.212688216362576,False
239,"Eiger 2, Switzerland",2006-07-13 17:39:30,2006-07-13 17:41:06,46.59721,8.053796,rock fall,,,,,20000.0,16000.0,24000.0,,,,200.0,,,CH,FUSIO,HHZ,,46.45481,8.6629,1460.0,ETH,49.21598866115055,1.0,,,True,HHZ,120.0,True,5.34024613775483,True
239,"Eiger 2, Switzerland",2006-07-13 17:39:30,2006-07-13 17:41:06,46.59721,8.053796,rock fall,,,,,20000.0,16000.0,24000.0,,,,200.0,,,CH,MUO,HHZ,,46.96765,8.63706,1920.0,ETH,60.57262507293103,1.0,,,True,HHZ,120.0,True,3.235709954691304,False
239,"Eiger 2, Switzerland",2006-07-13 17:39:30,2006-07-13 17:41:06,46.59721,8.053796,rock fall,,,,,20000.0,16000.0,24000.0,,,,200.0,,,CH,MMK,HHZ,,46.0507,7.96409,2200.0,ETH,61.15829686498566,1.0,,,True,HHZ,120.0,True,3.478981096634945,False
239,"Eiger 2, Switzerland",2006-07-13 17:39:30,2006-07-13 17:41:06,46.59721,8.053796,rock fall,,,,,20000.0,16000.0,24000.0,,,,200.0,,,CH,SENIN,HHZ,,46.36335,7.29938,2019.6,"ETH,IRIS",63.34802065859539,1.0,,,True,HHZ,120.0,True,4.964430363028486,True
239,"Eiger 2, Switzerland",2006-07-13 17:39:30,2006-07-13 17:41:06,46.59721,8.053796,rock fall,,,,,20000.0,16000.0,24000.0,,,,200.0,,,CH,LLS,HHZ,,46.84676,9.00825,1860.0,ETH,77.86787428174155,1.0,,,True,HHZ,120.0,True,3.290788968066497,False
239,"Eiger 2, Switzerland",2006-07-13 17:39:30,2006-07-13 17:41:06,46.59721,8.053796,rock fall,,,,,20000.0,16000.0,24000.0,,,,200.0,,,CH,GRYON,HHZ,,46.25053,7.11106,1282.0,ETH,81.8982595382314,1.0,,,True,EHZ,120.0,True,3.851837585539381,False
240,"Eiger 3, Switzerland",2006-07-26 19:04:22,2006-07-26 19:06:02,46.59721,8.053796,rock fall,,,,,1000.0,800.0,1200.0,,,,200.0,,,CH,HASLI,HHZ,,46.75681,8.15117,1280.0,"ETH,IRIS",19.238852951534657,1.0,,,True,HHZ,120.0,True,10.228995594157206,True
240,"Eiger 3, Switzerland",2006-07-26 19:04:22,2006-07-26 19:06:02,46.59721,8.053796,rock fall,,,,,1000.0,800.0,1200.0,,,,200.0,,,CH,WIMIS,HHZ,,46.66488,7.62418,770.0,ETH,33.65600422753447,1.0,,,True,HHZ,120.0,True,7.817309617780577,True
240,"Eiger 3, Switzerland",2006-07-26 19:04:22,2006-07-26 19:06:02,46.59721,8.053796,rock fall,,,,,1000.0,800.0,1200.0,,,,200.0,,,CH,LKBD,EHZ,,46.38703,7.62714,1550.0,ETH,40.16187422350156,1.0,,,True,EHZ,120.0,True,7.185078876800042,True
240,"Eiger 3, Switzerland",2006-07-26 19:04:22,2006-07-26 19:06:02,46.59721,8.053796,rock fall,,,,,1000.0,800.0,1200.0,,,,200.0,,,CH,BNALP,HHZ,,46.87034,8.4249,1549.0,ETH,41.50023617085324,1.0,,,True,HHZ,120.0,True,4.671397753379588,True
240,"Eiger 3, Switzerland",2006-07-26 19:04:22,2006-07-26 19:06:02,46.59721,8.053796,rock fall,,,,,1000.0,800.0,1200.0,,,,200.0,,,CH,FUSIO,HHZ,,46.45481,8.6629,1460.0,ETH,49.21598866115055,1.0,,,True,HHZ,120.0,True,3.826398090313385,False
240,"Eiger 3, Switzerland",2006-07-26 19:04:22,2006-07-26 19:06:02,46.59721,8.053796,rock fall,,,,,1000.0,800.0,1200.0,,,,200.0,,,CH,MUO,HHZ,,46.96765,8.63706,1920.0,ETH,60.57262507293103,1.0,,,True,HHZ,120.0,True,3.2195933109489125,False
240,"Eiger 3, Switzerland",2006-07-26 19:04:22,2006-07-26 19:06:02,46.59721,8.053796,rock fall,,,,,1000.0,800.0,1200.0,,,,200.0,,,CH,MMK,HHZ,,46.0507,7.96409,2200.0,ETH,61.15829686498566,1.0,,,True,HHZ,120.0,True,3.723141682471759,False
240,"Eiger 3, Switzerland",2006-07-26 19:04:22,2006-07-26 19:06:02,46.59721,8.053796,rock fall,,,,,1000.0,800.0,1200.0,,,,200.0,,,CH,SENIN,HHZ,,46.36335,7.29938,2019.6,"ETH,IRIS",63.34802065859539,1.0,,,True,HHZ,120.0,True,4.721823575270169,True
240,"Eiger 3, Switzerland",2006-07-26 19:04:22,2006-07-26 19:06:02,46.59721,8.053796,rock fall,,,,,1000.0,800.0,1200.0,,,,200.0,,,CH,GRYON,HHZ,,46.25053,7.11106,1282.0,ETH,81.8982595382314,1.0,,,True,EHZ,120.0,True,4.273272743770404,False
240,"Eiger 3, Switzerland",2006-07-26 19:04:22,2006-07-26 19:06:02,46.59721,8.053796,rock fall,,,,,1000.0,800.0,1200.0,,,,200.0,,,CH,BALST,HHZ,,47.33599,7.69485,860.0,ETH,86.54611545468914,1.0,,,True,HHZ,120.0,True,3.432121407113101,False
241,"Eiger 5, Switzerland",2008-08-18 12:18:58,2008-08-18 12:21:24,46.59721,8.053796,rock fall,,,,,4000.0,3200.0,4800.0,,,,200.0,,,CH,HASLI,HHZ,,46.75681,8.15117,1280.0,"ETH,IRIS",19.238852951534657,1.0,,,True,HHZ,120.0,True,12.747592680538986,True
241,"Eiger 5, Switzerland",2008-08-18 12:18:58,2008-08-18 12:21:24,46.59721,8.053796,rock fall,,,,,4000.0,3200.0,4800.0,,,,200.0,,,CH,WIMIS,HHZ,,46.66488,7.62418,770.0,ETH,33.65600422753447,1.0,,,True,HHZ,120.0,True,8.380802803712774,True
241,"Eiger 5, Switzerland",2008-08-18 12:18:58,2008-08-18 12:21:24,46.59721,8.053796,rock fall,,,,,4000.0,3200.0,4800.0,,,,200.0,,,CH,LKBD,EHZ,,46.38703,7.62714,1550.0,ETH,40.16187422350156,1.0,,,True,EHZ,120.0,True,4.958662842376602,False
241,"Eiger 5, Switzerland",2008-08-18 12:18:58,2008-08-18 12:21:24,46.59721,8.053796,rock fall,,,,,4000.0,3200.0,4800.0,,,,200.0,,,CH,BNALP,HHZ,,46.87034,8.4249,1549.0,ETH,41.50023617085324,1.0,,,True,HHZ,120.0,True,7.780061194107659,True
241,"Eiger 5, Switzerland",2008-08-18 12:18:58,2008-08-18 12:21:24,46.59721,8.053796,rock fall,,,,,4000.0,3200.0,4800.0,,,,200.0,,,CH,FUSIO,HHZ,,46.45481,8.6629,1460.0,ETH,49.21598866115055,1.0,,,True,HHZ,120.0,True,7.571712281479504,True
241,"Eiger 5, Switzerland",2008-08-18 12:18:58,2008-08-18 12:21:24,46.59721,8.053796,rock fall,,,,,4000.0,3200.0,4800.0,,,,200.0,,,CH,SENIN,HHZ,,46.36335,7.29938,2019.6,"ETH,IRIS",63.34802065859539,1.0,,,True,HHZ,120.0,True,8.103628351234784,True
241,"Eiger 5, Switzerland",2008-08-18 12:18:58,2008-08-18 12:21:24,46.59721,8.053796,rock fall,,,,,4000.0,3200.0,4800.0,,,,200.0,,,CH,LLS,HHZ,,46.84676,9.00825,1860.0,ETH,77.86787428174155,1.0,,,True,HHZ,120.0,True,3.802366660688804,False
241,"Eiger 5, Switzerland",2008-08-18 12:18:58,2008-08-18 12:21:24,46.59721,8.053796,rock fall,,,,,4000.0,3200.0,4800.0,,,,200.0,,,CH,GRYON,HHZ,,46.25053,7.11106,1282.0,ETH,81.8982595382314,1.0,,,True,EHZ,120.0,True,6.153753501360093,False
241,"Eiger 5, Switzerland",2008-08-18 12:18:58,2008-08-18 12:21:24,46.59721,8.053796,rock fall,,,,,4000.0,3200.0,4800.0,,,,200.0,,,CH,BALST,HHZ,,47.33599,7.69485,860.0,ETH,86.54611545468914,1.0,,,True,HHZ,120.0,True,3.811085450252176,False
241,"Eiger 5, Switzerland",2008-08-18 12:18:58,2008-08-18 12:21:24,46.59721,8.053796,rock fall,,,,,4000.0,3200.0,4800.0,,,,200.0,,,CH,AIGLE,HHZ,,46.34176,6.95295,785.0,ETH,88.96322611504831,1.0,,,True,HHZ,120.0,True,3.985084672314318,False
242,"Eiger 4, Switzerland",2008-08-18 10:14:57,2008-08-18 10:16:37,46.59721,8.053796,rock fall,,,,,46000.0,36800.0,55200.0,,,,200.0,,,CH,HASLI,HHZ,,46.75681,8.15117,1280.0,"ETH,IRIS",19.243,1.0,,,True,HHZ,120.0,True,25.35805524382852,True
242,"Eiger 4, Switzerland",2008-08-18 10:14:57,2008-08-18 10:16:37,46.59721,8.053796,rock fall,,,,,46000.0,36800.0,55200.0,,,,200.0,,,CH,WIMIS,HHZ,,46.66488,7.62418,770.0,ETH,33.748,1.0,,,True,HHZ,120.0,True,26.368554040724355,True
242,"Eiger 4, Switzerland",2008-08-18 10:14:57,2008-08-18 10:16:37,46.59721,8.053796,rock fall,,,,,46000.0,36800.0,55200.0,,,,200.0,,,CH,LKBD,EHZ,,46.38703,7.62714,1550.0,ETH,40.234,1.0,,,True,EHZ,120.0,True,18.565913495272817,True
242,"Eiger 4, Switzerland",2008-08-18 10:14:57,2008-08-18 10:16:37,46.59721,8.053796,rock fall,,,,,46000.0,36800.0,55200.0,,,,200.0,,,CH,BNALP,HHZ,,46.87034,8.4249,1549.0,ETH,41.55,1.0,,,True,HHZ,120.0,True,14.672233326024177,True
242,"Eiger 4, Switzerland",2008-08-18 10:14:57,2008-08-18 10:16:37,46.59721,8.053796,rock fall,,,,,46000.0,36800.0,55200.0,,,,200.0,,,CH,FUSIO,HHZ,,46.45481,8.6629,1460.0,ETH,49.342,1.0,,,True,HHZ,120.0,True,10.590087406410897,False
242,"Eiger 4, Switzerland",2008-08-18 10:14:57,2008-08-18 10:16:37,46.59721,8.053796,rock fall,,,,,46000.0,36800.0,55200.0,,,,200.0,,,CH,MUO,HHZ,,46.96765,8.63706,1920.0,ETH,60.66,1.0,,,True,HHZ,120.0,True,6.24177541062263,False
242,"Eiger 4, Switzerland",2008-08-18 10:14:57,2008-08-18 10:16:37,46.59721,8.053796,rock fall,,,,,46000.0,36800.0,55200.0,,,,200.0,,,CH,MMK,HHZ,,46.0507,7.96409,2200.0,ETH,61.14,1.0,,,True,HHZ,120.0,True,12.93999496017967,False
242,"Eiger 4, Switzerland",2008-08-18 10:14:57,2008-08-18 10:16:37,46.59721,8.053796,rock fall,,,,,46000.0,36800.0,55200.0,,,,200.0,,,CH,SENIN,HHZ,,46.36335,7.29938,2019.6,"ETH,IRIS",63.497,1.0,,,True,HHZ,120.0,True,14.296973451526483,True
242,"Eiger 4, Switzerland",2008-08-18 10:14:57,2008-08-18 10:16:37,46.59721,8.053796,rock fall,,,,,46000.0,36800.0,55200.0,,,,200.0,,,CH,DIX,HHZ,,46.081053,7.408391,2370.2,ETH,75.9,1.0,,,True,HHZ,120.0,True,6.005321069804692,False
242,"Eiger 4, Switzerland",2008-08-18 10:14:57,2008-08-18 10:16:37,46.59721,8.053796,rock fall,,,,,46000.0,36800.0,55200.0,,,,200.0,,,CH,LLS,HHZ,,46.84676,9.00825,1860.0,ETH,78.063,1.0,,,True,HHZ,120.0,True,6.15286325873844,False
243,"Kärpf 1, Switzerland",2007-09-29 13:02:42,2007-09-29 13:03:33,46.917005,9.090499,rock fall,,,,,3000.0,2400.0,3600.0,,,,130.0,,,CH,LLS,HHZ,,46.84676,9.00825,1860.0,ETH,10.004314127298032,1.0,,,True,HHZ,120.0,True,6.249413292767098,True
243,"Kärpf 1, Switzerland",2007-09-29 13:02:42,2007-09-29 13:03:33,46.917005,9.090499,rock fall,,,,,3000.0,2400.0,3600.0,,,,130.0,,,CH,PLONS,HHZ,,47.04921,9.38076,1022.0,ETH,26.475136503642663,1.0,,,True,HHZ,120.0,True,4.847973279035756,True
243,"Kärpf 1, Switzerland",2007-09-29 13:02:42,2007-09-29 13:03:33,46.917005,9.090499,rock fall,,,,,3000.0,2400.0,3600.0,,,,130.0,,,MN,TUE,BHZ,,46.47223,9.34732,1924.0,"IRIS,INGV",53.19407158456851,1.0,,,True,HHZ,100.0,True,3.1339180521159085,False
243,"Kärpf 1, Switzerland",2007-09-29 13:02:42,2007-09-29 13:03:33,46.917005,9.090499,rock fall,,,,,3000.0,2400.0,3600.0,,,,130.0,,,CH,FUSIO,HHZ,,46.45481,8.6629,1460.0,ETH,60.87000569246208,1.0,,,True,HHZ,120.0,True,3.328660464087757,True
243,"Kärpf 1, Switzerland",2007-09-29 13:02:42,2007-09-29 13:03:33,46.917005,9.090499,rock fall,,,,,3000.0,2400.0,3600.0,,,,130.0,,,CH,DAVOX,HHZ,,46.7805,9.87952,1830.0,ETH,61.89410928247822,1.0,,,True,HHZ,120.0,True,3.1493697466930266,True
243,"Kärpf 1, Switzerland",2007-09-29 13:02:42,2007-09-29 13:03:33,46.917005,9.090499,rock fall,,,,,3000.0,2400.0,3600.0,,,,130.0,,,CH,HASLI,HHZ,,46.75681,8.15117,1280.0,"ETH,IRIS",73.63735186261243,1.0,,,True,HHZ,120.0,True,3.252688478074093,True
244,"Kärpf 2, Switzerland",2007-09-29 13:15:55,2007-09-29 13:17:13,46.917005,9.090499,rock fall,,,,,16000.0,12800.0,19200.0,,,,210.0,,,CH,LLS,HHZ,,46.84676,9.00825,1860.0,ETH,10.004314127298032,1.0,,,True,HHZ,120.0,True,29.536051199580864,True
244,"Kärpf 2, Switzerland",2007-09-29 13:15:55,2007-09-29 13:17:13,46.917005,9.090499,rock fall,,,,,16000.0,12800.0,19200.0,,,,210.0,,,CH,PLONS,HHZ,,47.04921,9.38076,1022.0,ETH,26.475136503642663,1.0,,,True,HHZ,120.0,True,8.012596246085227,True
244,"Kärpf 2, Switzerland",2007-09-29 13:15:55,2007-09-29 13:17:13,46.917005,9.090499,rock fall,,,,,16000.0,12800.0,19200.0,,,,210.0,,,CH,MUO,HHZ,,46.96765,8.63706,1920.0,ETH,34.88107869485015,1.0,,,True,HHZ,120.0,True,3.928975631121868,True
244,"Kärpf 2, Switzerland",2007-09-29 13:15:55,2007-09-29 13:17:13,46.917005,9.090499,rock fall,,,,,16000.0,12800.0,19200.0,,,,210.0,,,CH,LIENZ,HHZ,,47.294437,9.491773,1567.0,"ETH,IRIS",51.804364628863794,1.0,,,True,HHZ,120.0,True,3.822356866501948,True
244,"Kärpf 2, Switzerland",2007-09-29 13:15:55,2007-09-29 13:17:13,46.917005,9.090499,rock fall,,,,,16000.0,12800.0,19200.0,,,,210.0,,,MN,TUE,BHZ,,46.47223,9.34732,1924.0,"IRIS,INGV",53.19407158456851,1.0,,,True,HHZ,100.0,True,4.452483988797311,True
244,"Kärpf 2, Switzerland",2007-09-29 13:15:55,2007-09-29 13:17:13,46.917005,9.090499,rock fall,,,,,16000.0,12800.0,19200.0,,,,210.0,,,CH,FUSIO,HHZ,,46.45481,8.6629,1460.0,ETH,60.87000569246208,1.0,,,True,HHZ,120.0,True,3.122771599322368,False
244,"Kärpf 2, Switzerland",2007-09-29 13:15:55,2007-09-29 13:17:13,46.917005,9.090499,rock fall,,,,,16000.0,12800.0,19200.0,,,,210.0,,,CH,DAVOX,HHZ,,46.7805,9.87952,1830.0,ETH,61.89410928247822,1.0,,,True,HHZ,120.0,True,3.347489502715834,False
244,"Kärpf 2, Switzerland",2007-09-29 13:15:55,2007-09-29 13:17:13,46.917005,9.090499,rock fall,,,,,16000.0,12800.0,19200.0,,,,210.0,,,CH,HASLI,HHZ,,46.75681,8.15117,1280.0,"ETH,IRIS",73.63735186261243,1.0,,,True,HHZ,120.0,True,3.636307967076569,False
244,"Kärpf 2, Switzerland",2007-09-29 13:15:55,2007-09-29 13:17:13,46.917005,9.090499,rock fall,,,,,16000.0,12800.0,19200.0,,,,210.0,,,CH,SLE,HHZ,,47.7645,8.49236,648.0,"ETH,IRIS",104.45924425037316,1.0,,,True,HHZ,120.0,True,3.3757281861265023,False
244,"Kärpf 2, Switzerland",2007-09-29 13:15:55,2007-09-29 13:17:13,46.917005,9.090499,rock fall,,,,,16000.0,12800.0,19200.0,,,,210.0,,,CH,MUGIO,HHZ,,45.92184,9.04171,924.0,"ETH,IRIS",110.7204737720254,1.0,,,True,HHZ,120.0,True,3.402078705416685,False
245,"Mont Granier 1, France",2016-04-28 01:03:43,2016-04-28 01:05:03,45.468008,5.931353,rock fall,,,,,10000.0,,,,,,,,,FR,OGSM,HHZ,0.0,45.609238,5.697216,532.0,RESIF,24.06556874991492,1.0,,,True,HHZ,100.0,True,5.541029926222985,True
245,"Mont Granier 1, France",2016-04-28 01:03:43,2016-04-28 01:05:03,45.468008,5.931353,rock fall,,,,,10000.0,,,,,,,,,MT,RES,HHZ,0.0,45.2341,5.7778,608.0,RESIF,28.643796227782595,1.0,,,True,HHZ,100.0,True,7.425373712787744,True
245,"Mont Granier 1, France",2016-04-28 01:03:43,2016-04-28 01:05:03,45.468008,5.931353,rock fall,,,,,10000.0,,,,,,,,,MT,FOR,HHZ,0.0,45.235205,5.761977,1337.0,RESIF,29.073852447252367,1.0,,,True,HHZ,100.0,True,7.81660077348377,True
245,"Mont Granier 1, France",2016-04-28 01:03:43,2016-04-28 01:05:03,45.468008,5.931353,rock fall,,,,,10000.0,,,,,,,,,FR,GRN,HHZ,0.0,45.2413,5.7439,1040.0,RESIF,29.15518093883072,1.0,,,True,HHZ,100.0,True,7.83536069555601,True
245,"Mont Granier 1, France",2016-04-28 01:03:43,2016-04-28 01:05:03,45.468008,5.931353,rock fall,,,,,10000.0,,,,,,,,,MT,MOL,HHZ,0.0,45.2295,5.7652,715.0,RESIF,29.52876584989358,1.0,,,True,HHZ,100.0,True,7.180176462687192,True
245,"Mont Granier 1, France",2016-04-28 01:03:43,2016-04-28 01:05:03,45.468008,5.931353,rock fall,,,,,10000.0,,,,,,,,,FR,OGGM,HHZ,0.0,45.205717,6.116735,1575.0,RESIF,32.56656903375571,1.0,,,True,HHZ,100.0,True,4.737278440296143,False
245,"Mont Granier 1, France",2016-04-28 01:03:43,2016-04-28 01:05:03,45.468008,5.931353,rock fall,,,,,10000.0,,,,,,,,,FR,OGS3,HHZ,0.0,45.06951,5.806072,1130.0,RESIF,45.38259479931217,1.0,,,True,HHZ,200.0,True,4.655406234960966,False
245,"Mont Granier 1, France",2016-04-28 01:03:43,2016-04-28 01:05:03,45.468008,5.931353,rock fall,,,,,10000.0,,,,,,,,,FR,OGS2,HHZ,0.0,45.064487,5.801324,1015.0,RESIF,46.00894290098187,1.0,,,True,HHZ,200.0,True,4.919066710412902,False
245,"Mont Granier 1, France",2016-04-28 01:03:43,2016-04-28 01:05:03,45.468008,5.931353,rock fall,,,,,10000.0,,,,,,,,,FR,OGMY,HHZ,0.0,45.881011,5.889317,656.0,RESIF,46.03982598585233,1.0,,,True,HHZ,100.0,True,4.744511473479572,False
245,"Mont Granier 1, France",2016-04-28 01:03:43,2016-04-28 01:05:03,45.468008,5.931353,rock fall,,,,,10000.0,,,,,,,,,FR,OGS1,HHZ,0.0,45.060788,5.80467,723.0,RESIF,46.35351276965603,1.0,,,True,HHZ,200.0,True,4.662894877738394,False
246,"Mont Granier 2, France",2016-04-29 19:40:07,2016-04-29 19:41:30,45.468008,5.931353,rock fall,,,,,10000.0,,,,,,,,,FR,OGSM,HHZ,0.0,45.609238,5.697216,532.0,RESIF,24.06556874991492,1.0,,,True,HHZ,100.0,True,7.703427468066983,False
246,"Mont Granier 2, France",2016-04-29 19:40:07,2016-04-29 19:41:30,45.468008,5.931353,rock fall,,,,,10000.0,,,,,,,,,MT,RES,HHZ,0.0,45.2341,5.7778,608.0,RESIF,28.643796227782595,1.0,,,True,HHZ,100.0,True,11.572376270082115,True
246,"Mont Granier 2, France",2016-04-29 19:40:07,2016-04-29 19:41:30,45.468008,5.931353,rock fall,,,,,10000.0,,,,,,,,,MT,FOR,HHZ,0.0,45.235205,5.761977,1337.0,RESIF,29.073852447252367,1.0,,,True,HHZ,100.0,True,10.45404645518406,True
246,"Mont Granier 2, France",2016-04-29 19:40:07,2016-04-29 19:41:30,45.468008,5.931353,rock fall,,,,,10000.0,,,,,,,,,FR,GRN,HHZ,0.0,45.2413,5.7439,1040.0,RESIF,29.15518093883072,1.0,,,True,HHZ,100.0,True,9.940501573134336,True
246,"Mont Granier 2, France",2016-04-29 19:40:07,2016-04-29 19:41:30,45.468008,5.931353,rock fall,,,,,10000.0,,,,,,,,,MT,MOL,HHZ,0.0,45.2295,5.7652,715.0,RESIF,29.52876584989358,1.0,,,True,HHZ,100.0,True,11.994753128637427,True
246,"Mont Granier 2, France",2016-04-29 19:40:07,2016-04-29 19:41:30,45.468008,5.931353,rock fall,,,,,10000.0,,,,,,,,,FR,OGGM,HHZ,0.0,45.205717,6.116735,1575.0,RESIF,32.56656903375571,1.0,,,True,HHZ,100.0,True,12.479585338408702,True
246,"Mont Granier 2, France",2016-04-29 19:40:07,2016-04-29 19:41:30,45.468008,5.931353,rock fall,,,,,10000.0,,,,,,,,,FR,OGS3,HHZ,0.0,45.06951,5.806072,1130.0,RESIF,45.38259479931217,1.0,,,True,HHZ,200.0,True,7.893573858707682,False
246,"Mont Granier 2, France",2016-04-29 19:40:07,2016-04-29 19:41:30,45.468008,5.931353,rock fall,,,,,10000.0,,,,,,,,,FR,OGS2,HHZ,0.0,45.064487,5.801324,1015.0,RESIF,46.00894290098187,1.0,,,True,HHZ,200.0,True,6.936165220505757,False
246,"Mont Granier 2, France",2016-04-29 19:40:07,2016-04-29 19:41:30,45.468008,5.931353,rock fall,,,,,10000.0,,,,,,,,,FR,OGMY,HHZ,0.0,45.881011,5.889317,656.0,RESIF,46.03982598585233,1.0,,,True,HHZ,100.0,True,6.542866172407435,False
246,"Mont Granier 2, France",2016-04-29 19:40:07,2016-04-29 19:41:30,45.468008,5.931353,rock fall,,,,,10000.0,,,,,,,,,FR,OGS1,HHZ,0.0,45.060788,5.80467,723.0,RESIF,46.35351276965603,1.0,,,True,HHZ,200.0,True,6.559046013273826,False
247,"Mont Granier 3, France",2016-04-30 05:47:14,2016-04-30 05:48:18,45.468008,5.931353,rock fall,,,,,10000.0,,,,,,,,,FR,OGSM,HHZ,0.0,45.609238,5.697216,532.0,RESIF,24.06556874991492,1.0,,,True,HHZ,100.0,True,6.048081649724918,False
247,"Mont Granier 3, France",2016-04-30 05:47:14,2016-04-30 05:48:18,45.468008,5.931353,rock fall,,,,,10000.0,,,,,,,,,MT,RES,HHZ,0.0,45.2341,5.7778,608.0,RESIF,28.643796227782595,1.0,,,True,HHZ,100.0,True,7.71140284205742,True
247,"Mont Granier 3, France",2016-04-30 05:47:14,2016-04-30 05:48:18,45.468008,5.931353,rock fall,,,,,10000.0,,,,,,,,,MT,FOR,HHZ,0.0,45.235205,5.761977,1337.0,RESIF,29.073852447252367,1.0,,,True,HHZ,100.0,True,8.521587317454172,True
247,"Mont Granier 3, France",2016-04-30 05:47:14,2016-04-30 05:48:18,45.468008,5.931353,rock fall,,,,,10000.0,,,,,,,,,FR,GRN,HHZ,0.0,45.2413,5.7439,1040.0,RESIF,29.15518093883072,1.0,,,True,HHZ,100.0,True,7.823139468326793,True
247,"Mont Granier 3, France",2016-04-30 05:47:14,2016-04-30 05:48:18,45.468008,5.931353,rock fall,,,,,10000.0,,,,,,,,,MT,MOL,HHZ,0.0,45.2295,5.7652,715.0,RESIF,29.52876584989358,1.0,,,True,HHZ,100.0,True,8.239616347348072,True
247,"Mont Granier 3, France",2016-04-30 05:47:14,2016-04-30 05:48:18,45.468008,5.931353,rock fall,,,,,10000.0,,,,,,,,,FR,OGGM,HHZ,0.0,45.205717,6.116735,1575.0,RESIF,32.56656903375571,1.0,,,True,HHZ,100.0,True,7.329805293096854,True
247,"Mont Granier 3, France",2016-04-30 05:47:14,2016-04-30 05:48:18,45.468008,5.931353,rock fall,,,,,10000.0,,,,,,,,,FR,OGS3,HHZ,0.0,45.06951,5.806072,1130.0,RESIF,45.38259479931217,1.0,,,True,HHZ,200.0,True,5.266417614544223,False
247,"Mont Granier 3, France",2016-04-30 05:47:14,2016-04-30 05:48:18,45.468008,5.931353,rock fall,,,,,10000.0,,,,,,,,,FR,OGMY,HHZ,0.0,45.881011,5.889317,656.0,RESIF,46.03982598585233,1.0,,,True,HHZ,100.0,True,5.0840741651849966,False
247,"Mont Granier 3, France",2016-04-30 05:47:14,2016-04-30 05:48:18,45.468008,5.931353,rock fall,,,,,10000.0,,,,,,,,,FR,OGS1,HHZ,0.0,45.060788,5.80467,723.0,RESIF,46.35351276965603,1.0,,,True,HHZ,200.0,True,5.275116927048351,False
247,"Mont Granier 3, France",2016-04-30 05:47:14,2016-04-30 05:48:18,45.468008,5.931353,rock fall,,,,,10000.0,,,,,,,,,YI,SG09,HHZ,0.0,45.651,6.5788,1569.0,RESIF,54.35883847773724,1.0,,,True,HHZ,200.0,True,3.973533344592904,False
248,"Pilier Bonatti 1, France",2011-09-11 08:15:01,2011-09-11 08:17:25,45.932444,6.955725,rock fall,,,,,,,,,,,,,,CH,EMV,HHZ,,46.06318,6.89883,2130.0,ETH,15.186987153843578,1.0,,,True,HHZ,120.0,True,9.476811291701123,False
248,"Pilier Bonatti 1, France",2011-09-11 08:15:01,2011-09-11 08:17:25,45.932444,6.955725,rock fall,,,,,,,,,,,,,,IV,MRGE,HHZ,,45.76975,7.06101,1660.0,INGV,19.843590980089232,1.0,,,True,HHZ,100.0,True,37.58358214455978,True
248,"Pilier Bonatti 1, France",2011-09-11 08:15:01,2011-09-11 08:17:25,45.932444,6.955725,rock fall,,,,,,,,,,,,,,CH,SALAN,HHZ,,46.14415,6.97302,1881.3,ETH,23.57845588538892,1.0,,,True,EHZ,120.0,True,17.918000591614888,True
248,"Pilier Bonatti 1, France",2011-09-11 08:15:01,2011-09-11 08:17:25,45.932444,6.955725,rock fall,,,,,,,,,,,,,,CH,GRYON,HHZ,,46.25053,7.11106,1282.0,ETH,37.34287681030408,1.0,,,True,EHZ,120.0,True,16.25089087992382,True
248,"Pilier Bonatti 1, France",2011-09-11 08:15:01,2011-09-11 08:17:25,45.932444,6.955725,rock fall,,,,,,,,,,,,,,CH,DIX,HHZ,,46.081053,7.408391,2370.2,ETH,38.66925709783716,1.0,,,True,HHZ,120.0,True,21.23447226267692,True
248,"Pilier Bonatti 1, France",2011-09-11 08:15:01,2011-09-11 08:17:25,45.932444,6.955725,rock fall,,,,,,,,,,,,,,CH,AIGLE,HHZ,,46.34176,6.95295,785.0,ETH,45.514364818019175,1.0,,,True,HHZ,120.0,True,9.302692291295449,False
248,"Pilier Bonatti 1, France",2011-09-11 08:15:01,2011-09-11 08:17:25,45.932444,6.955725,rock fall,,,,,,,,,,,,,,CH,NOV2,EHZ,,46.3718,6.87391,375.0,ETH,49.25896494691205,1.0,,,True,EHZ,200.0,True,6.861833582593341,False
248,"Pilier Bonatti 1, France",2011-09-11 08:15:01,2011-09-11 08:17:25,45.932444,6.955725,rock fall,,,,,,,,,,,,,,CH,NOV1,EHZ,,46.38875,6.81378,465.0,ETH,51.9032760479209,1.0,,,True,EHZ,200.0,True,9.469069678186552,False
248,"Pilier Bonatti 1, France",2011-09-11 08:15:01,2011-09-11 08:17:25,45.932444,6.955725,rock fall,,,,,,,,,,,,,,GU,LSD,HHZ,,45.4596,7.1339,2271.0,INGV,54.368364529254826,1.0,,,True,HHZ,100.0,True,16.38327529751299,True
248,"Pilier Bonatti 1, France",2011-09-11 08:15:01,2011-09-11 08:17:25,45.932444,6.955725,rock fall,,,,,,,,,,,,,,CH,SENIN,HHZ,,46.36335,7.29938,2019.6,"ETH,IRIS",54.74164863926834,1.0,,,True,HHZ,120.0,True,13.003318209033408,False
249,"Pilier Bonatti 2, France",2011-09-11 11:25:13,2011-09-11 11:26:32,45.932444,6.955725,rock fall,,,,,,,,,,,,,,IV,MRGE,HHZ,,45.76975,7.06101,1660.0,INGV,19.843590980089232,1.0,,,True,HHZ,100.0,True,11.944515524614124,True
249,"Pilier Bonatti 2, France",2011-09-11 11:25:13,2011-09-11 11:26:32,45.932444,6.955725,rock fall,,,,,,,,,,,,,,CH,SALAN,HHZ,,46.14415,6.97302,1881.3,ETH,23.57845588538892,1.0,,,True,EHZ,120.0,True,3.7093984059113017,False
249,"Pilier Bonatti 2, France",2011-09-11 11:25:13,2011-09-11 11:26:32,45.932444,6.955725,rock fall,,,,,,,,,,,,,,CH,GRYON,HHZ,,46.25053,7.11106,1282.0,ETH,37.34287681030408,1.0,,,True,EHZ,120.0,True,4.664552847955083,True
249,"Pilier Bonatti 2, France",2011-09-11 11:25:13,2011-09-11 11:26:32,45.932444,6.955725,rock fall,,,,,,,,,,,,,,CH,DIX,HHZ,,46.081053,7.408391,2370.2,ETH,38.66925709783716,1.0,,,True,HHZ,120.0,True,4.870461354203054,True
249,"Pilier Bonatti 2, France",2011-09-11 11:25:13,2011-09-11 11:26:32,45.932444,6.955725,rock fall,,,,,,,,,,,,,,GU,LSD,HHZ,,45.4596,7.1339,2271.0,INGV,54.368364529254826,1.0,,,True,HHZ,100.0,True,4.571189751507775,True
249,"Pilier Bonatti 2, France",2011-09-11 11:25:13,2011-09-11 11:26:32,45.932444,6.955725,rock fall,,,,,,,,,,,,,,CH,SENIN,HHZ,,46.36335,7.29938,2019.6,"ETH,IRIS",54.74164863926834,1.0,,,True,HHZ,120.0,True,3.8073859274933537,True
249,"Pilier Bonatti 2, France",2011-09-11 11:25:13,2011-09-11 11:26:32,45.932444,6.955725,rock fall,,,,,,,,,,,,,,GU,RSP,HHZ,,45.1482,7.2649,1265.0,INGV,90.46708667183984,1.0,,,True,HHZ,100.0,True,3.306575395541992,False
249,"Pilier Bonatti 2, France",2011-09-11 11:25:13,2011-09-11 11:26:32,45.932444,6.955725,rock fall,,,,,,,,,,,,,,CH,WIMIS,HHZ,,46.66488,7.62418,770.0,ETH,96.280965944981,1.0,,,True,HHZ,120.0,True,2.9657834268198986,False
250,"Kärpf 3, Switzerland",2008-08-16 12:11:32,2008-08-16 12:12:12,46.916356,9.088073,rock fall,,,,,3000.0,2400.0,3600.0,,,,130.0,,,CH,LLS,HHZ,,46.84676,9.00825,1860.0,ETH,9.833281367934193,1.0,,,True,HHZ,120.0,True,5.866877276338255,True
251,"Kärpf 4, Switzerland",2010-09-12 10:54:02,2010-09-12 10:54:31,46.916356,9.088073,rock fall,,,,,3000.0,2400.0,3600.0,,,,130.0,,,CH,LLS,HHZ,,46.84676,9.00825,1860.0,ETH,9.833281367934193,1.0,,,True,HHZ,120.0,True,7.4979580820370915,True
251,"Kärpf 4, Switzerland",2010-09-12 10:54:02,2010-09-12 10:54:31,46.916356,9.088073,rock fall,,,,,3000.0,2400.0,3600.0,,,,130.0,,,CH,PLONS,HHZ,,47.04921,9.38076,1022.0,ETH,26.66840839390653,1.0,,,True,HHZ,120.0,True,4.269688667661521,True
252,"Saint Auban, France",2017-05-30 18:52:05,2017-05-30 18:54:27,43.85,6.7,landslide,,,,,,,,,,,,,,FR,CALF,HHZ,0.0,43.7528,6.9218,1242.0,RESIF,20.862,1.0,,,True,HHZ,100.0,True,4.870061159199134,False
252,"Saint Auban, France",2017-05-30 18:52:05,2017-05-30 18:54:27,43.85,6.7,landslide,,,,,,,,,,,,,,FR,CALF,BHZ,1.0,43.7528,6.9218,1242.0,RESIF,20.862,1.0,,,True,HHZ,100.0,True,4.870061159199134,False
252,"Saint Auban, France",2017-05-30 18:52:05,2017-05-30 18:54:27,43.85,6.7,landslide,,,,,,,,,,,,,,FR,TRIGF,HHZ,0.0,43.7471,6.4074,1010.0,RESIF,26.176,1.0,,,True,HHZ,100.0,True,9.137369619726533,True
252,"Saint Auban, France",2017-05-30 18:52:05,2017-05-30 18:54:27,43.85,6.7,landslide,,,,,,,,,,,,,,FR,ENAUX,HHZ,0.0,44.1095,6.7775,1350.0,RESIF,29.496,1.0,,,True,HHZ,100.0,True,6.069942279363107,False
252,"Saint Auban, France",2017-05-30 18:52:05,2017-05-30 18:54:27,43.85,6.7,landslide,,,,,,,,,,,,,,FR,MVIF,HHZ,0.0,43.896,7.153,1480.0,RESIF,36.768,1.0,,,True,HHZ,100.0,True,9.94447729407265,True
252,"Saint Auban, France",2017-05-30 18:52:05,2017-05-30 18:54:27,43.85,6.7,landslide,,,,,,,,,,,,,,FR,ISO,HHZ,0.0,44.184,7.05,910.0,RESIF,46.528,1.0,,,True,HHZ,100.0,True,7.024959670321286,True
252,"Saint Auban, France",2017-05-30 18:52:05,2017-05-30 18:54:27,43.85,6.7,landslide,,,,,,,,,,,,,,FR,ISO,BHZ,1.0,44.184,7.05,910.0,RESIF,46.528,1.0,,,True,HHZ,100.0,True,7.024959670321286,False
252,"Saint Auban, France",2017-05-30 18:52:05,2017-05-30 18:54:27,43.85,6.7,landslide,,,,,,,,,,,,,,FR,OGDI,HHZ,0.0,44.1093,6.2253,770.0,RESIF,47.757,1.0,,,True,HHZ,100.0,True,7.156859688803756,True
252,"Saint Auban, France",2017-05-30 18:52:05,2017-05-30 18:54:27,43.85,6.7,landslide,,,,,,,,,,,,,,FR,EILF,HHZ,0.0,43.5479,7.1312,30.0,RESIF,48.32,1.0,,,True,HHZ,100.0,True,3.6153205066391223,False
252,"Saint Auban, France",2017-05-30 18:52:05,2017-05-30 18:54:27,43.85,6.7,landslide,,,,,,,,,,,,,,FR,SPIF,HHZ,0.0,44.0558,7.2366,1380.0,RESIF,48.766,1.0,,,True,HHZ,100.0,True,8.619654767735703,True
253,"Lunersee, Austria",2021-05-17 19:38:13,2021-05-17 19:39:31,47.060111,9.744017,rock fall,,,,,30000.0,,,,,,,,,OE,DAVA,HHZ,,47.286701,9.8803,1602.0,"ORFEUS,IRIS",27.19098450915064,1.0,,,True,HHZ,100.0,True,14.522001888011012,True
253,"Lunersee, Austria",2021-05-17 19:38:13,2021-05-17 19:39:31,47.060111,9.744017,rock fall,,,,,30000.0,,,,,,,,,CH,PLONS,HHZ,,47.04921,9.38076,1022.0,ETH,27.58932171655793,1.0,,,True,HHZ,200.0,True,8.190995727295677,True
253,"Lunersee, Austria",2021-05-17 19:38:13,2021-05-17 19:39:31,47.060111,9.744017,rock fall,,,,,30000.0,,,,,,,,,CH,DAVOX,HHZ,,46.7805,9.87952,1830.0,ETH,32.75017713201684,1.0,,,True,HHZ,200.0,True,19.02785832369754,True
253,"Lunersee, Austria",2021-05-17 19:38:13,2021-05-17 19:39:31,47.060111,9.744017,rock fall,,,,,30000.0,,,,,,,,,AM,R3EDD,EHZ,0.0,46.7797,10.1692,1704.0,RASPISHAKE,44.867330099324064,1.0,,,False,,,False,0.0,False
253,"Lunersee, Austria",2021-05-17 19:38:13,2021-05-17 19:39:31,47.060111,9.744017,rock fall,,,,,30000.0,,,,,,,,,CH,PANIX,HHZ,,46.825743,9.111708,1433.0,ETH,54.664302143484186,1.0,,,True,HHZ,200.0,True,3.465089504568512,False
253,"Lunersee, Austria",2021-05-17 19:38:13,2021-05-17 19:39:31,47.060111,9.744017,rock fall,,,,,30000.0,,,,,,,,,BW,OBER,EHZ,,47.406963,10.293358,896.0,LMU,56.59647533172631,1.0,,,True,EHZ,200.0,True,3.653381024256495,False
253,"Lunersee, Austria",2021-05-17 19:38:13,2021-05-17 19:39:31,47.060111,9.744017,rock fall,,,,,30000.0,,,,,,,,,CH,WGT,HHZ,,47.09838,8.92525,913.9,ETH,62.18606258950685,1.0,,,True,HHZ,200.0,True,3.876098809608609,True
253,"Lunersee, Austria",2021-05-17 19:38:13,2021-05-17 19:39:31,47.060111,9.744017,rock fall,,,,,30000.0,,,,,,,,,MN,TUE,BHZ,,46.47223,9.34732,1924.0,"IRIS,INGV",72.0451366221373,1.0,,,True,HHZ,100.0,True,4.178516685060361,True
253,"Lunersee, Austria",2021-05-17 19:38:13,2021-05-17 19:39:31,47.060111,9.744017,rock fall,,,,,30000.0,,,,,,,,,CH,WILA,HHZ,,47.41483,8.9077,853.0,ETH,74.47488434438291,1.0,,,True,HHZ,200.0,True,3.765853725142863,False
253,"Lunersee, Austria",2021-05-17 19:38:13,2021-05-17 19:39:31,47.060111,9.744017,rock fall,,,,,30000.0,,,,,,,,,OE,FETA,HHZ,,47.0211,10.7291,1632.0,ORFEUS,74.73016363465972,1.0,,,True,HHZ,100.0,True,3.520653281586411,False
254,"Val Canaria, Switzerland",2009-10-27 06:29:41,2009-10-27 06:30:56,46.5367,8.6418,rock slide,,,,,398000.0,365000.0,430000.0,,,,250.0,,,CH,FUSIO,HHZ,,46.45481,8.6629,1460.0,ETH,9.246,1.0,,,True,HHZ,120.0,True,16.766859381965933,True
254,"Val Canaria, Switzerland",2009-10-27 06:29:41,2009-10-27 06:30:56,46.5367,8.6418,rock slide,,,,,398000.0,365000.0,430000.0,,,,250.0,,,CH,BNALP,HHZ,,46.87034,8.4249,1549.0,ETH,40.629,1.0,,,True,HHZ,120.0,True,5.130598652004838,True
254,"Val Canaria, Switzerland",2009-10-27 06:29:41,2009-10-27 06:30:56,46.5367,8.6418,rock slide,,,,,398000.0,365000.0,430000.0,,,,250.0,,,CH,HASLI,HHZ,,46.75681,8.15117,1280.0,"ETH,IRIS",44.827,1.0,,,True,HHZ,120.0,True,3.573459495710365,True
254,"Val Canaria, Switzerland",2009-10-27 06:29:41,2009-10-27 06:30:56,46.5367,8.6418,rock slide,,,,,398000.0,365000.0,430000.0,,,,250.0,,,CH,MUO,HHZ,,46.96765,8.63706,1920.0,ETH,47.908,1.0,,,True,HHZ,120.0,True,3.226366000447246,False
254,"Val Canaria, Switzerland",2009-10-27 06:29:41,2009-10-27 06:30:56,46.5367,8.6418,rock slide,,,,,398000.0,365000.0,430000.0,,,,250.0,,,MN,TUE,BHZ,,46.47223,9.34732,1924.0,"IRIS,INGV",54.625,1.0,,,True,HHZ,100.0,True,3.4995696521009423,True
254,"Val Canaria, Switzerland",2009-10-27 06:29:41,2009-10-27 06:30:56,46.5367,8.6418,rock slide,,,,,398000.0,365000.0,430000.0,,,,250.0,,,CH,VDL,HHZ,,46.48311,9.44933,1927.75,ETH,62.262,1.0,,,True,HHZ,120.0,True,3.27676255031001,True
255,"Vicosoprano, Switzerland",2002-07-13 13:02:23,2002-07-13 13:04:37,46.340378,9.632916,rock slide,,,,,50000.0,40000.0,60000.0,,,,1000.0,,,CH,VDL,HHZ,,46.48311,9.44933,1927.75,ETH,21.207069469002604,1.0,,,True,HHZ,120.0,True,5.021971890551698,False
255,"Vicosoprano, Switzerland",2002-07-13 13:02:23,2002-07-13 13:04:37,46.340378,9.632916,rock slide,,,,,50000.0,40000.0,60000.0,,,,1000.0,,,CH,BERNI,HHZ,,46.413636,10.023095,2311.0,ETH,31.020984772866942,1.0,,,True,HHZ,120.0,True,10.57330207241042,True
255,"Vicosoprano, Switzerland",2002-07-13 13:02:23,2002-07-13 13:04:37,46.340378,9.632916,rock slide,,,,,50000.0,40000.0,60000.0,,,,1000.0,,,CH,FUORN,HHZ,,46.620334,10.26352,2286.0,"ETH,IRIS",57.44954515146684,1.0,,,True,HHZ,120.0,True,7.43912339932575,True
255,"Vicosoprano, Switzerland",2002-07-13 13:02:23,2002-07-13 13:04:37,46.340378,9.632916,rock slide,,,,,50000.0,40000.0,60000.0,,,,1000.0,,,CH,MUGIO,HHZ,,45.92184,9.04171,924.0,"ETH,IRIS",65.1258735379086,1.0,,,True,HHZ,120.0,True,5.082257307612571,False
255,"Vicosoprano, Switzerland",2002-07-13 13:02:23,2002-07-13 13:04:37,46.340378,9.632916,rock slide,,,,,50000.0,40000.0,60000.0,,,,1000.0,,,CH,LLS,HHZ,,46.84676,9.00825,1860.0,ETH,73.81476467173526,1.0,,,True,HHZ,120.0,True,4.965528447072719,False
255,"Vicosoprano, Switzerland",2002-07-13 13:02:23,2002-07-13 13:04:37,46.340378,9.632916,rock slide,,,,,50000.0,40000.0,60000.0,,,,1000.0,,,CH,PLONS,HHZ,,47.04921,9.38076,1022.0,ETH,81.13060835576563,1.0,,,True,HHZ,120.0,True,3.2603669427423685,False
255,"Vicosoprano, Switzerland",2002-07-13 13:02:23,2002-07-13 13:04:37,46.340378,9.632916,rock slide,,,,,50000.0,40000.0,60000.0,,,,1000.0,,,CH,MUO,HHZ,,46.96765,8.63706,1920.0,ETH,103.15958044949062,1.0,,,True,HHZ,120.0,True,5.777448887394892,True
255,"Vicosoprano, Switzerland",2002-07-13 13:02:23,2002-07-13 13:04:37,46.340378,9.632916,rock slide,,,,,50000.0,40000.0,60000.0,,,,1000.0,,,CH,BNALP,HHZ,,46.87034,8.4249,1549.0,ETH,109.49226561626487,1.0,,,True,HHZ,120.0,True,5.972416193107156,True
255,"Vicosoprano, Switzerland",2002-07-13 13:02:23,2002-07-13 13:04:37,46.340378,9.632916,rock slide,,,,,50000.0,40000.0,60000.0,,,,1000.0,,,CH,HASLI,HHZ,,46.75681,8.15117,1280.0,"ETH,IRIS",122.40726800930464,1.0,,,True,HHZ,120.0,True,6.660330926224721,True
255,"Vicosoprano, Switzerland",2002-07-13 13:02:23,2002-07-13 13:04:37,46.340378,9.632916,rock slide,,,,,50000.0,40000.0,60000.0,,,,1000.0,,,CH,WILA,HHZ,,47.41483,8.9077,853.0,ETH,131.57511931392278,1.0,,,True,HHZ,120.0,True,4.33258771608132,False
256,"Aiguille Dru 1, France",2005-06-30 01:23:05,2005-06-30 01:27:36,45.93265,6.952383,rock fall,,,,,265000.0,212000.0,318000.0,,,,1280.0,,,CH,EMV,HHZ,,46.06318,6.89883,2130.0,ETH,15.092269098314064,1.0,1.0,,True,HHZ,120.0,True,21.03526028311476,True
256,"Aiguille Dru 1, France",2005-06-30 01:23:05,2005-06-30 01:27:36,45.93265,6.952383,rock fall,,,,,265000.0,212000.0,318000.0,,,,1280.0,,,CH,SALAN,HHZ,,46.14415,6.97302,1881.3,ETH,23.57161320371329,1.0,,,True,EHZ,120.0,True,29.88046489255129,True
256,"Aiguille Dru 1, France",2005-06-30 01:23:05,2005-06-30 01:27:36,45.93265,6.952383,rock fall,,,,,265000.0,212000.0,318000.0,,,,1280.0,,,CH,GRYON,HHZ,,46.25053,7.11106,1282.0,ETH,37.40468671451105,1.0,,,True,EHZ,120.0,True,22.882969188741622,True
256,"Aiguille Dru 1, France",2005-06-30 01:23:05,2005-06-30 01:27:36,45.93265,6.952383,rock fall,,,,,265000.0,212000.0,318000.0,,,,1280.0,,,CH,DIX,HHZ,,46.081053,7.408391,2370.2,ETH,38.89298740008213,1.0,,,True,HHZ,120.0,True,28.480284276351263,True
256,"Aiguille Dru 1, France",2005-06-30 01:23:05,2005-06-30 01:27:36,45.93265,6.952383,rock fall,,,,,265000.0,212000.0,318000.0,,,,1280.0,,,CH,AIGLE,HHZ,,46.34176,6.95295,785.0,ETH,45.49097741719117,1.0,1.0,,True,HHZ,120.0,True,11.97175978733747,False
256,"Aiguille Dru 1, France",2005-06-30 01:23:05,2005-06-30 01:27:36,45.93265,6.952383,rock fall,,,,,265000.0,212000.0,318000.0,,,,1280.0,,,CH,SENIN,HHZ,,46.36335,7.29938,2019.6,"ETH,IRIS",54.84658926828159,1.0,1.0,,True,HHZ,120.0,True,19.58615480361841,True
256,"Aiguille Dru 1, France",2005-06-30 01:23:05,2005-06-30 01:27:36,45.93265,6.952383,rock fall,,,,,265000.0,212000.0,318000.0,,,,1280.0,,,Y4,BES,BHZ,0.0,45.3233,7.02139,1755.0,RESIF,67.96876882387811,1.0,1.0,,True,BHZ,62.5,True,15.673416284538764,False
256,"Aiguille Dru 1, France",2005-06-30 01:23:05,2005-06-30 01:27:36,45.93265,6.952383,rock fall,,,,,265000.0,212000.0,318000.0,,,,1280.0,,,CH,LKBD,EHZ,,46.38703,7.62714,1550.0,ETH,72.48079340571974,1.0,,,True,EHZ,120.0,True,15.304395129668764,False
256,"Aiguille Dru 1, France",2005-06-30 01:23:05,2005-06-30 01:27:36,45.93265,6.952383,rock fall,,,,,265000.0,212000.0,318000.0,,,,1280.0,,,CH,MMK,HHZ,,46.0507,7.96409,2200.0,ETH,79.25257019320418,1.0,1.0,,True,HHZ,120.0,True,14.768487530903847,False
256,"Aiguille Dru 1, France",2005-06-30 01:23:05,2005-06-30 01:27:36,45.93265,6.952383,rock fall,,,,,265000.0,212000.0,318000.0,,,,1280.0,,,CH,GIMEL,HHZ,,46.53364,6.26545,1094.0,ETH,85.19043818090252,1.0,1.0,,True,HHZ,120.0,True,11.00567674431254,False
257,"Formazza 1, Italy",2009-04-19 09:05:31,2009-04-19 09:08:23,46.380004,8.439971,rock slide,,,,,175000.0,140000.0,210000.0,,,,720.0,,,CH,FUSIO,HHZ,,46.45481,8.6629,1460.0,ETH,19.049,1.0,1.0,,True,HHZ,120.0,True,52.21106149170587,True
257,"Formazza 1, Italy",2009-04-19 09:05:31,2009-04-19 09:08:23,46.380004,8.439971,rock slide,,,,,175000.0,140000.0,210000.0,,,,720.0,,,CH,HASLI,HHZ,,46.75681,8.15117,1280.0,"ETH,IRIS",47.378,1.0,1.0,,True,HHZ,120.0,True,14.069826068246826,False
257,"Formazza 1, Italy",2009-04-19 09:05:31,2009-04-19 09:08:23,46.380004,8.439971,rock slide,,,,,175000.0,140000.0,210000.0,,,,720.0,,,CH,MMK,HHZ,,46.0507,7.96409,2200.0,ETH,51.848,1.0,0.0,,True,HHZ,120.0,True,15.262928277390769,False
257,"Formazza 1, Italy",2009-04-19 09:05:31,2009-04-19 09:08:23,46.380004,8.439971,rock slide,,,,,175000.0,140000.0,210000.0,,,,720.0,,,CH,BNALP,HHZ,,46.87034,8.4249,1549.0,ETH,54.52,1.0,1.0,,True,HHZ,120.0,True,18.006101418807795,True
257,"Formazza 1, Italy",2009-04-19 09:05:31,2009-04-19 09:08:23,46.380004,8.439971,rock slide,,,,,175000.0,140000.0,210000.0,,,,720.0,,,CH,LKBD,EHZ,,46.38703,7.62714,1550.0,ETH,62.533,1.0,,,True,EHZ,120.0,True,14.223823999041889,False
257,"Formazza 1, Italy",2009-04-19 09:05:31,2009-04-19 09:08:23,46.380004,8.439971,rock slide,,,,,175000.0,140000.0,210000.0,,,,720.0,,,CH,MUO,HHZ,,46.96765,8.63706,1920.0,ETH,67.043,1.0,1.0,,True,HHZ,120.0,True,13.191492991051604,False
257,"Formazza 1, Italy",2009-04-19 09:05:31,2009-04-19 09:08:23,46.380004,8.439971,rock slide,,,,,175000.0,140000.0,210000.0,,,,720.0,,,CH,LLS,HHZ,,46.84676,9.00825,1860.0,ETH,67.728,1.0,,,True,HHZ,120.0,True,19.67965667144504,True
257,"Formazza 1, Italy",2009-04-19 09:05:31,2009-04-19 09:08:23,46.380004,8.439971,rock slide,,,,,175000.0,140000.0,210000.0,,,,720.0,,,CH,MUGIO,HHZ,,45.92184,9.04171,924.0,"ETH,IRIS",68.952,1.0,1.0,,True,HHZ,120.0,True,15.13756592991812,False
257,"Formazza 1, Italy",2009-04-19 09:05:31,2009-04-19 09:08:23,46.380004,8.439971,rock slide,,,,,175000.0,140000.0,210000.0,,,,720.0,,,CH,WIMIS,HHZ,,46.66488,7.62418,770.0,ETH,70.15,1.0,1.0,,True,HHZ,120.0,True,15.709266167494096,True
257,"Formazza 1, Italy",2009-04-19 09:05:31,2009-04-19 09:08:23,46.380004,8.439971,rock slide,,,,,175000.0,140000.0,210000.0,,,,720.0,,,CH,VDL,HHZ,,46.48311,9.44933,1927.75,ETH,78.42,1.0,1.0,,True,HHZ,120.0,True,16.7287234840945,True
258,"Formazza 3, Italy",2009-04-19 21:43:55,2009-04-19 21:47:20,46.380004,8.439971,rock slide,,,,,180000.0,144000.0,216000.0,,,,700.0,,,CH,FUSIO,HHZ,,46.45481,8.6629,1460.0,ETH,19.049,1.0,,,True,HHZ,120.0,True,68.93937248225005,True
258,"Formazza 3, Italy",2009-04-19 21:43:55,2009-04-19 21:47:20,46.380004,8.439971,rock slide,,,,,180000.0,144000.0,216000.0,,,,700.0,,,CH,HASLI,HHZ,,46.75681,8.15117,1280.0,"ETH,IRIS",47.378,1.0,,,True,HHZ,120.0,True,19.79982668393713,True
258,"Formazza 3, Italy",2009-04-19 21:43:55,2009-04-19 21:47:20,46.380004,8.439971,rock slide,,,,,180000.0,144000.0,216000.0,,,,700.0,,,CH,MMK,HHZ,,46.0507,7.96409,2200.0,ETH,51.848,1.0,,,True,HHZ,120.0,True,13.359545883247597,False
258,"Formazza 3, Italy",2009-04-19 21:43:55,2009-04-19 21:47:20,46.380004,8.439971,rock slide,,,,,180000.0,144000.0,216000.0,,,,700.0,,,CH,BNALP,HHZ,,46.87034,8.4249,1549.0,ETH,54.52,1.0,,,True,HHZ,120.0,True,23.50020175377971,True
258,"Formazza 3, Italy",2009-04-19 21:43:55,2009-04-19 21:47:20,46.380004,8.439971,rock slide,,,,,180000.0,144000.0,216000.0,,,,700.0,,,CH,LKBD,EHZ,,46.38703,7.62714,1550.0,ETH,62.533,1.0,,,True,EHZ,120.0,True,17.777860711597377,False
258,"Formazza 3, Italy",2009-04-19 21:43:55,2009-04-19 21:47:20,46.380004,8.439971,rock slide,,,,,180000.0,144000.0,216000.0,,,,700.0,,,CH,MUO,HHZ,,46.96765,8.63706,1920.0,ETH,67.043,1.0,,,True,HHZ,120.0,True,18.08267648887236,False
258,"Formazza 3, Italy",2009-04-19 21:43:55,2009-04-19 21:47:20,46.380004,8.439971,rock slide,,,,,180000.0,144000.0,216000.0,,,,700.0,,,CH,LLS,HHZ,,46.84676,9.00825,1860.0,ETH,67.728,1.0,,,True,HHZ,120.0,True,20.492773103240776,True
258,"Formazza 3, Italy",2009-04-19 21:43:55,2009-04-19 21:47:20,46.380004,8.439971,rock slide,,,,,180000.0,144000.0,216000.0,,,,700.0,,,CH,MUGIO,HHZ,,45.92184,9.04171,924.0,"ETH,IRIS",68.952,1.0,,,True,HHZ,120.0,True,23.987366553173214,True
258,"Formazza 3, Italy",2009-04-19 21:43:55,2009-04-19 21:47:20,46.380004,8.439971,rock slide,,,,,180000.0,144000.0,216000.0,,,,700.0,,,CH,WIMIS,HHZ,,46.66488,7.62418,770.0,ETH,70.15,1.0,,,True,HHZ,120.0,True,16.931632310176475,False
258,"Formazza 3, Italy",2009-04-19 21:43:55,2009-04-19 21:47:20,46.380004,8.439971,rock slide,,,,,180000.0,144000.0,216000.0,,,,700.0,,,CH,VDL,HHZ,,46.48311,9.44933,1927.75,ETH,78.42,1.0,,,True,HHZ,120.0,True,18.851716516115868,False
259,Isanotski,2019-09-27 03:10:52,2019-09-27 03:11:49,54.7576,-163.7315,landslide,,,,,,,,,,,,,,AV,SSLS,BHZ,,54.7111,-164.0008,817.0,IRIS,18.103,1.0,,,False,,,False,0.0,False
259,Isanotski,2019-09-27 03:10:52,2019-09-27 03:11:49,54.7576,-163.7315,landslide,,,,,,,,,,,,,,AV,SSLN,BHZ,,54.8109,-163.9979,637.0,IRIS,18.137,1.0,,,False,,,False,0.0,False
259,Isanotski,2019-09-27 03:10:52,2019-09-27 03:11:49,54.7576,-163.7315,landslide,,,,,,,,,,,,,,AK,FALS,BHZ,,54.8564,-163.4175,45.7,IRIS,22.992,1.0,,,False,,,False,0.0,False
259,Isanotski,2019-09-27 03:10:52,2019-09-27 03:11:49,54.7576,-163.7315,landslide,,,,,,,,,,,,,,AV,SSBA,BHZ,,54.7718,-164.1265,766.0,IRIS,25.474,1.0,,,False,,,False,0.0,False
259,Isanotski,2019-09-27 03:10:52,2019-09-27 03:11:49,54.7576,-163.7315,landslide,,,,,,,,,,,,,,AV,DT1,BHZ,,55.1062,-162.2801,198.0,IRIS,100.805,1.0,,,False,,,False,0.0,False
259,Isanotski,2019-09-27 03:10:52,2019-09-27 03:11:49,54.7576,-163.7315,landslide,,,,,,,,,,,,,,AV,DOL,BHZ,,55.1488,-161.8638,439.0,IRIS,127.334,1.0,,,False,,,False,0.0,False
260,"Mont Granier 4, France",2016-05-07 06:32:26,2016-05-07 06:33:57,45.468008,5.931353,rock fall,,,,,50000.0,,,,,,,,,FR,OGSM,HHZ,00,45.609238,5.697216,532.0,RESIF,24.1,1.0,,,True,HHZ,100.0,True,10.658534343785282,False
260,"Mont Granier 4, France",2016-05-07 06:32:26,2016-05-07 06:33:57,45.468008,5.931353,rock fall,,,,,50000.0,,,,,,,,,MT,RES,HHZ,00,45.2341,5.7778,608.0,RESIF,28.646,1.0,,,True,HHZ,100.0,True,14.785853057426154,True
260,"Mont Granier 4, France",2016-05-07 06:32:26,2016-05-07 06:33:57,45.468008,5.931353,rock fall,,,,,50000.0,,,,,,,,,MT,FOR,HHZ,00,45.235205,5.761977,1337.0,RESIF,29.079,1.0,,,True,HHZ,100.0,True,11.62528183024946,True
260,"Mont Granier 4, France",2016-05-07 06:32:26,2016-05-07 06:33:57,45.468008,5.931353,rock fall,,,,,50000.0,,,,,,,,,FR,GRN,HHZ,00,45.2413,5.7439,1040.0,RESIF,29.165,1.0,,,True,HHZ,100.0,True,15.799128249480283,True
260,"Mont Granier 4, France",2016-05-07 06:32:26,2016-05-07 06:33:57,45.468008,5.931353,rock fall,,,,,50000.0,,,,,,,,,MT,MOL,HHZ,00,45.2295,5.7652,715.0,RESIF,29.533,1.0,,,True,HHZ,100.0,True,14.803324892674611,True
260,"Mont Granier 4, France",2016-05-07 06:32:26,2016-05-07 06:33:57,45.468008,5.931353,rock fall,,,,,50000.0,,,,,,,,,FR,OGVG,HHZ,00,44.81517,6.11233,1090.0,RESIF,73.936,1.0,,,True,HHZ,100.0,True,11.34765072396942,True
260,"Mont Granier 4, France",2016-05-07 06:32:26,2016-05-07 06:33:57,45.468008,5.931353,rock fall,,,,,50000.0,,,,,,,,,FR,OG02,HHZ,00,46.154234,6.220211,606.0,RESIF,79.508,1.0,,,True,HHZ,100.0,True,7.479832256483821,False
260,"Mont Granier 4, France",2016-05-07 06:32:26,2016-05-07 06:33:57,45.468008,5.931353,rock fall,,,,,50000.0,,,,,,,,,FR,OGAG,HHZ,00,44.78784,6.539745,1280.0,RESIF,89.468,1.0,,,True,HHZ,100.0,True,8.269565354592629,False
260,"Mont Granier 4, France",2016-05-07 06:32:26,2016-05-07 06:33:57,45.468008,5.931353,rock fall,,,,,50000.0,,,,,,,,,FR,OGCB,HHZ,00,44.850189,5.096617,781.0,RESIF,94.984,1.0,,,True,HHZ,100.0,True,8.413440944725128,False
260,"Mont Granier 4, France",2016-05-07 06:32:26,2016-05-07 06:33:57,45.468008,5.931353,rock fall,,,,,50000.0,,,,,,,,,CH,SALAN,EHZ,,46.14415,6.97302,1881.3,ETH,110.471,1.0,,,True,EHZ,120.0,True,8.099073309315052,False
261,"Formazza 2, Italy",2009-04-19 21:36:02,2009-04-19 21:37:50,46.380004,8.439971,rock slide,,,,,90000.0,72000.0,108000.0,,,,490.0,,,CH,FUSIO,HHZ,,46.45481,8.6629,1460.0,ETH,19.049,1.0,1.0,,True,HHZ,120.0,True,10.830742870536474,True
261,"Formazza 2, Italy",2009-04-19 21:36:02,2009-04-19 21:37:50,46.380004,8.439971,rock slide,,,,,90000.0,72000.0,108000.0,,,,490.0,,,CH,FUSIO,BHZ,,46.45481,8.6629,1460.0,ETH,19.049,1.0,1.0,,True,HHZ,120.0,True,10.830742870536474,True
261,"Formazza 2, Italy",2009-04-19 21:36:02,2009-04-19 21:37:50,46.380004,8.439971,rock slide,,,,,90000.0,72000.0,108000.0,,,,490.0,,,CH,HASLI,HHZ,,46.75681,8.15117,1280.0,"ETH,IRIS",47.378,1.0,1.0,,True,HHZ,120.0,True,8.54273226374837,True
261,"Formazza 2, Italy",2009-04-19 21:36:02,2009-04-19 21:37:50,46.380004,8.439971,rock slide,,,,,90000.0,72000.0,108000.0,,,,490.0,,,CH,HASLI,BHZ,,46.75681,8.15117,1280.0,"ETH,IRIS",47.378,1.0,1.0,,True,HHZ,120.0,True,8.54273226374837,True
261,"Formazza 2, Italy",2009-04-19 21:36:02,2009-04-19 21:37:50,46.380004,8.439971,rock slide,,,,,90000.0,72000.0,108000.0,,,,490.0,,,CH,MMK,BHZ,,46.0507,7.96409,2200.0,ETH,51.848,1.0,,,True,HHZ,120.0,True,5.448867807690336,False
261,"Formazza 2, Italy",2009-04-19 21:36:02,2009-04-19 21:37:50,46.380004,8.439971,rock slide,,,,,90000.0,72000.0,108000.0,,,,490.0,,,CH,MMK,HHZ,,46.0507,7.96409,2200.0,ETH,51.848,1.0,,,True,HHZ,120.0,True,5.448867807690336,False
261,"Formazza 2, Italy",2009-04-19 21:36:02,2009-04-19 21:37:50,46.380004,8.439971,rock slide,,,,,90000.0,72000.0,108000.0,,,,490.0,,,CH,BNALP,BHZ,,46.87034,8.4249,1549.0,"ETH,IRIS",54.52,1.0,,,True,HHZ,120.0,True,7.999304749182042,True
261,"Formazza 2, Italy",2009-04-19 21:36:02,2009-04-19 21:37:50,46.380004,8.439971,rock slide,,,,,90000.0,72000.0,108000.0,,,,490.0,,,CH,BNALP,HHZ,,46.87034,8.4249,1549.0,ETH,54.52,1.0,,,True,HHZ,120.0,True,7.999304749182042,False
261,"Formazza 2, Italy",2009-04-19 21:36:02,2009-04-19 21:37:50,46.380004,8.439971,rock slide,,,,,90000.0,72000.0,108000.0,,,,490.0,,,CH,LKBD,EHZ,,46.38703,7.62714,1550.0,ETH,62.533,1.0,,,True,EHZ,120.0,True,7.214766050679699,False
261,"Formazza 2, Italy",2009-04-19 21:36:02,2009-04-19 21:37:50,46.380004,8.439971,rock slide,,,,,90000.0,72000.0,108000.0,,,,490.0,,,CH,MUO,BHZ,,46.96765,8.63706,1920.0,ETH,67.043,1.0,,,True,HHZ,120.0,True,6.339848309506428,False
262,"Cable Mountain, Zion National Park",2019-08-24 23:48:20,2019-08-24 23:51:21,37.26797,-112.93424,rock avalanche,,,,,12000.0,10200.0,13800.0,28000000.0,23800000.0,32200000.0,610.0,,,UU,KNB,HHZ,01,37.0166,-112.822,1715.0,IRIS,29.626,1.0,,,False,,,False,0.0,False
262,"Cable Mountain, Zion National Park",2019-08-24 23:48:20,2019-08-24 23:51:21,37.26797,-112.93424,rock avalanche,,,,,12000.0,10200.0,13800.0,28000000.0,23800000.0,32200000.0,610.0,,,UU,SZCU,HHZ,01,37.5954,-113.0875,2026.0,IRIS,38.789,1.0,,,False,,,False,0.0,False
262,"Cable Mountain, Zion National Park",2019-08-24 23:48:20,2019-08-24 23:51:21,37.26797,-112.93424,rock avalanche,,,,,12000.0,10200.0,13800.0,28000000.0,23800000.0,32200000.0,610.0,,,UU,LCMT,HHZ,01,37.0118,-113.2439,1411.0,IRIS,39.563,1.0,,,False,,,False,0.0,False
262,"Cable Mountain, Zion National Park",2019-08-24 23:48:20,2019-08-24 23:51:21,37.26797,-112.93424,rock avalanche,,,,,12000.0,10200.0,13800.0,28000000.0,23800000.0,32200000.0,610.0,,,UU,CCUT,HHZ,01,37.5506,-113.3627,2127.0,IRIS,49.222,1.0,,,False,,,False,0.0,False
263,Elliot Creek 2,2020-11-28 14:58:44,2020-11-28 16:21:41,50.9653,-124.6057,outburst flood,,,,,13500000.0,,,,,,,,,CN,CBB,HHZ,,50.031502,-125.365196,277.0,IRIS,117.019,1.0,,,False,,,False,0.0,False
263,Elliot Creek 2,2020-11-28 14:58:44,2020-11-28 16:21:41,50.9653,-124.6057,outburst flood,,,,,13500000.0,,,,,,,,,CN,NCSB,HHZ,,50.403099,-126.055901,1297.0,IRIS,120.061,1.0,,,False,,,False,0.0,False
263,Elliot Creek 2,2020-11-28 14:58:44,2020-11-28 16:21:41,50.9653,-124.6057,outburst flood,,,,,13500000.0,,,,,,,,,CN,WSLR,HHZ,,50.126598,-122.921204,907.0,IRIS,151.52,1.0,,,False,,,False,0.0,False
263,Elliot Creek 2,2020-11-28 14:58:44,2020-11-28 16:21:41,50.9653,-124.6057,outburst flood,,,,,13500000.0,,,,,,,,,CN,SHB,HHZ,,49.5985,-123.8771,1129.0,IRIS,160.658,1.0,,,False,,,False,0.0,False
263,Elliot Creek 2,2020-11-28 14:58:44,2020-11-28 16:21:41,50.9653,-124.6057,outburst flood,,,,,13500000.0,,,,,,,,,CN,GDR,HHZ,,49.780499,-126.055702,123.0,IRIS,167.354,1.0,,,False,,,False,0.0,False
263,Elliot Creek 2,2020-11-28 14:58:44,2020-11-28 16:21:41,50.9653,-124.6057,outburst flood,,,,,13500000.0,,,,,,,,,CN,WPB,HHZ,,49.6478,-123.2094,260.0,IRIS,177.114,1.0,,,False,,,False,0.0,False
263,Elliot Creek 2,2020-11-28 14:58:44,2020-11-28 16:21:41,50.9653,-124.6057,outburst flood,,,,,13500000.0,,,,,,,,,PB,B927,EHZ,,49.2188,-124.8113,39.0,IRIS,194.821,1.0,,,False,,,False,0.0,False
263,Elliot Creek 2,2020-11-28 14:58:44,2020-11-28 16:21:41,50.9653,-124.6057,outburst flood,,,,,13500000.0,,,,,,,,,CN,PABB,HHZ,,49.2188,-124.811401,3.0,IRIS,194.821,1.0,,,False,,,False,0.0,False
263,Elliot Creek 2,2020-11-28 14:58:44,2020-11-28 16:21:41,50.9653,-124.6057,outburst flood,,,,,13500000.0,,,,,,,,,CN,LLLB,HHZ,,50.609,-121.8815,700.0,IRIS,196.14,1.0,,,False,,,False,0.0,False
263,Elliot Creek 2,2020-11-28 14:58:44,2020-11-28 16:21:41,50.9653,-124.6057,outburst flood,,,,,13500000.0,,,,,,,,,CN,NLLB,HHZ,,49.2271,-123.988197,199.0,IRIS,198.324,1.0,,,False,,,False,0.0,False
264,"Zodiac Wall, Stawamus Chief",2021-09-20 08:28:56,2021-09-20 08:30:09,49.6888,-123.1348,rock fall,21000.0,470.0,420.0,530.0,2500.0,2000.0,3000.0,,,,350.0,,,CN,WPB,HHZ,,49.6478,-123.2094,260.0,IRIS,7.002,1.0,0.0,,False,,,False,0.0,False
264,"Zodiac Wall, Stawamus Chief",2021-09-20 08:28:56,2021-09-20 08:30:09,49.6888,-123.1348,rock fall,21000.0,470.0,420.0,530.0,2500.0,2000.0,3000.0,,,,350.0,,,CN,QEPB,HHZ,,49.2419,-123.1141,128.0,IRIS,49.673,1.0,0.0,,False,,,False,0.0,False
264,"Zodiac Wall, Stawamus Chief",2021-09-20 08:28:56,2021-09-20 08:30:09,49.6888,-123.1348,rock fall,21000.0,470.0,420.0,530.0,2500.0,2000.0,3000.0,,,,350.0,,,CN,WSLR,HHZ,,50.126598,-122.921204,907.0,IRIS,51.115,1.0,0.0,,False,,,False,0.0,False
264,"Zodiac Wall, Stawamus Chief",2021-09-20 08:28:56,2021-09-20 08:30:09,49.6888,-123.1348,rock fall,21000.0,470.0,420.0,530.0,2500.0,2000.0,3000.0,,,,350.0,,,CN,NLLB,HHZ,,49.2271,-123.988197,199.0,IRIS,80.348,1.0,0.0,,False,,,False,0.0,False
264,"Zodiac Wall, Stawamus Chief",2021-09-20 08:28:56,2021-09-20 08:30:09,49.6888,-123.1348,rock fall,21000.0,470.0,420.0,530.0,2500.0,2000.0,3000.0,,,,350.0,,,CN,GOBB,HHZ,,48.949501,-123.510498,143.0,IRIS,86.58,1.0,0.0,,False,,,False,0.0,False
264,"Zodiac Wall, Stawamus Chief",2021-09-20 08:28:56,2021-09-20 08:30:09,49.6888,-123.1348,rock fall,21000.0,470.0,420.0,530.0,2500.0,2000.0,3000.0,,,,350.0,,,CN,GHNB,HHZ,,49.3065,-124.2364,5.0,IRIS,90.371,1.0,0.0,,False,,,False,0.0,False
264,"Zodiac Wall, Stawamus Chief",2021-09-20 08:28:56,2021-09-20 08:30:09,49.6888,-123.1348,rock fall,21000.0,470.0,420.0,530.0,2500.0,2000.0,3000.0,,,,350.0,,,CN,TXDB,HHZ,,49.6979,-124.4377,501.0,IRIS,93.985,1.0,0.0,,False,,,False,0.0,False
264,"Zodiac Wall, Stawamus Chief",2021-09-20 08:28:56,2021-09-20 08:30:09,49.6888,-123.1348,rock fall,21000.0,470.0,420.0,530.0,2500.0,2000.0,3000.0,,,,350.0,,,CN,VDEB,HHZ,,49.057,-122.0571,351.0,IRIS,105.163,1.0,0.0,,False,,,False,0.0,False
264,"Zodiac Wall, Stawamus Chief",2021-09-20 08:28:56,2021-09-20 08:30:09,49.6888,-123.1348,rock fall,21000.0,470.0,420.0,530.0,2500.0,2000.0,3000.0,,,,350.0,,,UW,PASS,HHZ,,48.9983,-122.0852,174.3,IRIS,108.213,1.0,0.0,,False,,,False,0.0,False
264,"Zodiac Wall, Stawamus Chief",2021-09-20 08:28:56,2021-09-20 08:30:09,49.6888,-123.1348,rock fall,21000.0,470.0,420.0,530.0,2500.0,2000.0,3000.0,,,,350.0,,,UW,LUMI,HHZ,,48.7201,-122.706299,19.4,IRIS,112.121,1.0,0.0,,False,,,False,0.0,False
265,"Black Dyke, Stawamus Chief",2021-07-27 07:30:09,2021-07-27 07:31:14,49.6813,-123.1482,rock fall,11000.0,600.0,300.0,900.0,3000.0,3300.0,3500.0,,,,220.0,,,CN,WPB,HHZ,,49.6478,-123.2094,260.0,IRIS,5.78,1.0,0.0,,False,,,False,0.0,False
265,"Black Dyke, Stawamus Chief",2021-07-27 07:30:09,2021-07-27 07:31:14,49.6813,-123.1482,rock fall,11000.0,600.0,300.0,900.0,3000.0,3300.0,3500.0,,,,220.0,,,CN,WSLR,HHZ,,50.126598,-122.921204,907.0,IRIS,52.145,1.0,0.0,,False,,,False,0.0,False
265,"Black Dyke, Stawamus Chief",2021-07-27 07:30:09,2021-07-27 07:31:14,49.6813,-123.1482,rock fall,11000.0,600.0,300.0,900.0,3000.0,3300.0,3500.0,,,,220.0,,,CN,GOBB,HHZ,,48.949501,-123.510498,143.0,IRIS,85.544,1.0,0.0,,False,,,False,0.0,False
265,"Black Dyke, Stawamus Chief",2021-07-27 07:30:09,2021-07-27 07:31:14,49.6813,-123.1482,rock fall,11000.0,600.0,300.0,900.0,3000.0,3300.0,3500.0,,,,220.0,,,CN,VDEB,HHZ,,49.057,-122.0571,351.0,IRIS,105.358,1.0,,,False,,,False,0.0,False
265,"Black Dyke, Stawamus Chief",2021-07-27 07:30:09,2021-07-27 07:31:14,49.6813,-123.1482,rock fall,11000.0,600.0,300.0,900.0,3000.0,3300.0,3500.0,,,,220.0,,,PB,B011,EHZ,,48.649543,-123.448192,22.0,IRIS,116.812,1.0,,,False,,,False,0.0,False
265,"Black Dyke, Stawamus Chief",2021-07-27 07:30:09,2021-07-27 07:31:14,49.6813,-123.1482,rock fall,11000.0,600.0,300.0,900.0,3000.0,3300.0,3500.0,,,,220.0,,,PB,B009,EHZ,,48.64867,-123.45117,15.0,IRIS,116.948,1.0,,,False,,,False,0.0,False
265,"Black Dyke, Stawamus Chief",2021-07-27 07:30:09,2021-07-27 07:31:14,49.6813,-123.1482,rock fall,11000.0,600.0,300.0,900.0,3000.0,3300.0,3500.0,,,,220.0,,,UW,RNWY,HHZ,,48.61206,-123.1263,58.2,IRIS,118.924,1.0,,,False,,,False,0.0,False
265,"Black Dyke, Stawamus Chief",2021-07-27 07:30:09,2021-07-27 07:31:14,49.6813,-123.1482,rock fall,11000.0,600.0,300.0,900.0,3000.0,3300.0,3500.0,,,,220.0,,,CN,CLRS,HHZ,,48.8203,-124.1309,174.0,IRIS,119.529,1.0,,,False,,,False,0.0,False
265,"Black Dyke, Stawamus Chief",2021-07-27 07:30:09,2021-07-27 07:31:14,49.6813,-123.1482,rock fall,11000.0,600.0,300.0,900.0,3000.0,3300.0,3500.0,,,,220.0,,,CN,MGRB,HHZ,,48.9997,-124.6971,1310.0,IRIS,135.703,1.0,,,False,,,False,0.0,False
265,"Black Dyke, Stawamus Chief",2021-07-27 07:30:09,2021-07-27 07:31:14,49.6813,-123.1482,rock fall,11000.0,600.0,300.0,900.0,3000.0,3300.0,3500.0,,,,220.0,,,UW,SHUK,HHZ,,48.85284,-121.67695,1516.0,IRIS,141.257,1.0,,,False,,,False,0.0,False
266,Lowell Point,2022-05-08 03:39:08,2022-05-08 03:41:18,60.093,-149.4461,rock slide,,,,,76500.0,,,,,,,,,AK,SWD,BHZ,,60.1043,-149.4526,77.0,IRIS,1.31,1.0,0.0,,False,,,False,0.0,False
267,"Villa Santa Lucía, Chile",2017-12-16 12:02:13,2017-12-16 12:07:06,-43.3599,-72.43125,"rock slide, debris flow",4800000.0,350000.0,260000.0,400000.0,7200000.0,3400000.0,12500000.0,,,,1200.0,1100.0,1300.0,C1,LL02,HHZ,,-43.19055,-71.84838,368.0,IRIS,50.918,1.0,1.0,,False,,,False,0.0,False
267,"Villa Santa Lucía, Chile",2017-12-16 12:02:13,2017-12-16 12:07:06,-43.3599,-72.43125,"rock slide, debris flow",4800000.0,350000.0,260000.0,400000.0,7200000.0,3400000.0,12500000.0,,,,1200.0,1100.0,1300.0,C1,LL02,BHZ,,-43.19055,-71.84838,368.0,IRIS,50.918,1.0,1.0,,False,,,False,0.0,False
267,"Villa Santa Lucía, Chile",2017-12-16 12:02:13,2017-12-16 12:07:06,-43.3599,-72.43125,"rock slide, debris flow",4800000.0,350000.0,260000.0,400000.0,7200000.0,3400000.0,12500000.0,,,,1200.0,1100.0,1300.0,C1,LL07,HHZ,,-42.83235,-73.47785,53.5,IRIS,103.416,1.0,1.0,,False,,,False,0.0,False
267,"Villa Santa Lucía, Chile",2017-12-16 12:02:13,2017-12-16 12:07:06,-43.3599,-72.43125,"rock slide, debris flow",4800000.0,350000.0,260000.0,400000.0,7200000.0,3400000.0,12500000.0,,,,1200.0,1100.0,1300.0,C1,LL07,BHZ,,-42.83235,-73.47785,53.5,IRIS,103.416,1.0,1.0,,False,,,False,0.0,False
267,"Villa Santa Lucía, Chile",2017-12-16 12:02:13,2017-12-16 12:07:06,-43.3599,-72.43125,"rock slide, debris flow",4800000.0,350000.0,260000.0,400000.0,7200000.0,3400000.0,12500000.0,,,,1200.0,1100.0,1300.0,C1,LL01,HHZ,,-42.3787,-72.4125,62.0,IRIS,109.012,1.0,0.0,,False,,,False,0.0,False
267,"Villa Santa Lucía, Chile",2017-12-16 12:02:13,2017-12-16 12:07:06,-43.3599,-72.43125,"rock slide, debris flow",4800000.0,350000.0,260000.0,400000.0,7200000.0,3400000.0,12500000.0,,,,1200.0,1100.0,1300.0,C1,LL01,BHZ,,-42.3787,-72.4125,62.0,IRIS,109.012,1.0,0.0,,False,,,False,0.0,False
267,"Villa Santa Lucía, Chile",2017-12-16 12:02:13,2017-12-16 12:07:06,-43.3599,-72.43125,"rock slide, debris flow",4800000.0,350000.0,260000.0,400000.0,7200000.0,3400000.0,12500000.0,,,,1200.0,1100.0,1300.0,C1,AY01,BHZ,,-44.42092,-72.64803,9.0,IRIS,119.17,1.0,1.0,,False,,,False,0.0,False
267,"Villa Santa Lucía, Chile",2017-12-16 12:02:13,2017-12-16 12:07:06,-43.3599,-72.43125,"rock slide, debris flow",4800000.0,350000.0,260000.0,400000.0,7200000.0,3400000.0,12500000.0,,,,1200.0,1100.0,1300.0,C1,AY01,HHZ,,-44.42092,-72.64803,9.0,IRIS,119.17,1.0,1.0,,False,,,False,0.0,False
267,"Villa Santa Lucía, Chile",2017-12-16 12:02:13,2017-12-16 12:07:06,-43.3599,-72.43125,"rock slide, debris flow",4800000.0,350000.0,260000.0,400000.0,7200000.0,3400000.0,12500000.0,,,,1200.0,1100.0,1300.0,C1,LL06,HHZ,,-42.215136,-73.6283,180.0,IRIS,160.512,1.0,1.0,,False,,,False,0.0,False
267,"Villa Santa Lucía, Chile",2017-12-16 12:02:13,2017-12-16 12:07:06,-43.3599,-72.43125,"rock slide, debris flow",4800000.0,350000.0,260000.0,400000.0,7200000.0,3400000.0,12500000.0,,,,1200.0,1100.0,1300.0,C1,LL06,BHZ,,-42.215136,-73.6283,180.0,IRIS,160.512,1.0,1.0,,False,,,False,0.0,False
268,"Hsiaolin, Taiwan",2009-08-08 22:16:16,2009-08-08 22:21:28,23.162,120.644,"debris avalanche, debris flow",1090000.0,,,,25000000.0,22000000.0,26000000.0,,,,650.0,,,TW,YULB,BHZ,,23.3925,121.297096,340.0,IRIS,71.53,1.0,1.0,,False,,,False,0.0,False
268,"Hsiaolin, Taiwan",2009-08-08 22:16:16,2009-08-08 22:21:28,23.162,120.644,"debris avalanche, debris flow",1090000.0,,,,25000000.0,22000000.0,26000000.0,,,,650.0,,,TW,SSLB,BHZ,,23.7876,120.954002,450.0,IRIS,76.181,1.0,1.0,,False,,,False,0.0,False
268,"Hsiaolin, Taiwan",2009-08-08 22:16:16,2009-08-08 22:21:28,23.162,120.644,"debris avalanche, debris flow",1090000.0,,,,25000000.0,22000000.0,26000000.0,,,,650.0,,,TW,NACB,BHZ,,24.1738,121.594704,130.0,IRIS,148.198,1.0,1.0,,False,,,False,0.0,False
268,"Hsiaolin, Taiwan",2009-08-08 22:16:16,2009-08-08 22:21:28,23.162,120.644,"debris avalanche, debris flow",1090000.0,,,,25000000.0,22000000.0,26000000.0,,,,650.0,,,TW,YHNB,BHZ,,24.6695,121.375702,785.0,IRIS,182.832,1.0,1.0,,False,,,False,0.0,False
269,"Hunza-Attabad, Pakistan",2010-01-04 08:36:54,2010-01-04 08:40:32,36.3179,74.823,landslide,,,,,45000000.0,,,110000000000.0,,,1175.0,,,7B,SHA8,HHZ,,37.53764,74.81988,3850.0,GEOFON,136.239,1.0,1.0,,True,HHZ,100.0,True,15.37388731587182,True
269,"Hunza-Attabad, Pakistan",2010-01-04 08:36:54,2010-01-04 08:40:32,36.3179,74.823,landslide,,,,,45000000.0,,,110000000000.0,,,1175.0,,,7B,ZOR9,HHZ,,37.48013,73.73392,4200.0,GEOFON,161.966,1.0,1.0,,True,HHZ,100.0,True,12.691772296546844,True
270,"Yìgòng, Tibet",2000-04-09 12:00:00,2000-04-09 12:10:15,30.2031,94.9675,"rock slide, debris avalanche",18900000.0,12900000.0,,,300000000.0,,,,,,3330.0,,,,,,,,,,,,,,,False,,,False,0.0,False
271,Siachen Glacier,2010-09-12 20:37:29,2010-09-12 20:41:10,35.4088,77.1718,landslide,,,,,,1000000.0,,190000000000.0,,,1000.0,990.0,1100.0,,,,,,,,,,,,,False,,,False,0.0,False
272,Askja Caldera,2014-07-21 23:24:04,2014-07-21 23:29:53,65.0124,-16.6852,"rock slide, outburst flood",,,,,20000000.0,12000000.0,50000000.0,,,,,,,Z7,MOFO,HHZ,,64.984398,-16.65119,702.0,IRIS,3.51,1.0,1.0,,False,,,False,0.0,False
272,Askja Caldera,2014-07-21 23:24:04,2014-07-21 23:29:53,65.0124,-16.6852,"rock slide, outburst flood",,,,,20000000.0,12000000.0,50000000.0,,,,,,,Z7,ASK,HHZ,,65.051941,-16.64806,955.0,IRIS,4.743,1.0,1.0,,False,,,False,0.0,False
272,Askja Caldera,2014-07-21 23:24:04,2014-07-21 23:29:53,65.0124,-16.6852,"rock slide, outburst flood",,,,,20000000.0,12000000.0,50000000.0,,,,,,,Z7,DNGA,HHZ,,65.051941,-16.64806,955.0,IRIS,4.743,1.0,1.0,,False,,,False,0.0,False
272,Askja Caldera,2014-07-21 23:24:04,2014-07-21 23:29:53,65.0124,-16.6852,"rock slide, outburst flood",,,,,20000000.0,12000000.0,50000000.0,,,,,,,Z7,DREK,HHZ,,65.049438,-16.597031,820.0,IRIS,5.858,1.0,1.0,,False,,,False,0.0,False
272,Askja Caldera,2014-07-21 23:24:04,2014-07-21 23:29:53,65.0124,-16.6852,"rock slide, outburst flood",,,,,20000000.0,12000000.0,50000000.0,,,,,,,Z7,STAM,HHZ,,64.99691,-16.809589,1171.0,IRIS,6.116,1.0,1.0,,False,,,False,0.0,False
272,Askja Caldera,2014-07-21 23:24:04,2014-07-21 23:29:53,65.0124,-16.6852,"rock slide, outburst flood",,,,,20000000.0,12000000.0,50000000.0,,,,,,,Z7,VADA,HHZ,,64.994873,-16.53817,673.0,IRIS,7.205,1.0,1.0,,False,,,False,0.0,False
272,Askja Caldera,2014-07-21 23:24:04,2014-07-21 23:29:53,65.0124,-16.6852,"rock slide, outburst flood",,,,,20000000.0,12000000.0,50000000.0,,,,,,,Z7,KLUR,HHZ,,65.075287,-16.75322,1114.0,IRIS,7.709,1.0,1.0,,False,,,False,0.0,False
272,Askja Caldera,2014-07-21 23:24:04,2014-07-21 23:29:53,65.0124,-16.6852,"rock slide, outburst flood",,,,,20000000.0,12000000.0,50000000.0,,,,,,,Z7,HOTT,HHZ,,65.047478,-16.52985,718.0,IRIS,8.3,1.0,0.0,,False,,,False,0.0,False
272,Askja Caldera,2014-07-21 23:24:04,2014-07-21 23:29:53,65.0124,-16.6852,"rock slide, outburst flood",,,,,20000000.0,12000000.0,50000000.0,,,,,,,Z7,DYSA,HHZ,,64.934898,-16.675461,688.0,IRIS,8.653,1.0,0.0,,False,,,False,0.0,False
272,Askja Caldera,2014-07-21 23:24:04,2014-07-21 23:29:53,65.0124,-16.6852,"rock slide, outburst flood",,,,,20000000.0,12000000.0,50000000.0,,,,,,,Z7,GODA,HHZ,,65.037041,-16.859819,1266.0,IRIS,8.677,1.0,1.0,,False,,,False,0.0,False
273,"Xinmo Village, China",2017-06-23 21:39:16,2017-06-23 21:42:49,32.0797,103.6628,"rock slide, rock avalanche",1600000.0,100000.0,,,13000000.0,12000000.0,14000000.0,,,,1200.0,,,3J,BWLZ,BHZ,1,31.02935,103.17649,2019.0,IRIS,125.281,1.0,1.0,,False,,,False,0.0,False
273,"Xinmo Village, China",2017-06-23 21:39:16,2017-06-23 21:42:49,32.0797,103.6628,"rock slide, rock avalanche",1600000.0,100000.0,,,13000000.0,12000000.0,14000000.0,,,,1200.0,,,3J,BTLG,BHZ,1,30.93672,103.50188,1186.0,IRIS,127.65,1.0,1.0,,False,,,False,0.0,False
273,"Xinmo Village, China",2017-06-23 21:39:16,2017-06-23 21:42:49,32.0797,103.6628,"rock slide, rock avalanche",1600000.0,100000.0,,,13000000.0,12000000.0,14000000.0,,,,1200.0,,,3J,BRLZ,BHZ,1,30.99886,102.79512,3376.2,IRIS,145.434,1.0,1.0,,False,,,False,0.0,False
273,"Xinmo Village, China",2017-06-23 21:39:16,2017-06-23 21:42:49,32.0797,103.6628,"rock slide, rock avalanche",1600000.0,100000.0,,,13000000.0,12000000.0,14000000.0,,,,1200.0,,,3J,BWQC,BHZ,1,30.76124,103.6629,601.0,IRIS,146.187,1.0,0.0,,False,,,False,0.0,False
273,"Xinmo Village, China",2017-06-23 21:39:16,2017-06-23 21:42:49,32.0797,103.6628,"rock slide, rock avalanche",1600000.0,100000.0,,,13000000.0,12000000.0,14000000.0,,,,1200.0,,,3J,BWTB,BHZ,1,30.72967,103.43284,885.0,IRIS,151.275,1.0,1.0,,False,,,False,0.0,False
273,"Xinmo Village, China",2017-06-23 21:39:16,2017-06-23 21:42:49,32.0797,103.6628,"rock slide, rock avalanche",1600000.0,100000.0,,,13000000.0,12000000.0,14000000.0,,,,1200.0,,,3J,BJHC,BHZ,1,30.60857,103.58865,540.0,IRIS,163.265,1.0,1.0,,False,,,False,0.0,False
273,"Xinmo Village, China",2017-06-23 21:39:16,2017-06-23 21:42:49,32.0797,103.6628,"rock slide, rock avalanche",1600000.0,100000.0,,,13000000.0,12000000.0,14000000.0,,,,1200.0,,,3J,BYQC,BHZ,1,30.58943,103.3035,800.0,IRIS,168.735,1.0,1.0,,False,,,False,0.0,False
273,"Xinmo Village, China",2017-06-23 21:39:16,2017-06-23 21:42:49,32.0797,103.6628,"rock slide, rock avalanche",1600000.0,100000.0,,,13000000.0,12000000.0,14000000.0,,,,1200.0,,,3J,BFSC,BHZ,1,30.59908,103.18747,1350.0,IRIS,170.282,1.0,1.0,,False,,,False,0.0,False
273,"Xinmo Village, China",2017-06-23 21:39:16,2017-06-23 21:42:49,32.0797,103.6628,"rock slide, rock avalanche",1600000.0,100000.0,,,13000000.0,12000000.0,14000000.0,,,,1200.0,,,3J,BHLC,BHZ,1,30.51558,103.42745,570.0,IRIS,174.863,1.0,1.0,,False,,,False,0.0,False
273,"Xinmo Village, China",2017-06-23 21:39:16,2017-06-23 21:42:49,32.0797,103.6628,"rock slide, rock avalanche",1600000.0,100000.0,,,13000000.0,12000000.0,14000000.0,,,,1200.0,,,3J,BQFC,BHZ,1,30.68795,102.74354,2153.0,IRIS,177.361,1.0,1.0,,False,,,False,0.0,False
274,"Baige, Tibet",2018-10-10 14:09:36,2018-10-10 14:13:36,31.0828,98.6982,rock slide,,,,,24500000.0,,,,,,850.0,,,,,,,,,,,,,,,False,,,False,0.0,False
275,"Butangbunasi, Taiwan",2009-08-10 11:05:56,2009-08-10 11:08:53,23.2281,120.7517,landslide,,3500000.0,,,83800000.0,,,,,,1500.0,,,TW,YULB,BHZ,,23.3925,121.297096,340.0,IRIS,58.683,1.0,1.0,,False,,,False,0.0,False
275,"Butangbunasi, Taiwan",2009-08-10 11:05:56,2009-08-10 11:08:53,23.2281,120.7517,landslide,,3500000.0,,,83800000.0,,,,,,1500.0,,,TW,SSLB,BHZ,,23.7876,120.954002,450.0,IRIS,65.319,1.0,1.0,,False,,,False,0.0,False
275,"Butangbunasi, Taiwan",2009-08-10 11:05:56,2009-08-10 11:08:53,23.2281,120.7517,landslide,,3500000.0,,,83800000.0,,,,,,1500.0,,,TW,NACB,BHZ,,24.1738,121.594704,130.0,IRIS,135.506,1.0,1.0,,False,,,False,0.0,False
275,"Butangbunasi, Taiwan",2009-08-10 11:05:56,2009-08-10 11:08:53,23.2281,120.7517,landslide,,3500000.0,,,83800000.0,,,,,,1500.0,,,TW,YHNB,BHZ,,24.6695,121.375702,785.0,IRIS,171.817,1.0,1.0,,False,,,False,0.0,False
276,"Museum Fire, Arizona",2020-07-24 21:41:25,2020-07-24 22:18:11,35.26,-111.62292,debris flow,,,,,,,,,,,,,,1A,LBB2,EHZ,,35.2597,-111.6239,2384.0,IRIS,0.095,1.0,,1.0,False,,,False,0.0,False
276,"Museum Fire, Arizona",2020-07-24 21:41:25,2020-07-24 22:18:11,35.26,-111.62292,debris flow,,,,,,,,,,,,,,1A,BOC2,EHZ,,35.2561,-111.6236,2347.0,IRIS,0.437,1.0,,1.0,False,,,False,0.0,False
276,"Museum Fire, Arizona",2020-07-24 21:41:25,2020-07-24 22:18:11,35.26,-111.62292,debris flow,,,,,,,,,,,,,,1A,COCA,HHZ,0.0,35.2591,-111.6135,2434.0,IRIS,0.863,1.0,0.0,1.0,False,,,False,0.0,False
276,"Museum Fire, Arizona",2020-07-24 21:41:25,2020-07-24 22:18:11,35.26,-111.62292,debris flow,,,,,,,,,,,,,,1A,D19F,EHZ,,35.2567,-111.6136,2453.0,IRIS,0.924,1.0,,1.0,False,,,False,0.0,False
276,"Museum Fire, Arizona",2020-07-24 21:41:25,2020-07-24 22:18:11,35.26,-111.62292,debris flow,,,,,,,,,,,,,,1A,D19E,EHZ,,35.2564,-111.6117,2486.0,IRIS,1.096,1.0,,0.0,False,,,False,0.0,False
276,"Museum Fire, Arizona",2020-07-24 21:41:25,2020-07-24 22:18:11,35.26,-111.62292,debris flow,,,,,,,,,,,,,,1A,D19D,EHZ,,35.2572,-111.6108,2512.0,IRIS,1.146,1.0,,1.0,False,,,False,0.0,False
276,"Museum Fire, Arizona",2020-07-24 21:41:25,2020-07-24 22:18:11,35.26,-111.62292,debris flow,,,,,,,,,,,,,,1A,D19C,EHZ,,35.2564,-111.6103,2535.0,IRIS,1.216,1.0,,1.0,False,,,False,0.0,False
276,"Museum Fire, Arizona",2020-07-24 21:41:25,2020-07-24 22:18:11,35.26,-111.62292,debris flow,,,,,,,,,,,,,,1A,D19B,EHZ,,35.2564,-111.6089,2622.0,IRIS,1.337,1.0,,1.0,False,,,False,0.0,False
276,"Museum Fire, Arizona",2020-07-24 21:41:25,2020-07-24 22:18:11,35.26,-111.62292,debris flow,,,,,,,,,,,,,,1A,D19A,EHZ,,35.2564,-111.6078,2676.0,IRIS,1.433,1.0,,0.0,False,,,False,0.0,False
277,"Mount Haast, New Zealand",2013-01-21 01:08:28,2013-01-21 01:10:52,-43.5611,170.1801,rock avalanche,,,,,2000000.0,,,,,,900.0,,,9F,LABE,EHZ,,-43.546001,170.244995,1590.0,IRIS,5.506,1.0,,,False,,,False,0.0,False
277,"Mount Haast, New Zealand",2013-01-21 01:08:28,2013-01-21 01:10:52,-43.5611,170.1801,rock avalanche,,,,,2000000.0,,,,,,900.0,,,9F,EORO,EHZ,,-43.425999,170.169006,233.0,IRIS,15.037,1.0,,,False,,,False,0.0,False
277,"Mount Haast, New Zealand",2013-01-21 01:08:28,2013-01-21 01:10:52,-43.5611,170.1801,rock avalanche,,,,,2000000.0,,,,,,900.0,,,9F,MTFO,EHZ,,-43.512001,170.003006,1216.0,IRIS,15.318,1.0,,,False,,,False,0.0,False
277,"Mount Haast, New Zealand",2013-01-21 01:08:28,2013-01-21 01:10:52,-43.5611,170.1801,rock avalanche,,,,,2000000.0,,,,,,900.0,,,9F,FRAN,EHZ,,-43.380001,170.160004,124.0,IRIS,20.186,1.0,,,False,,,False,0.0,False
277,"Mount Haast, New Zealand",2013-01-21 01:08:28,2013-01-21 01:10:52,-43.5611,170.1801,rock avalanche,,,,,2000000.0,,,,,,900.0,,,9F,GOVA,EHZ,,-43.639,170.503006,814.0,IRIS,27.471,1.0,,,False,,,False,0.0,False
277,"Mount Haast, New Zealand",2013-01-21 01:08:28,2013-01-21 01:10:52,-43.5611,170.1801,rock avalanche,,,,,2000000.0,,,,,,900.0,,,ZT,WZ04,HHZ,,-43.269798,170.328506,73.0,IRIS,34.524,0.0,1.0,,False,,,False,0.0,False
277,"Mount Haast, New Zealand",2013-01-21 01:08:28,2013-01-21 01:10:52,-43.5611,170.1801,rock avalanche,,,,,2000000.0,,,,,,900.0,,,ZT,WZ11,HHZ,,-43.296501,170.409805,96.0,IRIS,34.787,1.0,1.0,,False,,,False,0.0,False
277,"Mount Haast, New Zealand",2013-01-21 01:08:28,2013-01-21 01:10:52,-43.5611,170.1801,rock avalanche,,,,,2000000.0,,,,,,900.0,,,ZT,WZ08,HHZ,,-43.134899,170.416107,73.0,IRIS,51.071,0.0,1.0,,False,,,False,0.0,False
277,"Mount Haast, New Zealand",2013-01-21 01:08:28,2013-01-21 01:10:52,-43.5611,170.1801,rock avalanche,,,,,2000000.0,,,,,,900.0,,,ZT,WZ09,HHZ,,-43.111698,170.480301,34.0,IRIS,55.547,0.0,1.0,,False,,,False,0.0,False
277,"Mount Haast, New Zealand",2013-01-21 01:08:28,2013-01-21 01:10:52,-43.5611,170.1801,rock avalanche,,,,,2000000.0,,,,,,900.0,,,NZ,RPZ,HHZ,10.0,-43.714608,171.053865,453.0,IRIS,72.539,1.0,0.0,,False,,,False,0.0,False
278,"Mud Creek, Mount Shasta",2021-06-27 21:48:12,2021-06-28 02:45:42,41.3907,-122.1855,debris flow,,,,,,,,,,,,,,NC,LGY,HHZ,01,41.34488,-122.19581,2419.0,"IRIS,NCEDC",5.161,1.0,0.0,0.0,True,HHZ,100.0,True,5.7617132532121405,True
278,"Mud Creek, Mount Shasta",2021-06-27 21:48:12,2021-06-28 02:45:42,41.3907,-122.1855,debris flow,,,,,,,,,,,,,,NC,LDL,HHZ,01,41.38136,-122.29369,1705.0,"IRIS,NCEDC",9.109,1.0,0.0,0.0,True,HHZ,100.0,True,4.272585041877021,True
278,"Mud Creek, Mount Shasta",2021-06-27 21:48:12,2021-06-28 02:45:42,41.3907,-122.1855,debris flow,,,,,,,,,,,,,,NC,LBR,HHZ,01,41.40942,-122.06776,1601.0,"IRIS,NCEDC",10.063,1.0,0.0,0.0,True,HHZ,100.0,True,5.009293892179059,True
278,"Mud Creek, Mount Shasta",2021-06-27 21:48:12,2021-06-28 02:45:42,41.3907,-122.1855,debris flow,,,,,,,,,,,,,,NC,LMP,EHZ,,41.487965,-122.154762,1860.0,NCEDC,11.104,1.0,,0.0,True,EHZ,100.0,True,4.674381044226831,True
278,"Mud Creek, Mount Shasta",2021-06-27 21:48:12,2021-06-28 02:45:42,41.3907,-122.1855,debris flow,,,,,,,,,,,,,,NC,LMC,HHZ,,41.274158,-122.121971,1062.0,NCEDC,13.993,1.0,0.0,0.0,True,HHZ,100.0,True,3.604035531196122,False
278,"Mud Creek, Mount Shasta",2021-06-27 21:48:12,2021-06-28 02:45:42,41.3907,-122.1855,debris flow,,,,,,,,,,,,,,NC,LBF,EHZ,,41.347065,-121.890976,1961.0,NCEDC,25.113,1.0,,0.0,True,EHZ,100.0,True,4.1948547940542085,True
279,"Mud Creek, Mount Shasta",2021-07-01 21:45:46,2021-07-02 02:05:42,41.3928,-122.1883,debris flow,,,,,,,,,,,,,,NC,LGY,HHZ,01,41.34488,-122.19581,2419.0,"IRIS,NCEDC",5.359,1.0,0.0,0.0,True,HHZ,100.0,True,9.918035655308604,True
279,"Mud Creek, Mount Shasta",2021-07-01 21:45:46,2021-07-02 02:05:42,41.3928,-122.1883,debris flow,,,,,,,,,,,,,,NC,LBR,HHZ,01,41.40942,-122.06776,1601.0,"IRIS,NCEDC",10.248,1.0,0.0,0.0,True,HHZ,100.0,True,8.510980121459637,True
279,"Mud Creek, Mount Shasta",2021-07-01 21:45:46,2021-07-02 02:05:42,41.3928,-122.1883,debris flow,,,,,,,,,,,,,,NC,LMC,HHZ,,41.274158,-122.121971,1062.0,NCEDC,14.298,1.0,0.0,0.0,True,HHZ,100.0,True,4.693802937855024,True
280,"Whitney and Bolam Creek, Mount Shasta",2021-07-27 17:22:15,2021-07-28 02:59:15,41.4197,-122.2115,debris flow,,,,,,,,,,,,,,NC,LMP,EHZ,,41.487965,-122.154762,1860.0,NCEDC,8.942,1.0,,1.0,True,EHZ,100.0,True,7.039238159557304,True
281,"Ash Creek, Mount Shasta",2021-07-30 16:43:15,2021-07-31 01:01:55,41.4091,-122.1879,debris flow,,,,,,,,,,,,,,NC,LGY,HHZ,01,41.34488,-122.19581,2419.0,"IRIS,NCEDC",7.163,1.0,0.0,0.0,True,HHZ,100.0,True,6.184705928855407,True
281,"Ash Creek, Mount Shasta",2021-07-30 16:43:15,2021-07-31 01:01:55,41.4091,-122.1879,debris flow,,,,,,,,,,,,,,NC,LMP,EHZ,,41.487965,-122.154762,1860.0,NCEDC,9.186,1.0,,0.0,True,EHZ,100.0,True,5.1572761612476405,True
281,"Ash Creek, Mount Shasta",2021-07-30 16:43:15,2021-07-31 01:01:55,41.4091,-122.1879,debris flow,,,,,,,,,,,,,,NC,LBR,HHZ,01,41.40942,-122.06776,1601.0,"IRIS,NCEDC",10.045,1.0,0.0,1.0,True,HHZ,100.0,True,5.834164298520611,True
281,"Ash Creek, Mount Shasta",2021-07-30 16:43:15,2021-07-31 01:01:55,41.4091,-122.1879,debris flow,,,,,,,,,,,,,,NC,LMC,HHZ,,41.274158,-122.121971,1062.0,NCEDC,15.97,1.0,0.0,0.0,True,HHZ,100.0,True,4.144365044814419,True
282,"Whitney Creek, Mount Shasta",2021-09-10 08:02:31,2021-09-10 14:14:12,41.4293,-122.2059,debris flow,,,,,,,,,,,,,,NC,LMP,EHZ,,41.487965,-122.154762,1860.0,NCEDC,7.791,1.0,,1.0,True,EHZ,100.0,True,7.461484927276409,True
282,"Whitney Creek, Mount Shasta",2021-09-10 08:02:31,2021-09-10 14:14:12,41.4293,-122.2059,debris flow,,,,,,,,,,,,,,NC,LDL,HHZ,01,41.38136,-122.29369,1705.0,"IRIS,NCEDC",9.068,1.0,0.0,0.0,True,HHZ,100.0,True,6.375059712892679,True
282,"Whitney Creek, Mount Shasta",2021-09-10 08:02:31,2021-09-10 14:14:12,41.4293,-122.2059,debris flow,,,,,,,,,,,,,,NC,LGY,HHZ,01,41.34488,-122.19581,2419.0,"IRIS,NCEDC",9.414,1.0,0.0,1.0,True,HHZ,100.0,True,9.45548605274554,True
282,"Whitney Creek, Mount Shasta",2021-09-10 08:02:31,2021-09-10 14:14:12,41.4293,-122.2059,debris flow,,,,,,,,,,,,,,NC,LBR,HHZ,01,41.40942,-122.06776,1601.0,"IRIS,NCEDC",11.758,1.0,0.0,0.0,True,HHZ,100.0,True,7.598329664334628,True
283,Barry Arm,2020-10-17 21:18:00,2020-10-17 21:21:18,61.2411,-147.9429,rock and ice avalanche,1000000.0,25000.0,17000.0,42000.0,370000.0,250000.0,560000.0,,,,770.0,750.0,790.0,AK,BAW,BHZ,,61.1501,-148.1501,542.0,IRIS,15.066,1.0,1.0,,False,,,False,0.0,False
283,Barry Arm,2020-10-17 21:18:00,2020-10-17 21:21:18,61.2411,-147.9429,rock and ice avalanche,1000000.0,25000.0,17000.0,42000.0,370000.0,250000.0,560000.0,,,,770.0,750.0,790.0,AK,BAE,BHZ,,61.1319,-148.1234,578.0,IRIS,15.567,1.0,1.0,,False,,,False,0.0,False
283,Barry Arm,2020-10-17 21:18:00,2020-10-17 21:21:18,61.2411,-147.9429,rock and ice avalanche,1000000.0,25000.0,17000.0,42000.0,370000.0,250000.0,560000.0,,,,770.0,750.0,790.0,AK,KNK,BHZ,,61.4131,-148.4585,598.0,IRIS,33.611,1.0,1.0,,False,,,False,0.0,False
283,Barry Arm,2020-10-17 21:18:00,2020-10-17 21:21:18,61.2411,-147.9429,rock and ice avalanche,1000000.0,25000.0,17000.0,42000.0,370000.0,250000.0,560000.0,,,,770.0,750.0,790.0,AK,PWL,BHZ,,60.8584,-148.3334,550.0,IRIS,47.577,1.0,1.0,,False,,,False,0.0,False
283,Barry Arm,2020-10-17 21:18:00,2020-10-17 21:21:18,61.2411,-147.9429,rock and ice avalanche,1000000.0,25000.0,17000.0,42000.0,370000.0,250000.0,560000.0,,,,770.0,750.0,790.0,AK,GLI,BHZ,,60.8792,-147.0959,430.0,IRIS,60.979,1.0,1.0,,False,,,False,0.0,False
283,Barry Arm,2020-10-17 21:18:00,2020-10-17 21:21:18,61.2411,-147.9429,rock and ice avalanche,1000000.0,25000.0,17000.0,42000.0,370000.0,250000.0,560000.0,,,,770.0,750.0,790.0,AK,M23K,BHZ,,61.7929,-147.7262,583.0,IRIS,62.564,1.0,1.0,,False,,,False,0.0,False
283,Barry Arm,2020-10-17 21:18:00,2020-10-17 21:21:18,61.2411,-147.9429,rock and ice avalanche,1000000.0,25000.0,17000.0,42000.0,370000.0,250000.0,560000.0,,,,770.0,750.0,790.0,AK,SAW,BHZ,,61.807,-148.3318,847.0,IRIS,66.371,1.0,1.0,,False,,,False,0.0,False
283,Barry Arm,2020-10-17 21:18:00,2020-10-17 21:21:18,61.2411,-147.9429,rock and ice avalanche,1000000.0,25000.0,17000.0,42000.0,370000.0,250000.0,560000.0,,,,770.0,750.0,790.0,AK,SCM,BHZ,,61.8329,-147.3296,1039.0,IRIS,73.576,1.0,1.0,,False,,,False,0.0,False
283,Barry Arm,2020-10-17 21:18:00,2020-10-17 21:21:18,61.2411,-147.9429,rock and ice avalanche,1000000.0,25000.0,17000.0,42000.0,370000.0,250000.0,560000.0,,,,770.0,750.0,790.0,AT,PMR,BHZ,,61.5922,-149.1308,100.0,IRIS,74.525,1.0,1.0,,False,,,False,0.0,False
283,Barry Arm,2020-10-17 21:18:00,2020-10-17 21:21:18,61.2411,-147.9429,rock and ice avalanche,1000000.0,25000.0,17000.0,42000.0,370000.0,250000.0,560000.0,,,,770.0,750.0,790.0,AK,GHO,BHZ,,61.771,-148.926,1032.0,IRIS,78.909,1.0,1.0,,False,,,False,0.0,False
284,Ecstall River,2022-09-01 18:03:15,2022-09-01 18:11:39,53.975,-129.326,"rock and ice avalanche, outburst flood",5800000.0,260000.0,180000.0,330000.0,10000000.0,7100000.0,14000000.0,,,,1500.0,,,C8,HWKB,HHZ,,53.5984,-129.1544,778.0,IRIS,43.415,1.0,1.0,,False,,,False,0.0,False
284,Ecstall River,2022-09-01 18:03:15,2022-09-01 18:11:39,53.975,-129.326,"rock and ice avalanche, outburst flood",5800000.0,260000.0,180000.0,330000.0,10000000.0,7100000.0,14000000.0,,,,1500.0,,,C8,GRNB,HHZ,,53.8468,-129.9575,461.0,IRIS,43.884,1.0,1.0,,False,,,False,0.0,False
284,Ecstall River,2022-09-01 18:03:15,2022-09-01 18:11:39,53.975,-129.326,"rock and ice avalanche, outburst flood",5800000.0,260000.0,180000.0,330000.0,10000000.0,7100000.0,14000000.0,,,,1500.0,,,C8,KITB,HHZ,,54.0779,-128.6368,72.0,IRIS,46.596,1.0,1.0,,False,,,False,0.0,False
284,Ecstall River,2022-09-01 18:03:15,2022-09-01 18:11:39,53.975,-129.326,"rock and ice avalanche, outburst flood",5800000.0,260000.0,180000.0,330000.0,10000000.0,7100000.0,14000000.0,,,,1500.0,,,C8,GRIB,HHZ,,53.3385,-129.1383,418.0,IRIS,71.92,1.0,1.0,,False,,,False,0.0,False
284,Ecstall River,2022-09-01 18:03:15,2022-09-01 18:11:39,53.975,-129.326,"rock and ice avalanche, outburst flood",5800000.0,260000.0,180000.0,330000.0,10000000.0,7100000.0,14000000.0,,,,1500.0,,,CN,RUBB,HHZ,,54.3262,-130.2523,12.0,IRIS,72.049,1.0,1.0,,False,,,False,0.0,False
284,Ecstall River,2022-09-01 18:03:15,2022-09-01 18:11:39,53.975,-129.326,"rock and ice avalanche, outburst flood",5800000.0,260000.0,180000.0,330000.0,10000000.0,7100000.0,14000000.0,,,,1500.0,,,CN,BNAB,HHZ,,53.4932,-130.6368,-19.0,IRIS,101.774,1.0,1.0,,False,,,False,0.0,False
285,Montserrat,1997-12-26 07:02:40,1997-12-26 07:07:19,16.709,-62.1762,"debris avalanche, pyroclastic density current",10000000.0,,,,46000000.0,40000000.0,50000000.0,,,,,,,,,,,,,,,,,,,False,,,False,0.0,False
286,Lamplugh Glacier,2022-09-17 18:10:18,2022-09-17 18:14:09,58.7405,-136.9573,rock avalanche,7300000.0,330000.0,250000.0,400000.0,14000000.0,10000000.0,20000000.0,,,,1080.0,1000.0,1100.0,CN,PLBC,HHZ,,59.455,-136.3659,279.0,IRIS,86.509,1.0,1.0,,False,,,False,0.0,False
286,Lamplugh Glacier,2022-09-17 18:10:18,2022-09-17 18:14:09,58.7405,-136.9573,rock avalanche,7300000.0,330000.0,250000.0,400000.0,14000000.0,10000000.0,20000000.0,,,,1080.0,1000.0,1100.0,AK,S31K,BHZ,,57.9616,-136.232,34.0,IRIS,96.592,1.0,1.0,,False,,,False,0.0,False
286,Lamplugh Glacier,2022-09-17 18:10:18,2022-09-17 18:14:09,58.7405,-136.9573,rock avalanche,7300000.0,330000.0,250000.0,400000.0,14000000.0,10000000.0,20000000.0,,,,1080.0,1000.0,1100.0,AT,SKAG,BHZ,,59.4601,-135.32897,134.0,IRIS,123.013,1.0,1.0,,False,,,False,0.0,False
286,Lamplugh Glacier,2022-09-17 18:10:18,2022-09-17 18:14:09,58.7405,-136.9573,rock avalanche,7300000.0,330000.0,250000.0,400000.0,14000000.0,10000000.0,20000000.0,,,,1080.0,1000.0,1100.0,AK,BESE,BHZ,,58.5792,-134.8559,867.0,IRIS,123.279,1.0,1.0,,False,,,False,0.0,False
286,Lamplugh Glacier,2022-09-17 18:10:18,2022-09-17 18:14:09,58.7405,-136.9573,rock avalanche,7300000.0,330000.0,250000.0,400000.0,14000000.0,10000000.0,20000000.0,,,,1080.0,1000.0,1100.0,AK,R32K,BHZ,,58.2747,-134.5181,386.0,IRIS,151.35,1.0,1.0,,False,,,False,0.0,False
286,Lamplugh Glacier,2022-09-17 18:10:18,2022-09-17 18:14:09,58.7405,-136.9573,rock avalanche,7300000.0,330000.0,250000.0,400000.0,14000000.0,10000000.0,20000000.0,,,,1080.0,1000.0,1100.0,AK,JIS,BHZ,,58.2758,-134.3848,10.0,IRIS,158.628,1.0,1.0,,False,,,False,0.0,False
286,Lamplugh Glacier,2022-09-17 18:10:18,2022-09-17 18:14:09,58.7405,-136.9573,rock avalanche,7300000.0,330000.0,250000.0,400000.0,14000000.0,10000000.0,20000000.0,,,,1080.0,1000.0,1100.0,AK,PNL,BHZ,,59.6659,-139.4036,477.0,IRIS,173.659,1.0,1.0,,False,,,False,0.0,False
286,Lamplugh Glacier,2022-09-17 18:10:18,2022-09-17 18:14:09,58.7405,-136.9573,rock avalanche,7300000.0,330000.0,250000.0,400000.0,14000000.0,10000000.0,20000000.0,,,,1080.0,1000.0,1100.0,AT,YKU2,BHZ,,59.5121,-139.67104,10.1,IRIS,177.57,0.0,1.0,,False,,,False,0.0,False
286,Lamplugh Glacier,2022-09-17 18:10:18,2022-09-17 18:14:09,58.7405,-136.9573,rock avalanche,7300000.0,330000.0,250000.0,400000.0,14000000.0,10000000.0,20000000.0,,,,1080.0,1000.0,1100.0,AK,S32K,BHZ,,57.4688,-134.5763,26.0,IRIS,199.401,1.0,1.0,,False,,,False,0.0,False
287,"Chaos Canyon, Rocky Mountain National Park",2022-06-28 22:33:44,2022-06-28 22:35:44,40.302,-105.6835,debris slide,154000.0,88000.0,55639.0,,2130000.0,2010000.0,2250000.0,,,,380.0,,,C0,MCSU,HHZ,00,40.568455,-105.587774,2756.1,IRIS,30.683,1.0,0.0,,False,,,False,0.0,False
287,"Chaos Canyon, Rocky Mountain National Park",2022-06-28 22:33:44,2022-06-28 22:35:44,40.302,-105.6835,debris slide,154000.0,88000.0,55639.0,,2130000.0,2010000.0,2250000.0,,,,380.0,,,US,ISCO,BHZ,00,39.7997,-105.6134,2743.0,IRIS,56.093,1.0,1.0,,False,,,False,0.0,False
287,"Chaos Canyon, Rocky Mountain National Park",2022-06-28 22:33:44,2022-06-28 22:35:44,40.302,-105.6835,debris slide,154000.0,88000.0,55639.0,,2130000.0,2010000.0,2250000.0,,,,380.0,,,C0,N23A,HHZ,00,40.8947,-105.944,2452.3,IRIS,69.412,1.0,0.0,,False,,,False,0.0,False
287,"Chaos Canyon, Rocky Mountain National Park",2022-06-28 22:33:44,2022-06-28 22:35:44,40.302,-105.6835,debris slide,154000.0,88000.0,55639.0,,2130000.0,2010000.0,2250000.0,,,,380.0,,,C0,CHIL,HHZ,00,40.446466,-104.638217,1423.7,IRIS,90.209,,1.0,,False,,,False,0.0,False
287,"Chaos Canyon, Rocky Mountain National Park",2022-06-28 22:33:44,2022-06-28 22:35:44,40.302,-105.6835,debris slide,154000.0,88000.0,55639.0,,2130000.0,2010000.0,2250000.0,,,,380.0,,,C0,HAYD,HHZ,00,40.52806,-107.26551,2202.3,IRIS,136.597,,1.0,,False,,,False,0.0,False
287,"Chaos Canyon, Rocky Mountain National Park",2022-06-28 22:33:44,2022-06-28 22:35:44,40.302,-105.6835,debris slide,154000.0,88000.0,55639.0,,2130000.0,2010000.0,2250000.0,,,,380.0,,,C0,Q24A,HHZ,00,38.9641,-105.1492,2772.3,IRIS,155.464,,1.0,,False,,,False,0.0,False
288,Redoubt Lake,2013-05-12 19:04:43,2013-05-12 19:05:57,56.9267,-135.1338,landslide,91000.0,14000.0,7000.0,21000.0,160000.0,100000.0,260000.0,,,,350.0,,,AT,SIT,BHZ,,57.0569,-135.3244,19.0,IRIS,18.559,1.0,0.0,,False,,,False,0.0,False
289,"Steel Cliffs, Mount Hood",2022-10-11 21:44:50,2022-10-11 21:46:03,45.3663,-121.6975,rock fall,,,,,,,,,,,,,,CC,PALM,BHZ,,45.358574,-121.705536,2590.0,IRIS,1.065,1.0,0.0,,False,,,False,0.0,False
289,"Steel Cliffs, Mount Hood",2022-10-11 21:44:50,2022-10-11 21:46:03,45.3663,-121.6975,rock fall,,,,,,,,,,,,,,CC,TIMB,BHZ,,45.33572,-121.710358,1869.0,IRIS,3.545,1.0,0.0,,False,,,False,0.0,False
289,"Steel Cliffs, Mount Hood",2022-10-11 21:44:50,2022-10-11 21:46:03,45.3663,-121.6975,rock fall,,,,,,,,,,,,,,CC,YOCR,BHZ,,45.379178,-121.743539,1913.7,IRIS,3.88,1.0,0.0,,False,,,False,0.0,False
289,"Steel Cliffs, Mount Hood",2022-10-11 21:44:50,2022-10-11 21:46:03,45.3663,-121.6975,rock fall,,,,,,,,,,,,,,CC,BRSP,BHZ,,45.40155,-121.70843,2080.0,IRIS,4.01,1.0,0.0,,False,,,False,0.0,False
289,"Steel Cliffs, Mount Hood",2022-10-11 21:44:50,2022-10-11 21:46:03,45.3663,-121.6975,rock fall,,,,,,,,,,,,,,CC,LSON,BHZ,,45.35961,-121.64708,1880.0,IRIS,4.02,1.0,0.0,,False,,,False,0.0,False
289,"Steel Cliffs, Mount Hood",2022-10-11 21:44:50,2022-10-11 21:46:03,45.3663,-121.6975,rock fall,,,,,,,,,,,,,,UW,VLL,EHZ,,45.46317,-121.68035,1195.0,IRIS,10.849,1.0,,,False,,,False,0.0,False
289,"Steel Cliffs, Mount Hood",2022-10-11 21:44:50,2022-10-11 21:46:03,45.3663,-121.6975,rock fall,,,,,,,,,,,,,,UW,TDH,EHZ,,45.28967,-121.79152,1541.0,IRIS,11.263,1.0,,,False,,,False,0.0,False
289,"Steel Cliffs, Mount Hood",2022-10-11 21:44:50,2022-10-11 21:46:03,45.3663,-121.6975,rock fall,,,,,,,,,,,,,,CC,HIYU,BHZ,,45.43523,-121.807396,1418.0,IRIS,11.521,1.0,0.0,,False,,,False,0.0,False
289,"Steel Cliffs, Mount Hood",2022-10-11 21:44:50,2022-10-11 21:46:03,45.3663,-121.6975,rock fall,,,,,,,,,,,,,,CC,SHRK,BHZ,,45.464317,-121.528767,1318.7,IRIS,17.12,1.0,0.0,,False,,,False,0.0,False
289,"Steel Cliffs, Mount Hood",2022-10-11 21:44:50,2022-10-11 21:46:03,45.3663,-121.6975,rock fall,,,,,,,,,,,,,,UW,VFP,HHZ,,45.317992,-121.466299,1722.0,IRIS,18.899,1.0,0.0,,False,,,False,0.0,False
290,"Nisqually, Mount Rainier 1",2021-09-13 17:16:07,2021-09-13 17:16:54,46.8435,-121.7478,ice fall,,,,,,,,,,,,,,UW,RCM,HHZ,,46.83564,-121.732979,3085.0,IRIS,1.345,1.0,0.0,,False,,,False,0.0,False
290,"Nisqually, Mount Rainier 1",2021-09-13 17:16:07,2021-09-13 17:16:54,46.8435,-121.7478,ice fall,,,,,,,,,,,,,,UW,RCS,EHZ,,46.87083,-121.73231,2877.0,IRIS,3.343,1.0,,,False,,,False,0.0,False
290,"Nisqually, Mount Rainier 1",2021-09-13 17:16:07,2021-09-13 17:16:54,46.8435,-121.7478,ice fall,,,,,,,,,,,,,,UW,STAR,EHZ,,46.850849,-121.792953,3365.0,IRIS,3.593,1.0,,,False,,,False,0.0,False
290,"Nisqually, Mount Rainier 1",2021-09-13 17:16:07,2021-09-13 17:16:54,46.8435,-121.7478,ice fall,,,,,,,,,,,,,,CC,PARA,BHZ,,46.786442,-121.742149,1651.2,IRIS,6.256,1.0,0.0,,False,,,False,0.0,False
290,"Nisqually, Mount Rainier 1",2021-09-13 17:16:07,2021-09-13 17:16:54,46.8435,-121.7478,ice fall,,,,,,,,,,,,,,CC,OBSR,BHZ,,46.899719,-121.815331,2382.0,IRIS,8.194,1.0,0.0,,False,,,False,0.0,False
290,"Nisqually, Mount Rainier 1",2021-09-13 17:16:07,2021-09-13 17:16:54,46.8435,-121.7478,ice fall,,,,,,,,,,,,,,UW,LO2,EHZ,,46.7506,-121.8096,853.0,IRIS,11.276,1.0,,,False,,,False,0.0,False
290,"Nisqually, Mount Rainier 1",2021-09-13 17:16:07,2021-09-13 17:16:54,46.8435,-121.7478,ice fall,,,,,,,,,,,,,,UW,LON,HHZ,,46.750599,-121.809601,853.0,IRIS,11.276,1.0,0.0,,False,,,False,0.0,False
290,"Nisqually, Mount Rainier 1",2021-09-13 17:16:07,2021-09-13 17:16:54,46.8435,-121.7478,ice fall,,,,,,,,,,,,,,UW,FMW,HHZ,,46.941914,-121.671463,1900.0,IRIS,12.465,1.0,0.0,,False,,,False,0.0,False
290,"Nisqually, Mount Rainier 1",2021-09-13 17:16:07,2021-09-13 17:16:54,46.8435,-121.7478,ice fall,,,,,,,,,,,,,,CC,PR05,BHZ,,46.841724,-121.94886,1553.0,IRIS,15.368,1.0,0.0,,False,,,False,0.0,False
290,"Nisqually, Mount Rainier 1",2021-09-13 17:16:07,2021-09-13 17:16:54,46.8435,-121.7478,ice fall,,,,,,,,,,,,,,CC,OPCH,BHZ,,46.731319,-121.571171,592.4,IRIS,18.279,1.0,0.0,,False,,,False,0.0,False
291,"Nisqually, Mount Rainier 2",2021-09-13 17:46:36,2021-09-13 17:47:25,46.8435,-121.7478,ice fall,,,,,,,,,,,,,,UW,RCM,HHZ,,46.83564,-121.732979,3085.0,IRIS,1.345,1.0,0.0,,False,,,False,0.0,False
291,"Nisqually, Mount Rainier 2",2021-09-13 17:46:36,2021-09-13 17:47:25,46.8435,-121.7478,ice fall,,,,,,,,,,,,,,UW,RCS,EHZ,,46.87083,-121.73231,2877.0,IRIS,3.343,1.0,,,False,,,False,0.0,False
291,"Nisqually, Mount Rainier 2",2021-09-13 17:46:36,2021-09-13 17:47:25,46.8435,-121.7478,ice fall,,,,,,,,,,,,,,UW,STAR,EHZ,,46.850849,-121.792953,3365.0,IRIS,3.593,1.0,,,False,,,False,0.0,False
291,"Nisqually, Mount Rainier 2",2021-09-13 17:46:36,2021-09-13 17:47:25,46.8435,-121.7478,ice fall,,,,,,,,,,,,,,CC,PARA,BHZ,,46.786442,-121.742149,1651.2,IRIS,6.256,1.0,0.0,,False,,,False,0.0,False
291,"Nisqually, Mount Rainier 2",2021-09-13 17:46:36,2021-09-13 17:47:25,46.8435,-121.7478,ice fall,,,,,,,,,,,,,,CC,OBSR,BHZ,,46.899719,-121.815331,2382.0,IRIS,8.194,1.0,0.0,,False,,,False,0.0,False
291,"Nisqually, Mount Rainier 2",2021-09-13 17:46:36,2021-09-13 17:47:25,46.8435,-121.7478,ice fall,,,,,,,,,,,,,,UW,LON,HHZ,,46.750599,-121.809601,853.0,IRIS,11.276,1.0,0.0,,False,,,False,0.0,False
291,"Nisqually, Mount Rainier 2",2021-09-13 17:46:36,2021-09-13 17:47:25,46.8435,-121.7478,ice fall,,,,,,,,,,,,,,UW,LO2,EHZ,,46.7506,-121.8096,853.0,IRIS,11.276,1.0,,,False,,,False,0.0,False
291,"Nisqually, Mount Rainier 2",2021-09-13 17:46:36,2021-09-13 17:47:25,46.8435,-121.7478,ice fall,,,,,,,,,,,,,,UW,FMW,HHZ,,46.941914,-121.671463,1900.0,IRIS,12.465,1.0,0.0,,False,,,False,0.0,False
291,"Nisqually, Mount Rainier 2",2021-09-13 17:46:36,2021-09-13 17:47:25,46.8435,-121.7478,ice fall,,,,,,,,,,,,,,CC,OPCH,BHZ,,46.731319,-121.571171,592.4,IRIS,18.279,1.0,0.0,,False,,,False,0.0,False
292,"Muddy River, Mount St Helens",2022-01-06 17:16:30,2022-01-06 17:32:53,46.1818,-122.1177,snow avalanche,,,,,,,,,,,,,,CC,REM,BHZ,,46.2002,-122.1855,1905.4,IRIS,5.619,1.0,0.0,,False,,,False,0.0,False
292,"Muddy River, Mount St Helens",2022-01-06 17:16:30,2022-01-06 17:32:53,46.1818,-122.1177,snow avalanche,,,,,,,,,,,,,,CC,SUG,BHZ,,46.215549,-122.176262,1859.0,IRIS,5.874,1.0,0.0,,False,,,False,0.0,False
292,"Muddy River, Mount St Helens",2022-01-06 17:16:30,2022-01-06 17:32:53,46.1818,-122.1177,snow avalanche,,,,,,,,,,,,,,PB,B204,EHZ,,46.136,-122.169,784.2,IRIS,6.451,1.0,,,False,,,False,0.0,False
292,"Muddy River, Mount St Helens",2022-01-06 17:16:30,2022-01-06 17:32:53,46.1818,-122.1177,snow avalanche,,,,,,,,,,,,,,CC,VALT,BHZ,,46.21422,-122.18925,1681.0,IRIS,6.594,1.0,0.0,,False,,,False,0.0,False
292,"Muddy River, Mount St Helens",2022-01-06 17:16:30,2022-01-06 17:32:53,46.1818,-122.1177,snow avalanche,,,,,,,,,,,,,,CC,LOO,BHZ,,46.22375,-122.18439,1521.3,IRIS,6.945,1.0,0.0,,False,,,False,0.0,False
292,"Muddy River, Mount St Helens",2022-01-06 17:16:30,2022-01-06 17:32:53,46.1818,-122.1177,snow avalanche,,,,,,,,,,,,,,PB,B202,EHZ,,46.2447,-122.1367,1218.6,IRIS,7.144,1.0,,,False,,,False,0.0,False
292,"Muddy River, Mount St Helens",2022-01-06 17:16:30,2022-01-06 17:32:53,46.1818,-122.1177,snow avalanche,,,,,,,,,,,,,,CC,SWF2,BHZ,,46.17835,-122.21677,1548.0,IRIS,7.659,1.0,0.0,,False,,,False,0.0,False
292,"Muddy River, Mount St Helens",2022-01-06 17:16:30,2022-01-06 17:32:53,46.1818,-122.1177,snow avalanche,,,,,,,,,,,,,,CC,HOA,BHZ,,46.24178,-122.19183,1151.0,IRIS,8.785,1.0,0.0,,False,,,False,0.0,False
292,"Muddy River, Mount St Helens",2022-01-06 17:16:30,2022-01-06 17:32:53,46.1818,-122.1177,snow avalanche,,,,,,,,,,,,,,UW,SHW,HHZ,,46.19364,-122.23492,1441.0,IRIS,9.145,1.0,0.0,,False,,,False,0.0,False
292,"Muddy River, Mount St Helens",2022-01-06 17:16:30,2022-01-06 17:32:53,46.1818,-122.1177,snow avalanche,,,,,,,,,,,,,,CC,JRO,HHZ,,46.27527,-122.21826,1219.0,IRIS,12.966,1.0,0.0,,False,,,False,0.0,False
293,"Shoestring Notch, Mount St Helens",2022-01-06 13:31:12,2022-01-06 13:50:04,46.1894,-122.1655,snow avalanche,,,,,,,,,,,,,,CC,REM,BHZ,,46.2002,-122.1855,1905.4,IRIS,1.956,1.0,0.0,,False,,,False,0.0,False
293,"Shoestring Notch, Mount St Helens",2022-01-06 13:31:12,2022-01-06 13:50:04,46.1894,-122.1655,snow avalanche,,,,,,,,,,,,,,CC,SUG,BHZ,,46.215549,-122.176262,1859.0,IRIS,3.023,1.0,0.0,,False,,,False,0.0,False
293,"Shoestring Notch, Mount St Helens",2022-01-06 13:31:12,2022-01-06 13:50:04,46.1894,-122.1655,snow avalanche,,,,,,,,,,,,,,CC,VALT,BHZ,,46.21422,-122.18925,1681.0,IRIS,3.312,1.0,0.0,,False,,,False,0.0,False
293,"Shoestring Notch, Mount St Helens",2022-01-06 13:31:12,2022-01-06 13:50:04,46.1894,-122.1655,snow avalanche,,,,,,,,,,,,,,CC,LOO,BHZ,,46.22375,-122.18439,1521.3,IRIS,4.087,1.0,0.0,,False,,,False,0.0,False
293,"Shoestring Notch, Mount St Helens",2022-01-06 13:31:12,2022-01-06 13:50:04,46.1894,-122.1655,snow avalanche,,,,,,,,,,,,,,CC,SWF2,BHZ,,46.17835,-122.21677,1548.0,IRIS,4.145,1.0,0.0,,False,,,False,0.0,False
293,"Shoestring Notch, Mount St Helens",2022-01-06 13:31:12,2022-01-06 13:50:04,46.1894,-122.1655,snow avalanche,,,,,,,,,,,,,,UW,SHW,HHZ,,46.19364,-122.23492,1441.0,IRIS,5.38,1.0,0.0,,False,,,False,0.0,False
293,"Shoestring Notch, Mount St Helens",2022-01-06 13:31:12,2022-01-06 13:50:04,46.1894,-122.1655,snow avalanche,,,,,,,,,,,,,,PB,B204,EHZ,,46.136,-122.169,784.2,IRIS,5.942,1.0,,,False,,,False,0.0,False
293,"Shoestring Notch, Mount St Helens",2022-01-06 13:31:12,2022-01-06 13:50:04,46.1894,-122.1655,snow avalanche,,,,,,,,,,,,,,CC,HOA,BHZ,,46.24178,-122.19183,1151.0,IRIS,6.167,1.0,0.0,,False,,,False,0.0,False
293,"Shoestring Notch, Mount St Helens",2022-01-06 13:31:12,2022-01-06 13:50:04,46.1894,-122.1655,snow avalanche,,,,,,,,,,,,,,PB,B202,EHZ,,46.2447,-122.1367,1218.6,IRIS,6.536,1.0,,,False,,,False,0.0,False
293,"Shoestring Notch, Mount St Helens",2022-01-06 13:31:12,2022-01-06 13:50:04,46.1894,-122.1655,snow avalanche,,,,,,,,,,,,,,PB,B203,EHZ,,46.169,-122.333667,814.4,IRIS,13.181,1.0,,,False,,,False,0.0,False
294,Ellsworth Glacier,2022-09-15 05:01:34,2022-09-15 05:05:44,60.1648,-148.9901,rock avalanche,950000.0,57000.0,37000.0,76000.0,2100000.0,1400000.0,3100000.0,9000000000.0,,,700.0,650.0,750.0,AK,SWD,BHZ,,60.1043,-149.4526,77.0,IRIS,26.572,1.0,1.0,,False,,,False,0.0,False
294,Ellsworth Glacier,2022-09-15 05:01:34,2022-09-15 05:05:44,60.1648,-148.9901,rock avalanche,950000.0,57000.0,37000.0,76000.0,2100000.0,1400000.0,3100000.0,9000000000.0,,,700.0,650.0,750.0,AK,SLK,BHZ,,60.5117,-150.2231,655.0,IRIS,78.3,1.0,1.0,,False,,,False,0.0,False
294,Ellsworth Glacier,2022-09-15 05:01:34,2022-09-15 05:05:44,60.1648,-148.9901,rock avalanche,950000.0,57000.0,37000.0,76000.0,2100000.0,1400000.0,3100000.0,9000000000.0,,,700.0,650.0,750.0,AK,PWL,BHZ,,60.8584,-148.3334,550.0,IRIS,85.286,1.0,1.0,,False,,,False,0.0,False
294,Ellsworth Glacier,2022-09-15 05:01:34,2022-09-15 05:05:44,60.1648,-148.9901,rock avalanche,950000.0,57000.0,37000.0,76000.0,2100000.0,1400000.0,3100000.0,9000000000.0,,,700.0,650.0,750.0,AK,P23K,BHZ,,59.9979,-147.4031,287.0,IRIS,90.271,1.0,1.0,,False,,,False,0.0,False
294,Ellsworth Glacier,2022-09-15 05:01:34,2022-09-15 05:05:44,60.1648,-148.9901,rock avalanche,950000.0,57000.0,37000.0,76000.0,2100000.0,1400000.0,3100000.0,9000000000.0,,,700.0,650.0,750.0,AK,BRSE,BHZ,,59.7417,-150.7414,541.0,IRIS,108.617,1.0,1.0,,False,,,False,0.0,False
294,Ellsworth Glacier,2022-09-15 05:01:34,2022-09-15 05:05:44,60.1648,-148.9901,rock avalanche,950000.0,57000.0,37000.0,76000.0,2100000.0,1400000.0,3100000.0,9000000000.0,,,700.0,650.0,750.0,AK,RC01,BHZ,,61.0889,-149.739,390.0,IRIS,110.825,1.0,1.0,,False,,,False,0.0,False
294,Ellsworth Glacier,2022-09-15 05:01:34,2022-09-15 05:05:44,60.1648,-148.9901,rock avalanche,950000.0,57000.0,37000.0,76000.0,2100000.0,1400000.0,3100000.0,9000000000.0,,,700.0,650.0,750.0,AK,BRLK,BHZ,,59.7511,-150.9063,409.0,IRIS,116.554,1.0,1.0,,False,,,False,0.0,False
294,Ellsworth Glacier,2022-09-15 05:01:34,2022-09-15 05:05:44,60.1648,-148.9901,rock avalanche,950000.0,57000.0,37000.0,76000.0,2100000.0,1400000.0,3100000.0,9000000000.0,,,700.0,650.0,750.0,AK,BAT,BHZ,,61.1416,-148.1751,1027.0,IRIS,117.611,1.0,1.0,,False,,,False,0.0,False
294,Ellsworth Glacier,2022-09-15 05:01:34,2022-09-15 05:05:44,60.1648,-148.9901,rock avalanche,950000.0,57000.0,37000.0,76000.0,2100000.0,1400000.0,3100000.0,9000000000.0,,,700.0,650.0,750.0,AK,BAE,BHZ,,61.1319,-148.1234,578.0,IRIS,117.724,1.0,1.0,,False,,,False,0.0,False
294,Ellsworth Glacier,2022-09-15 05:01:34,2022-09-15 05:05:44,60.1648,-148.9901,rock avalanche,950000.0,57000.0,37000.0,76000.0,2100000.0,1400000.0,3100000.0,9000000000.0,,,700.0,650.0,750.0,AK,FIRE,BHZ,,61.1426,-150.2164,62.0,IRIS,127.936,1.0,1.0,,False,,,False,0.0,False
295,Mount St Helens,2022-05-16 22:08:46,2022-05-16 22:12:31,46.2046,-122.1994,snow avalanche,,,,,,,,,,,,,,CC,REM,BHZ,,46.2002,-122.1855,1905.4,IRIS,1.179,1.0,0.0,,False,,,False,0.0,False
295,Mount St Helens,2022-05-16 22:08:46,2022-05-16 22:12:31,46.2046,-122.1994,snow avalanche,,,,,,,,,,,,,,CC,VALT,BHZ,,46.21422,-122.18925,1681.0,IRIS,1.326,1.0,0.0,,False,,,False,0.0,False
295,Mount St Helens,2022-05-16 22:08:46,2022-05-16 22:12:31,46.2046,-122.1994,snow avalanche,,,,,,,,,,,,,,CC,SUG,BHZ,,46.215549,-122.176262,1859.0,IRIS,2.161,1.0,0.0,,False,,,False,0.0,False
295,Mount St Helens,2022-05-16 22:08:46,2022-05-16 22:12:31,46.2046,-122.1994,snow avalanche,,,,,,,,,,,,,,CC,LOO,BHZ,,46.22375,-122.18439,1521.3,IRIS,2.423,1.0,0.0,,False,,,False,0.0,False
295,Mount St Helens,2022-05-16 22:08:46,2022-05-16 22:12:31,46.2046,-122.1994,snow avalanche,,,,,,,,,,,,,,UW,SHW,HHZ,,46.19364,-122.23492,1441.0,IRIS,3.0,1.0,0.0,,False,,,False,0.0,False
295,Mount St Helens,2022-05-16 22:08:46,2022-05-16 22:12:31,46.2046,-122.1994,snow avalanche,,,,,,,,,,,,,,CC,SWF2,BHZ,,46.17835,-122.21677,1548.0,IRIS,3.211,1.0,0.0,,False,,,False,0.0,False
295,Mount St Helens,2022-05-16 22:08:46,2022-05-16 22:12:31,46.2046,-122.1994,snow avalanche,,,,,,,,,,,,,,UW,HSR,EHZ,,46.17428,-122.18065,1720.0,IRIS,3.668,1.0,,,False,,,False,0.0,False
295,Mount St Helens,2022-05-16 22:08:46,2022-05-16 22:12:31,46.2046,-122.1994,snow avalanche,,,,,,,,,,,,,,UW,EDM,EHZ,,46.19717,-122.15121,1609.0,IRIS,3.81,1.0,,,False,,,False,0.0,False
295,Mount St Helens,2022-05-16 22:08:46,2022-05-16 22:12:31,46.2046,-122.1994,snow avalanche,,,,,,,,,,,,,,CC,STD,BHZ,,46.23761,-122.22396,1268.0,IRIS,4.13,1.0,0.0,,False,,,False,0.0,False
295,Mount St Helens,2022-05-16 22:08:46,2022-05-16 22:12:31,46.2046,-122.1994,snow avalanche,,,,,,,,,,,,,,UW,SOS,EHZ,,46.24386,-122.13787,1270.0,IRIS,6.448,1.0,,,True,EHZ,100.0,True,5.352390270676407,True
296,Mount St Helens 1,2022-09-01 20:45:53,2022-09-01 20:47:05,46.1985,-122.1759,rock fall,,,,,,,,,,,,,,CC,REM,BHZ,,46.2002,-122.1855,1905.4,IRIS,0.879,1.0,0.0,,True,BHZ,50.0,True,11.407082580832032,True
296,Mount St Helens 1,2022-09-01 20:45:53,2022-09-01 20:47:05,46.1985,-122.1759,rock fall,,,,,,,,,,,,,,UW,EDM,EHZ,,46.19717,-122.15121,1609.0,IRIS,1.829,1.0,,,True,EHZ,100.0,True,9.943742610733551,True
296,Mount St Helens 1,2022-09-01 20:45:53,2022-09-01 20:47:05,46.1985,-122.1759,rock fall,,,,,,,,,,,,,,CC,SUG,BHZ,,46.215549,-122.176262,1859.0,IRIS,2.031,1.0,0.0,,True,BHZ,50.0,True,4.754444292733996,True
296,Mount St Helens 1,2022-09-01 20:45:53,2022-09-01 20:47:05,46.1985,-122.1759,rock fall,,,,,,,,,,,,,,UW,HSR,EHZ,,46.17428,-122.18065,1720.0,IRIS,2.597,1.0,,,True,EHZ,100.0,True,4.201838619862151,True
296,Mount St Helens 1,2022-09-01 20:45:53,2022-09-01 20:47:05,46.1985,-122.1759,rock fall,,,,,,,,,,,,,,UW,HSR,HHZ,,46.17417,-122.1806,1720.0,IRIS,2.608,1.0,0.0,,True,EHZ,100.0,True,4.201838619862151,True
296,Mount St Helens 1,2022-09-01 20:45:53,2022-09-01 20:47:05,46.1985,-122.1759,rock fall,,,,,,,,,,,,,,CC,SWF2,BHZ,,46.17835,-122.21677,1548.0,IRIS,3.858,1.0,0.0,,True,BHZ,50.0,True,3.5915067249472195,False
297,Mount St Helens 2,2022-09-01 20:54:21,2022-09-01 20:56:27,46.2049,-122.1742,rock fall,,,,,,,,,,,,,,CC,REM,BHZ,,46.2002,-122.1855,1905.4,IRIS,1.157,1.0,0.0,,True,BHZ,50.0,True,7.360315277165737,True
297,Mount St Helens 2,2022-09-01 20:54:21,2022-09-01 20:56:27,46.2049,-122.1742,rock fall,,,,,,,,,,,,,,CC,SUG,BHZ,,46.215549,-122.176262,1859.0,IRIS,1.214,1.0,0.0,,True,BHZ,50.0,True,6.136366009205181,True
297,Mount St Helens 2,2022-09-01 20:54:21,2022-09-01 20:56:27,46.2049,-122.1742,rock fall,,,,,,,,,,,,,,UW,EDM,EHZ,,46.19717,-122.15121,1609.0,IRIS,1.839,1.0,,,True,EHZ,100.0,True,11.5682759192793,True
297,Mount St Helens 2,2022-09-01 20:54:21,2022-09-01 20:56:27,46.2049,-122.1742,rock fall,,,,,,,,,,,,,,UW,HSR,EHZ,,46.17428,-122.18065,1720.0,IRIS,3.476,1.0,,,True,EHZ,100.0,True,3.914042610100239,True
297,Mount St Helens 2,2022-09-01 20:54:21,2022-09-01 20:56:27,46.2049,-122.1742,rock fall,,,,,,,,,,,,,,UW,HSR,HHZ,,46.17417,-122.1806,1720.0,IRIS,3.488,1.0,0.0,,True,EHZ,100.0,True,3.914042610100239,True
297,Mount St Helens 2,2022-09-01 20:54:21,2022-09-01 20:56:27,46.2049,-122.1742,rock fall,,,,,,,,,,,,,,CC,SWF2,BHZ,,46.17835,-122.21677,1548.0,IRIS,4.54,1.0,0.0,,True,BHZ,50.0,True,3.410417941193608,False
298,Mount St Helens,2022-09-03 20:52:15,2022-09-03 20:55:01,46.2014,-122.1753,rock fall,,,,,,,,,,,,,,CC,REM,BHZ,,46.2002,-122.1855,1905.4,IRIS,0.798,1.0,0.0,,True,BHZ,50.0,True,8.484660741650934,True
298,Mount St Helens,2022-09-03 20:52:15,2022-09-03 20:55:01,46.2014,-122.1753,rock fall,,,,,,,,,,,,,,CC,SUG,BHZ,,46.215549,-122.176262,1859.0,IRIS,1.574,1.0,0.0,,True,BHZ,50.0,True,7.799976707911075,True
298,Mount St Helens,2022-09-03 20:52:15,2022-09-03 20:55:01,46.2014,-122.1753,rock fall,,,,,,,,,,,,,,CC,VALT,BHZ,,46.21422,-122.18925,1681.0,IRIS,1.786,1.0,0.0,,True,BHZ,50.0,True,7.924957678973891,True
298,Mount St Helens,2022-09-03 20:52:15,2022-09-03 20:55:01,46.2014,-122.1753,rock fall,,,,,,,,,,,,,,UW,EDM,EHZ,,46.19717,-122.15121,1609.0,IRIS,1.918,1.0,,,True,EHZ,100.0,True,9.094488294848308,True
298,Mount St Helens,2022-09-03 20:52:15,2022-09-03 20:55:01,46.2014,-122.1753,rock fall,,,,,,,,,,,,,,CC,LOO,BHZ,,46.22375,-122.18439,1521.3,IRIS,2.581,1.0,0.0,,True,BHZ,50.0,True,7.929713482802558,True
298,Mount St Helens,2022-09-03 20:52:15,2022-09-03 20:55:01,46.2014,-122.1753,rock fall,,,,,,,,,,,,,,UW,HSR,EHZ,,46.17428,-122.18065,1720.0,IRIS,3.043,1.0,,,True,EHZ,100.0,True,7.78740300097724,False
298,Mount St Helens,2022-09-03 20:52:15,2022-09-03 20:55:01,46.2014,-122.1753,rock fall,,,,,,,,,,,,,,UW,HSR,HHZ,,46.17417,-122.1806,1720.0,IRIS,3.054,1.0,0.0,,True,EHZ,100.0,True,7.78740300097724,False
298,Mount St Helens,2022-09-03 20:52:15,2022-09-03 20:55:01,46.2014,-122.1753,rock fall,,,,,,,,,,,,,,CC,SWF2,BHZ,,46.17835,-122.21677,1548.0,IRIS,4.1,1.0,0.0,,True,BHZ,50.0,True,5.7177175221031415,False
298,Mount St Helens,2022-09-03 20:52:15,2022-09-03 20:55:01,46.2014,-122.1753,rock fall,,,,,,,,,,,,,,CC,HOA,BHZ,,46.24178,-122.19183,1151.0,IRIS,4.666,1.0,0.0,,True,BHZ,50.0,True,4.751319166575089,False
298,Mount St Helens,2022-09-03 20:52:15,2022-09-03 20:55:01,46.2014,-122.1753,rock fall,,,,,,,,,,,,,,UW,SHW,HHZ,,46.19364,-122.23492,1441.0,IRIS,4.682,1.0,0.0,,True,HHZ,100.0,True,6.447251676679768,False
299,Snowpatch Spire,2022-12-22 10:18:34,2022-12-22 10:21:06,50.7395,-116.7833,rock fall,60000.0,3500.0,2600.0,4100.0,23000.0,18000.0,30000.0,,,,240.0,200.0,320.0,TD,TD025,HHZ,,51.16141,-114.67631,1309.0,IRIS,155.318,1.0,0.0,,True,HHZ,100.0,True,7.860718601984775,True
299,Snowpatch Spire,2022-12-22 10:18:34,2022-12-22 10:21:06,50.7395,-116.7833,rock fall,60000.0,3500.0,2600.0,4100.0,23000.0,18000.0,30000.0,,,,240.0,200.0,320.0,TD,TD026,HHZ,,51.29277,-114.70697,1359.0,IRIS,158.163,1.0,0.0,,True,HHZ,100.0,True,8.156369980720669,True
299,Snowpatch Spire,2022-12-22 10:18:34,2022-12-22 10:21:06,50.7395,-116.7833,rock fall,60000.0,3500.0,2600.0,4100.0,23000.0,18000.0,30000.0,,,,240.0,200.0,320.0,TD,TD009,HHZ,,52.32058,-116.32337,1335.0,IRIS,178.779,1.0,0.0,,True,HHZ,100.0,True,3.069782221139894,False
299,Snowpatch Spire,2022-12-22 10:18:34,2022-12-22 10:21:06,50.7395,-116.7833,rock fall,60000.0,3500.0,2600.0,4100.0,23000.0,18000.0,30000.0,,,,240.0,200.0,320.0,TD,TD027,HHZ,,51.05079,-114.23182,1219.0,IRIS,182.811,1.0,0.0,,True,HHZ,100.0,True,5.029886694453052,True
299,Snowpatch Spire,2022-12-22 10:18:34,2022-12-22 10:21:06,50.7395,-116.7833,rock fall,60000.0,3500.0,2600.0,4100.0,23000.0,18000.0,30000.0,,,,240.0,200.0,320.0,TD,TD022,HHZ,,51.17701,-114.2288,1267.0,IRIS,185.952,1.0,0.0,,True,HHZ,100.0,True,5.567862703485012,True
299,Snowpatch Spire,2022-12-22 10:18:34,2022-12-22 10:21:06,50.7395,-116.7833,rock fall,60000.0,3500.0,2600.0,4100.0,23000.0,18000.0,30000.0,,,,240.0,200.0,320.0,RV,PKSKA,HHZ,,50.433651,-114.122925,1231.0,IRIS,191.443,1.0,0.0,,True,HHZ,100.0,True,6.5226341312730085,True
300,El Capitan,2023-02-20 19:40:59,2023-02-20 19:41:48,37.731081,-119.627161,rock fall,,,,,1595.0,,,,,,450.0,,,NC,MPR,EHZ,,37.80431,-120.014099,1386.0,"IRIS,NCEDC,SCEDC",35.048,1.0,,,True,EHZ,100.0,True,14.403159994587853,True
300,El Capitan,2023-02-20 19:40:59,2023-02-20 19:41:48,37.731081,-119.627161,rock fall,,,,,1595.0,,,,,,450.0,,,BK,MMI,BHZ,00,37.41964,-119.74378,1306.5,"IRIS,NCEDC,SCEDC",36.069,1.0,0.0,,True,HHZ,100.0,True,9.398300109097246,True
300,El Capitan,2023-02-20 19:40:59,2023-02-20 19:41:48,37.731081,-119.627161,rock fall,,,,,1595.0,,,,,,450.0,,,BK,MMI,HHZ,00,37.41964,-119.74378,1306.5,"IRIS,NCEDC,SCEDC",36.069,1.0,0.0,,True,HHZ,100.0,True,9.398300109097246,True
300,El Capitan,2023-02-20 19:40:59,2023-02-20 19:41:48,37.731081,-119.627161,rock fall,,,,,1595.0,,,,,,450.0,,,NC,MMI,EHZ,,37.419617,-119.743813,1288.0,"NCEDC,SCEDC",36.072,1.0,,,True,EHZ,100.0,True,11.181984282787496,True
300,El Capitan,2023-02-20 19:40:59,2023-02-20 19:41:48,37.731081,-119.627161,rock fall,,,,,1595.0,,,,,,450.0,,,BK,BUCR,HHZ,00,37.6733,-120.1496,1034.0,"IRIS,NCEDC,SCEDC",46.516,1.0,0.0,,True,HHZ,100.0,True,9.275557298989064,True
300,El Capitan,2023-02-20 19:40:59,2023-02-20 19:41:48,37.731081,-119.627161,rock fall,,,,,1595.0,,,,,,450.0,,,BK,BUCR,BHZ,00,37.6733,-120.1496,1034.0,"IRIS,NCEDC,SCEDC",46.516,1.0,0.0,,True,HHZ,100.0,True,9.275557298989064,False
300,El Capitan,2023-02-20 19:40:59,2023-02-20 19:41:48,37.731081,-119.627161,rock fall,,,,,1595.0,,,,,,450.0,,,NC,MDC,EHZ,02,37.70969,-119.041862,2493.0,"NCEDC,SCEDC",51.657,1.0,,,True,EHZ,100.0,True,4.793098340310255,False
300,El Capitan,2023-02-20 19:40:59,2023-02-20 19:41:48,37.731081,-119.627161,rock fall,,,,,1595.0,,,,,,450.0,,,NC,MMP,EHZ,,37.609707,-119.028702,2818.0,"NCEDC,SCEDC",54.49,1.0,,,True,EHZ,100.0,True,3.6700301961799777,False
300,El Capitan,2023-02-20 19:40:59,2023-02-20 19:41:48,37.731081,-119.627161,rock fall,,,,,1595.0,,,,,,450.0,,,NC,MMT,EHZ,,37.376038,-119.179619,2714.0,"NCEDC,SCEDC",55.827,1.0,,,True,EHZ,100.0,True,5.847865448374932,False
300,El Capitan,2023-02-20 19:40:59,2023-02-20 19:41:48,37.731081,-119.627161,rock fall,,,,,1595.0,,,,,,450.0,,,BK,DRDG,BHZ,00,38.16819,-119.96892,2135.6,"IRIS,NCEDC,SCEDC",57.063,1.0,0.0,,True,HHZ,100.0,True,9.155728071329754,False
301,"Kandersteg, Switzerland",2023-02-23 15:29:32,2023-02-23 15:31:15,46.491,7.658,rock fall,,,,,18000.0,15000.0,20000.0,,,,,,,CH,LAUCH,HHZ,,46.41554,7.77166,2160.0,ETH,12.108,1.0,1.0,,True,HHZ,120.0,True,42.93063699707039,True
301,"Kandersteg, Switzerland",2023-02-23 15:29:32,2023-02-23 15:31:15,46.491,7.658,rock fall,,,,,18000.0,15000.0,20000.0,,,,,,,CH,LAUCH,BHZ,,46.41554,7.77166,2160.0,ETH,12.108,1.0,1.0,,True,HHZ,120.0,True,42.93063699707039,True
301,"Kandersteg, Switzerland",2023-02-23 15:29:32,2023-02-23 15:31:15,46.491,7.658,rock fall,,,,,18000.0,15000.0,20000.0,,,,,,,CH,WIMIS,BHZ,,46.66488,7.62418,770.0,ETH,19.502,1.0,1.0,,True,HHZ,200.0,True,41.13401145913468,True
301,"Kandersteg, Switzerland",2023-02-23 15:29:32,2023-02-23 15:31:15,46.491,7.658,rock fall,,,,,18000.0,15000.0,20000.0,,,,,,,CH,WIMIS,HHZ,,46.66488,7.62418,770.0,ETH,19.502,1.0,1.0,,True,HHZ,200.0,True,41.13401145913468,True
301,"Kandersteg, Switzerland",2023-02-23 15:29:32,2023-02-23 15:31:15,46.491,7.658,rock fall,,,,,18000.0,15000.0,20000.0,,,,,,,CH,SENIN,HHZ,,46.36335,7.29938,2019.6,"ETH,IRIS",31.003,1.0,1.0,,True,HHZ,200.0,True,33.89294918392179,True
301,"Kandersteg, Switzerland",2023-02-23 15:29:32,2023-02-23 15:31:15,46.491,7.658,rock fall,,,,,18000.0,15000.0,20000.0,,,,,,,CH,SENIN,BHZ,,46.36335,7.29938,2019.6,"ETH,IRIS",31.003,1.0,1.0,,True,HHZ,200.0,True,33.89294918392179,False
301,"Kandersteg, Switzerland",2023-02-23 15:29:32,2023-02-23 15:31:15,46.491,7.658,rock fall,,,,,18000.0,15000.0,20000.0,,,,,,,CH,VANNI,HHZ,,46.21006,7.59678,1520.0,ETH,31.582,1.0,1.0,,True,HHZ,120.0,True,12.378862600594752,False
301,"Kandersteg, Switzerland",2023-02-23 15:29:32,2023-02-23 15:31:15,46.491,7.658,rock fall,,,,,18000.0,15000.0,20000.0,,,,,,,CH,VANNI,BHZ,,46.21006,7.59678,1520.0,ETH,31.582,1.0,1.0,,True,HHZ,120.0,True,12.378862600594752,False
301,"Kandersteg, Switzerland",2023-02-23 15:29:32,2023-02-23 15:31:15,46.491,7.658,rock fall,,,,,18000.0,15000.0,20000.0,,,,,,,CH,JAUN,HHZ,,46.63395,7.29096,1658.0,ETH,32.319,1.0,1.0,,True,HHZ,200.0,True,22.55651047050851,False
301,"Kandersteg, Switzerland",2023-02-23 15:29:32,2023-02-23 15:31:15,46.491,7.658,rock fall,,,,,18000.0,15000.0,20000.0,,,,,,,CH,JAUN,BHZ,,46.63395,7.29096,1658.0,ETH,32.319,1.0,1.0,,True,HHZ,200.0,True,22.55651047050851,False
302,"Casamicciola, Italy",2022-11-26 04:00:41,2022-11-26 04:04:01,40.7319,13.8982,debris flow,45000.0,,,,40000.0,,,,,,440.0,,,IV,ICVJ,EHZ,,40.74351,13.89522,81.0,INGV,1.314,1.0,,1.0,True,EHZ,100.0,True,6.504639799804096,True
302,"Casamicciola, Italy",2022-11-26 04:00:41,2022-11-26 04:04:01,40.7319,13.8982,debris flow,45000.0,,,,40000.0,,,,,,440.0,,,IV,IOCA,HHZ,,40.746797,13.90142,166.0,INGV,1.677,1.0,0.0,1.0,True,HHZ,100.0,True,6.409482493763884,True
302,"Casamicciola, Italy",2022-11-26 04:00:41,2022-11-26 04:04:01,40.7319,13.8982,debris flow,45000.0,,,,40000.0,,,,,,440.0,,,IV,IMTC,HHZ,,40.720887,13.875813,256.0,INGV,2.252,1.0,0.0,1.0,True,HHZ,100.0,True,4.213519588284743,True
302,"Casamicciola, Italy",2022-11-26 04:00:41,2022-11-26 04:04:01,40.7319,13.8982,debris flow,45000.0,,,,40000.0,,,,,,440.0,,,IV,IBCM,EHZ,,40.71089,13.91612,314.0,INGV,2.781,1.0,,1.0,True,EHZ,100.0,True,4.288409728257865,True
302,"Casamicciola, Italy",2022-11-26 04:00:41,2022-11-26 04:04:01,40.7319,13.8982,debris flow,45000.0,,,,40000.0,,,,,,440.0,,,IV,IFOR,HHZ,,40.711512,13.855177,278.0,INGV,4.282,1.0,0.0,0.0,True,HHZ,100.0,True,3.406508149701747,True
303,"Mel de la Niva, Switzerland",2015-10-19 07:23:51,2015-10-19 07:25:42,46.1012,7.4657,rock fall,,,,,1750.0,1500.0,2000.0,,,,1020.0,970.0,1060.0,CH,DIX,BHZ,,46.081053,7.408391,2370.2,ETH,4.966,1.0,0.0,,True,HHZ,120.0,True,10.349892910484584,True
303,"Mel de la Niva, Switzerland",2015-10-19 07:23:51,2015-10-19 07:25:42,46.1012,7.4657,rock fall,,,,,1750.0,1500.0,2000.0,,,,1020.0,970.0,1060.0,CH,DIX,HHZ,,46.081053,7.408391,2370.2,ETH,4.966,1.0,0.0,,True,HHZ,120.0,True,10.349892910484584,True
303,"Mel de la Niva, Switzerland",2015-10-19 07:23:51,2015-10-19 07:25:42,46.1012,7.4657,rock fall,,,,,1750.0,1500.0,2000.0,,,,1020.0,970.0,1060.0,CH,VANNI,HHZ,,46.21006,7.59678,1520.0,ETH,15.778,1.0,0.0,,True,HHZ,120.0,True,4.734268765022197,True
303,"Mel de la Niva, Switzerland",2015-10-19 07:23:51,2015-10-19 07:25:42,46.1012,7.4657,rock fall,,,,,1750.0,1500.0,2000.0,,,,1020.0,970.0,1060.0,CH,VANNI,BHZ,,46.21006,7.59678,1520.0,ETH,15.778,1.0,0.0,,True,HHZ,120.0,True,4.734268765022197,True
303,"Mel de la Niva, Switzerland",2015-10-19 07:23:51,2015-10-19 07:25:42,46.1012,7.4657,rock fall,,,,,1750.0,1500.0,2000.0,,,,1020.0,970.0,1060.0,1I,MH36,EHZ,A,45.980278,7.670195,3463.0,ETH,20.766,1.0,,,True,EHZ,1000.0,True,5.843910215161269,False
303,"Mel de la Niva, Switzerland",2015-10-19 07:23:51,2015-10-19 07:25:42,46.1012,7.4657,rock fall,,,,,1750.0,1500.0,2000.0,,,,1020.0,970.0,1060.0,CH,EMBD,BHZ,,46.21652,7.83223,1180.0,ETH,31.078,1.0,0.0,,True,HHZ,120.0,True,3.559773128440044,False
303,"Mel de la Niva, Switzerland",2015-10-19 07:23:51,2015-10-19 07:25:42,46.1012,7.4657,rock fall,,,,,1750.0,1500.0,2000.0,,,,1020.0,970.0,1060.0,CH,EMBD,HHZ,,46.21652,7.83223,1180.0,ETH,31.078,1.0,0.0,,True,HHZ,120.0,True,3.559773128440044,False
303,"Mel de la Niva, Switzerland",2015-10-19 07:23:51,2015-10-19 07:25:42,46.1012,7.4657,rock fall,,,,,1750.0,1500.0,2000.0,,,,1020.0,970.0,1060.0,CH,SENIN,BHZ,,46.36335,7.29938,2019.6,"ETH,IRIS",31.839,1.0,0.0,,True,HHZ,120.0,True,4.636995908657934,True
303,"Mel de la Niva, Switzerland",2015-10-19 07:23:51,2015-10-19 07:25:42,46.1012,7.4657,rock fall,,,,,1750.0,1500.0,2000.0,,,,1020.0,970.0,1060.0,CH,SENIN,HHZ,,46.36335,7.29938,2019.6,"ETH,IRIS",31.839,1.0,0.0,,True,HHZ,120.0,True,4.636995908657934,False
303,"Mel de la Niva, Switzerland",2015-10-19 07:23:51,2015-10-19 07:25:42,46.1012,7.4657,rock fall,,,,,1750.0,1500.0,2000.0,,,,1020.0,970.0,1060.0,CH,GRYON,EHZ,,46.25053,7.11106,1282.0,ETH,32.022,1.0,,,True,EHZ,120.0,True,3.497940757168681,False
304,"Monte Rosa, Italy",2005-08-25 02:36:11,2005-08-25 02:38:04,45.9356,7.88,ice avalanche,1100000.0,,,,1400000.0,,,,,,1700.0,,,CH,MMK,BHZ,,46.0507,7.96409,2200.0,ETH,14.357,1.0,1.0,,True,HHZ,120.0,True,24.15709914202101,True
304,"Monte Rosa, Italy",2005-08-25 02:36:11,2005-08-25 02:38:04,45.9356,7.88,ice avalanche,1100000.0,,,,1400000.0,,,,,,1700.0,,,CH,MMK,HHZ,,46.0507,7.96409,2200.0,ETH,14.357,1.0,1.0,,True,HHZ,120.0,True,24.15709914202101,True
304,"Monte Rosa, Italy",2005-08-25 02:36:11,2005-08-25 02:38:04,45.9356,7.88,ice avalanche,1100000.0,,,,1400000.0,,,,,,1700.0,,,CH,DIX,HHZ,,46.081053,7.408391,2370.2,ETH,39.945,1.0,1.0,,True,HHZ,120.0,True,15.906519684855803,True
304,"Monte Rosa, Italy",2005-08-25 02:36:11,2005-08-25 02:38:04,45.9356,7.88,ice avalanche,1100000.0,,,,1400000.0,,,,,,1700.0,,,CH,DIX,BHZ,,46.081053,7.408391,2370.2,ETH,39.945,1.0,1.0,,True,HHZ,120.0,True,15.906519684855803,True
304,"Monte Rosa, Italy",2005-08-25 02:36:11,2005-08-25 02:38:04,45.9356,7.88,ice avalanche,1100000.0,,,,1400000.0,,,,,,1700.0,,,ZP,SIOVI,EHZ,,46.221244,7.354915,485.0,ETH,51.554,1.0,,,True,EHZ,100.0,True,5.598301597362725,False
304,"Monte Rosa, Italy",2005-08-25 02:36:11,2005-08-25 02:38:04,45.9356,7.88,ice avalanche,1100000.0,,,,1400000.0,,,,,,1700.0,,,ZP,SIOTE,EHZ,,46.223987,7.35368,485.0,ETH,51.817,1.0,,,True,EHZ,100.0,True,5.648229585471817,False
304,"Monte Rosa, Italy",2005-08-25 02:36:11,2005-08-25 02:38:04,45.9356,7.88,ice avalanche,1100000.0,,,,1400000.0,,,,,,1700.0,,,ZP,SIOCF,EHZ,,46.226901,7.354086,489.0,ETH,51.992,1.0,,,True,EHZ,100.0,True,5.562121160830889,False
304,"Monte Rosa, Italy",2005-08-25 02:36:11,2005-08-25 02:38:04,45.9356,7.88,ice avalanche,1100000.0,,,,1400000.0,,,,,,1700.0,,,ZP,SIOTO,EHZ,,46.228524,7.354382,488.0,ETH,52.086,1.0,,,True,EHZ,100.0,True,5.644661618575165,False
304,"Monte Rosa, Italy",2005-08-25 02:36:11,2005-08-25 02:38:04,45.9356,7.88,ice avalanche,1100000.0,,,,1400000.0,,,,,,1700.0,,,ZP,SIOVE,EHZ,,46.227627,7.352625,487.0,ETH,52.131,1.0,,,True,EHZ,100.0,True,5.589034597224078,False
304,"Monte Rosa, Italy",2005-08-25 02:36:11,2005-08-25 02:38:04,45.9356,7.88,ice avalanche,1100000.0,,,,1400000.0,,,,,,1700.0,,,ZP,SIOAE,EHZ,,46.22885,7.352648,488.0,ETH,52.214,1.0,,,True,EHZ,100.0,True,6.400692174519019,True
305,Crab Orchard Mine,2021-08-13 11:57:38,2021-08-13 11:58:51,35.9098,-84.8607,mine collapse,,,,,,,,,,,,,,ET,BCRT,EHZ,0.0,35.766,-84.576,409.0,IRIS,30.269,1.0,0.0,,True,EHZ,100.0,True,14.249274588292405,True
305,Crab Orchard Mine,2021-08-13 11:57:38,2021-08-13 11:58:51,35.9098,-84.8607,mine collapse,,,,,,,,,,,,,,ET,DYTN,EHZ,0.0,35.491,-85.092,580.0,IRIS,50.965,1.0,0.0,,True,EHZ,100.0,True,18.83623277576828,True
305,Crab Orchard Mine,2021-08-13 11:57:38,2021-08-13 11:58:51,35.9098,-84.8607,mine collapse,,,,,,,,,,,,,,ET,CPCT,HHZ,0.0,35.45,-84.522,275.0,IRIS,59.521,1.0,0.0,,True,HHZ,100.0,True,6.767613581219046,False
305,Crab Orchard Mine,2021-08-13 11:57:38,2021-08-13 11:58:51,35.9098,-84.8607,mine collapse,,,,,,,,,,,,,,ET,GRBT,EHZ,0.0,35.674,-84.197,329.0,IRIS,65.455,1.0,0.0,,True,EHZ,100.0,True,11.291009957673063,False
305,Crab Orchard Mine,2021-08-13 11:57:38,2021-08-13 11:58:51,35.9098,-84.8607,mine collapse,,,,,,,,,,,,,,ET,ETT,EHZ,0.0,35.326,-84.455,588.0,IRIS,74.475,1.0,0.0,,True,EHZ,100.0,True,7.514587966716897,False
305,Crab Orchard Mine,2021-08-13 11:57:38,2021-08-13 11:58:51,35.9098,-84.8607,mine collapse,,,,,,,,,,,,,,ET,CCRT,EHZ,0.0,35.466,-84.053,915.0,IRIS,88.147,1.0,0.0,,True,EHZ,100.0,True,7.561056297227922,False
305,Crab Orchard Mine,2021-08-13 11:57:38,2021-08-13 11:58:51,35.9098,-84.8607,mine collapse,,,,,,,,,,,,,,N4,W50A,HHZ,0.0,35.2002,-85.3119,587.0,IRIS,88.724,1.0,0.0,,True,HHZ,100.0,True,25.071270901731506,True
305,Crab Orchard Mine,2021-08-13 11:57:38,2021-08-13 11:58:51,35.9098,-84.8607,mine collapse,,,,,,,,,,,,,,ET,CPRT,EHZ,0.0,36.1567,-83.8807,2188.0,IRIS,92.474,1.0,0.0,,True,EHZ,100.0,True,13.998947209983102,True
305,Crab Orchard Mine,2021-08-13 11:57:38,2021-08-13 11:58:51,35.9098,-84.8607,mine collapse,,,,,,,,,,,,,,IM,TKL,BHZ,,35.658001,-83.774002,351.0,IRIS,102.142,1.0,0.0,,True,BHZ,40.0,True,8.819645184054236,False
305,Crab Orchard Mine,2021-08-13 11:57:38,2021-08-13 11:58:51,35.9098,-84.8607,mine collapse,,,,,,,,,,,,,,N4,U49A,HHZ,0.0,36.5129,-85.7796,234.0,IRIS,106.33,1.0,0.0,,True,HHZ,100.0,True,37.55810691027468,True
306,"Antelao, Italy",2014-11-12 12:14:09,2014-11-12 12:16:09,46.4535,12.2607,rock slide,,,,,680000.0,,,,,,1600.0,,,NI,CIMO,HHZ,,46.3116,12.4448,710.0,IRIS,21.198,1.0,1.0,,True,HHZ,100.0,True,12.738048635623164,True
306,"Antelao, Italy",2014-11-12 12:14:09,2014-11-12 12:16:09,46.4535,12.2607,rock slide,,,,,680000.0,,,,,,1600.0,,,NI,AGOR,HHZ,,46.2329,12.0472,631.0,INGV,29.52,1.0,1.0,,True,HHZ,100.0,True,20.77825274251014,True
306,"Antelao, Italy",2014-11-12 12:14:09,2014-11-12 12:16:09,46.4535,12.2607,rock slide,,,,,680000.0,,,,,,1600.0,,,IV,FVI,HHZ,,46.59658,12.7804,1024.0,INGV,42.93,1.0,0.0,,True,HHZ,100.0,True,9.50191823210436,False
306,"Antelao, Italy",2014-11-12 12:14:09,2014-11-12 12:16:09,46.4535,12.2607,rock slide,,,,,680000.0,,,,,,1600.0,,,IV,FVI,BHZ,,46.59658,12.7804,1024.0,INGV,42.93,1.0,0.0,,True,HHZ,100.0,True,9.50191823210436,False
306,"Antelao, Italy",2014-11-12 12:14:09,2014-11-12 12:16:09,46.4535,12.2607,rock slide,,,,,680000.0,,,,,,1600.0,,,NI,CLUD,HHZ,,46.4569,12.8814,635.0,"IRIS,INGV",47.687,1.0,1.0,,True,HHZ,100.0,True,10.66725392518348,False
306,"Antelao, Italy",2014-11-12 12:14:09,2014-11-12 12:16:09,46.4535,12.2607,rock slide,,,,,680000.0,,,,,,1600.0,,,IV,BRES,EHZ,,46.69868,11.7341,2454.0,INGV,48.706,1.0,,,True,EHZ,100.0,True,12.877332831372508,True
306,"Antelao, Italy",2014-11-12 12:14:09,2014-11-12 12:16:09,46.4535,12.2607,rock slide,,,,,680000.0,,,,,,1600.0,,,NI,POLC,HHZ,,46.0266,12.5005,150.0,INGV,50.929,1.0,0.0,,True,HHZ,100.0,True,7.823684568009356,False
306,"Antelao, Italy",2014-11-12 12:14:09,2014-11-12 12:16:09,46.4535,12.2607,rock slide,,,,,680000.0,,,,,,1600.0,,,NI,ZOU2,HHZ,,46.558399,12.9729,1911.0,"IRIS,INGV",55.894,1.0,1.0,,True,HHZ,100.0,True,10.84748751966749,False
306,"Antelao, Italy",2014-11-12 12:14:09,2014-11-12 12:16:09,46.4535,12.2607,rock slide,,,,,680000.0,,,,,,1600.0,,,SI,RISI,HHZ,,46.948,12.0787,1785.0,INGV,56.706,1.0,1.0,,True,HHZ,100.0,True,12.571435951206531,True
306,"Antelao, Italy",2014-11-12 12:14:09,2014-11-12 12:16:09,46.4535,12.2607,rock slide,,,,,680000.0,,,,,,1600.0,,,SI,RISI,BHZ,,46.948,12.0787,1779.0,INGV,56.706,1.0,1.0,,True,HHZ,100.0,True,12.571435951206531,True
307,"Brienz-Brinzauls, Switzerland",2023-06-15 21:37:42,2023-06-15 21:39:49,46.6758,9.5936,rock slide,,,,,2000000.0,1200000.0,,,,,,,,CH,VDL,BHZ,,46.48311,9.44933,1927.75,ETH,24.106,1.0,0.0,,True,HHZ,200.0,True,5.753059511181478,False
307,"Brienz-Brinzauls, Switzerland",2023-06-15 21:37:42,2023-06-15 21:39:49,46.6758,9.5936,rock slide,,,,,2000000.0,1200000.0,,,,,,,,CH,VDL,HHZ,,46.48311,9.44933,1927.75,ETH,24.106,1.0,0.0,,True,HHZ,200.0,True,5.753059511181478,False
307,"Brienz-Brinzauls, Switzerland",2023-06-15 21:37:42,2023-06-15 21:39:49,46.6758,9.5936,rock slide,,,,,2000000.0,1200000.0,,,,,,,,CH,DAVOX,HHZ,,46.7805,9.87952,1830.0,ETH,24.762,1.0,0.0,,True,HHZ,200.0,True,11.40730865010392,True
307,"Brienz-Brinzauls, Switzerland",2023-06-15 21:37:42,2023-06-15 21:39:49,46.6758,9.5936,rock slide,,,,,2000000.0,1200000.0,,,,,,,,CH,DAVOX,BHZ,,46.7805,9.87952,1830.0,ETH,24.762,1.0,0.0,,True,HHZ,200.0,True,11.40730865010392,True
307,"Brienz-Brinzauls, Switzerland",2023-06-15 21:37:42,2023-06-15 21:39:49,46.6758,9.5936,rock slide,,,,,2000000.0,1200000.0,,,,,,,,CH,SLUX,EHZ,,46.69309,9.14976,1214.8,ETH,34.009,1.0,,,True,EHZ,200.0,True,4.811495565661033,False
307,"Brienz-Brinzauls, Switzerland",2023-06-15 21:37:42,2023-06-15 21:39:49,46.6758,9.5936,rock slide,,,,,2000000.0,1200000.0,,,,,,,,CH,PANIX,HHZ,,46.825743,9.111708,1433.0,ETH,40.418,1.0,0.0,,True,HHZ,200.0,True,3.325454592854632,False
307,"Brienz-Brinzauls, Switzerland",2023-06-15 21:37:42,2023-06-15 21:39:49,46.6758,9.5936,rock slide,,,,,2000000.0,1200000.0,,,,,,,,CH,PANIX,BHZ,,46.825743,9.111708,1433.0,ETH,40.418,1.0,0.0,,True,HHZ,200.0,True,3.325454592854632,False
307,"Brienz-Brinzauls, Switzerland",2023-06-15 21:37:42,2023-06-15 21:39:49,46.6758,9.5936,rock slide,,,,,2000000.0,1200000.0,,,,,,,,CH,BERNI,BHZ,,46.413636,10.023095,2311.0,ETH,43.983,1.0,0.0,,True,HHZ,200.0,True,10.418782336799644,True
307,"Brienz-Brinzauls, Switzerland",2023-06-15 21:37:42,2023-06-15 21:39:49,46.6758,9.5936,rock slide,,,,,2000000.0,1200000.0,,,,,,,,CH,BERNI,HHZ,,46.413636,10.023095,2311.0,ETH,43.983,1.0,0.0,,True,HHZ,200.0,True,10.418782336799644,True
307,"Brienz-Brinzauls, Switzerland",2023-06-15 21:37:42,2023-06-15 21:39:49,46.6758,9.5936,rock slide,,,,,2000000.0,1200000.0,,,,,,,,CH,PLONS,BHZ,,47.04921,9.38076,1022.0,ETH,44.571,1.0,0.0,,True,HHZ,200.0,True,6.693630082894399,True
308,"San Leo 1, Italy",2014-02-27 16:56:34,2014-02-27 16:57:45,43.8991,12.3444,rock fall,,,,,110000.0,,,,,,,,,IV,CPGN,EHZ,,43.8011,12.3205,1400.0,INGV,11.057,1.0,,,True,EHZ,100.0,True,20.381652489081876,True
308,"San Leo 1, Italy",2014-02-27 16:56:34,2014-02-27 16:57:45,43.8991,12.3444,rock fall,,,,,110000.0,,,,,,,,,IV,PE3,EHZ,,43.696,12.496333,530.0,INGV,25.666,1.0,,,True,EHZ,100.0,True,13.568047671850229,True
308,"San Leo 1, Italy",2014-02-27 16:56:34,2014-02-27 16:57:45,43.8991,12.3444,rock fall,,,,,110000.0,,,,,,,,,IV,PARC,BHZ,,43.6486,12.2386,580.0,INGV,29.107,1.0,0.0,,True,HHZ,100.0,True,13.822578416860464,True
308,"San Leo 1, Italy",2014-02-27 16:56:34,2014-02-27 16:57:45,43.8991,12.3444,rock fall,,,,,110000.0,,,,,,,,,IV,PARC,HHZ,,43.6486,12.2386,580.0,INGV,29.107,1.0,0.0,,True,HHZ,100.0,True,13.822578416860464,True
308,"San Leo 1, Italy",2014-02-27 16:56:34,2014-02-27 16:57:45,43.8991,12.3444,rock fall,,,,,110000.0,,,,,,,,,IV,NARO,HHZ,,43.610823,12.580583,272.0,INGV,37.252,1.0,0.0,,True,HHZ,100.0,True,7.96085109619997,False
308,"San Leo 1, Italy",2014-02-27 16:56:34,2014-02-27 16:57:45,43.8991,12.3444,rock fall,,,,,110000.0,,,,,,,,,IV,APEC,HHZ,,43.55846,12.41991,488.0,INGV,38.333,1.0,0.0,,True,HHZ,100.0,True,8.222425732012065,False
308,"San Leo 1, Italy",2014-02-27 16:56:34,2014-02-27 16:57:45,43.8991,12.3444,rock fall,,,,,110000.0,,,,,,,,,IV,SFI,EHZ,,43.90477,11.84695,548.0,INGV,39.969,1.0,,,True,EHZ,100.0,True,9.027992093910765,True
308,"San Leo 1, Italy",2014-02-27 16:56:34,2014-02-27 16:57:45,43.8991,12.3444,rock fall,,,,,110000.0,,,,,,,,,IV,SSP9,EHZ,,43.57387,12.13136,324.0,INGV,40.004,1.0,,,True,EHZ,100.0,True,4.126989928193827,False
308,"San Leo 1, Italy",2014-02-27 16:56:34,2014-02-27 16:57:45,43.8991,12.3444,rock fall,,,,,110000.0,,,,,,,,,IV,PESA,BHZ,,43.94105,12.84018,221.0,INGV,40.09,1.0,0.0,,True,HHZ,100.0,True,4.207972948043169,False
308,"San Leo 1, Italy",2014-02-27 16:56:34,2014-02-27 16:57:45,43.8991,12.3444,rock fall,,,,,110000.0,,,,,,,,,IV,PESA,HHZ,,43.94105,12.84018,221.0,INGV,40.09,1.0,0.0,,True,HHZ,100.0,True,4.207972948043169,False
309,"San Leo 2, Italy",2014-02-27 16:58:06,2014-02-27 16:59:37,43.8991,12.3444,"rock fall, rock and debris avalanche",60000.0,,,,190000.0,,300000.0,,,,120.0,100.0,130.0,IV,CPGN,EHZ,,43.8011,12.3205,1400.0,INGV,11.057,1.0,,,True,EHZ,100.0,True,18.281254966027063,True
309,"San Leo 2, Italy",2014-02-27 16:58:06,2014-02-27 16:59:37,43.8991,12.3444,"rock fall, rock and debris avalanche",60000.0,,,,190000.0,,300000.0,,,,120.0,100.0,130.0,IV,PE3,EHZ,,43.696,12.496333,530.0,INGV,25.666,1.0,,,True,EHZ,100.0,True,16.288976548470693,True
309,"San Leo 2, Italy",2014-02-27 16:58:06,2014-02-27 16:59:37,43.8991,12.3444,"rock fall, rock and debris avalanche",60000.0,,,,190000.0,,300000.0,,,,120.0,100.0,130.0,IV,PARC,BHZ,,43.6486,12.2386,580.0,INGV,29.107,1.0,0.0,,True,HHZ,100.0,True,13.985808372667684,True
309,"San Leo 2, Italy",2014-02-27 16:58:06,2014-02-27 16:59:37,43.8991,12.3444,"rock fall, rock and debris avalanche",60000.0,,,,190000.0,,300000.0,,,,120.0,100.0,130.0,IV,PARC,HHZ,,43.6486,12.2386,580.0,INGV,29.107,1.0,0.0,,True,HHZ,100.0,True,13.985808372667684,False
309,"San Leo 2, Italy",2014-02-27 16:58:06,2014-02-27 16:59:37,43.8991,12.3444,"rock fall, rock and debris avalanche",60000.0,,,,190000.0,,300000.0,,,,120.0,100.0,130.0,IV,NARO,HHZ,,43.610823,12.580583,272.0,INGV,37.252,1.0,0.0,,True,HHZ,100.0,True,11.863083496378612,False
309,"San Leo 2, Italy",2014-02-27 16:58:06,2014-02-27 16:59:37,43.8991,12.3444,"rock fall, rock and debris avalanche",60000.0,,,,190000.0,,300000.0,,,,120.0,100.0,130.0,IV,APEC,HHZ,,43.55846,12.41991,488.0,INGV,38.333,1.0,0.0,,True,HHZ,100.0,True,15.197403021343217,True
309,"San Leo 2, Italy",2014-02-27 16:58:06,2014-02-27 16:59:37,43.8991,12.3444,"rock fall, rock and debris avalanche",60000.0,,,,190000.0,,300000.0,,,,120.0,100.0,130.0,IV,SFI,EHZ,,43.90477,11.84695,548.0,INGV,39.969,1.0,,,True,EHZ,100.0,True,14.973281707692973,True
309,"San Leo 2, Italy",2014-02-27 16:58:06,2014-02-27 16:59:37,43.8991,12.3444,"rock fall, rock and debris avalanche",60000.0,,,,190000.0,,300000.0,,,,120.0,100.0,130.0,IV,SSP9,EHZ,,43.57387,12.13136,324.0,INGV,40.004,1.0,,,True,EHZ,100.0,True,6.118322615055872,False
309,"San Leo 2, Italy",2014-02-27 16:58:06,2014-02-27 16:59:37,43.8991,12.3444,"rock fall, rock and debris avalanche",60000.0,,,,190000.0,,300000.0,,,,120.0,100.0,130.0,IV,PESA,BHZ,,43.94105,12.84018,221.0,INGV,40.09,1.0,0.0,,True,HHZ,100.0,True,6.9640407213498206,False
309,"San Leo 2, Italy",2014-02-27 16:58:06,2014-02-27 16:59:37,43.8991,12.3444,"rock fall, rock and debris avalanche",60000.0,,,,190000.0,,300000.0,,,,120.0,100.0,130.0,IV,PESA,HHZ,,43.94105,12.84018,221.0,INGV,40.09,1.0,0.0,,True,HHZ,100.0,True,6.9640407213498206,False
310,"Tbilisa Glacier-Shovi 1, Georgia",2023-08-03 10:56:53,2023-08-03 10:59:17,42.7495,43.7694,rock and ice avalanche,510000.0,41000.0,34000.0,52000.0,1200000.0,560000.0,,,,,790.0,660.0,940.0,GO,KHRT,HHZ,0.0,42.351656,43.219132,1164.0,IRIS,63.211,1.0,1.0,,True,HHZ,100.0,True,4.850486733547596,True
310,"Tbilisa Glacier-Shovi 1, Georgia",2023-08-03 10:56:53,2023-08-03 10:59:17,42.7495,43.7694,rock and ice avalanche,510000.0,41000.0,34000.0,52000.0,1200000.0,560000.0,,,,,790.0,660.0,940.0,GO,KHAR,HHZ,0.0,42.016319,43.141173,680.0,IRIS,96.485,1.0,1.0,,True,HHZ,100.0,True,5.47990889853249,True
310,"Tbilisa Glacier-Shovi 1, Georgia",2023-08-03 10:56:53,2023-08-03 10:59:17,42.7495,43.7694,rock and ice avalanche,510000.0,41000.0,34000.0,52000.0,1200000.0,560000.0,,,,,790.0,660.0,940.0,GO,DSHG,HHZ,0.0,42.000099,44.718096,1169.0,IRIS,114.169,1.0,1.0,,True,HHZ,100.0,True,4.534681440481483,False
310,"Tbilisa Glacier-Shovi 1, Georgia",2023-08-03 10:56:53,2023-08-03 10:59:17,42.7495,43.7694,rock and ice avalanche,510000.0,41000.0,34000.0,52000.0,1200000.0,560000.0,,,,,790.0,660.0,940.0,GO,TRLT,HHZ,0.0,41.569541,44.154554,1668.0,IRIS,134.875,1.0,1.0,,True,HHZ,100.0,True,6.00032826125038,True
310,"Tbilisa Glacier-Shovi 1, Georgia",2023-08-03 10:56:53,2023-08-03 10:59:17,42.7495,43.7694,rock and ice avalanche,510000.0,41000.0,34000.0,52000.0,1200000.0,560000.0,,,,,790.0,660.0,940.0,GO,MTAG,HHZ,0.0,42.092662,45.163739,728.0,IRIS,135.985,1.0,1.0,,True,HHZ,100.0,True,4.883651644369973,True
310,"Tbilisa Glacier-Shovi 1, Georgia",2023-08-03 10:56:53,2023-08-03 10:59:17,42.7495,43.7694,rock and ice avalanche,510000.0,41000.0,34000.0,52000.0,1200000.0,560000.0,,,,,790.0,660.0,940.0,GO,CHBG,HHZ,0.0,43.012943,42.084974,2177.0,IRIS,140.689,1.0,1.0,,True,HHZ,100.0,True,4.8628934650776525,True
310,"Tbilisa Glacier-Shovi 1, Georgia",2023-08-03 10:56:53,2023-08-03 10:59:17,42.7495,43.7694,rock and ice avalanche,510000.0,41000.0,34000.0,52000.0,1200000.0,560000.0,,,,,790.0,660.0,940.0,GO,MINA,HHZ,0.0,41.595964,43.018005,1568.0,IRIS,142.378,1.0,1.0,,True,HHZ,100.0,True,4.452170300122011,False
310,"Tbilisa Glacier-Shovi 1, Georgia",2023-08-03 10:56:53,2023-08-03 10:59:17,42.7495,43.7694,rock and ice avalanche,510000.0,41000.0,34000.0,52000.0,1200000.0,560000.0,,,,,790.0,660.0,940.0,II,KIV,BHZ,0.0,43.9553,42.6863,1054.0,IRIS,160.175,0.0,1.0,,True,BHZ,20.0,True,3.0992413663157303,False
310,"Tbilisa Glacier-Shovi 1, Georgia",2023-08-03 10:56:53,2023-08-03 10:59:17,42.7495,43.7694,rock and ice avalanche,510000.0,41000.0,34000.0,52000.0,1200000.0,560000.0,,,,,790.0,660.0,940.0,GO,SHNK,HHZ,0.0,42.371719,45.653891,2009.0,IRIS,160.339,1.0,,,True,HHZ,100.0,True,4.15957610623496,False
310,"Tbilisa Glacier-Shovi 1, Georgia",2023-08-03 10:56:53,2023-08-03 10:59:17,42.7495,43.7694,rock and ice avalanche,510000.0,41000.0,34000.0,52000.0,1200000.0,560000.0,,,,,790.0,660.0,940.0,GO,AZNN,HHZ,0.0,41.34683,43.210327,1855.0,IRIS,162.529,1.0,1.0,,True,HHZ,100.0,True,4.420584071292221,False
311,"Tbilisa Glacier-Shovi 2, Georgia",2023-08-03 10:59:06,2023-08-03 12:19:15,42.7397,43.7615,"outburst flood, debris flow",1900000.0,,,,2000000.0,1100000.0,5000000.0,,,,1800.0,1700.0,1900.0,GO,KHRT,HHZ,0.0,42.351656,43.219132,1164.0,IRIS,62.098,1.0,0.0,,True,HHZ,100.0,True,3.3275486280824014,False
311,"Tbilisa Glacier-Shovi 2, Georgia",2023-08-03 10:59:06,2023-08-03 12:19:15,42.7397,43.7615,"outburst flood, debris flow",1900000.0,,,,2000000.0,1100000.0,5000000.0,,,,1800.0,1700.0,1900.0,GO,KHAR,HHZ,0.0,42.016319,43.141173,680.0,IRIS,95.329,1.0,0.0,,True,HHZ,100.0,True,3.4358882341414554,True
311,"Tbilisa Glacier-Shovi 2, Georgia",2023-08-03 10:59:06,2023-08-03 12:19:15,42.7397,43.7615,"outburst flood, debris flow",1900000.0,,,,2000000.0,1100000.0,5000000.0,,,,1800.0,1700.0,1900.0,GO,DSHG,HHZ,0.0,42.000099,44.718096,1169.0,IRIS,113.85,1.0,0.0,,True,HHZ,100.0,True,3.2570384708745266,False
311,"Tbilisa Glacier-Shovi 2, Georgia",2023-08-03 10:59:06,2023-08-03 12:19:15,42.7397,43.7615,"outburst flood, debris flow",1900000.0,,,,2000000.0,1100000.0,5000000.0,,,,1800.0,1700.0,1900.0,GO,TRLT,HHZ,0.0,41.569541,44.154554,1668.0,IRIS,134.045,1.0,0.0,,True,HHZ,100.0,True,3.604474041722433,True
311,"Tbilisa Glacier-Shovi 2, Georgia",2023-08-03 10:59:06,2023-08-03 12:19:15,42.7397,43.7615,"outburst flood, debris flow",1900000.0,,,,2000000.0,1100000.0,5000000.0,,,,1800.0,1700.0,1900.0,GO,MTAG,HHZ,0.0,42.092662,45.163739,728.0,IRIS,135.954,1.0,0.0,,True,HHZ,100.0,True,3.4181115667089643,True
311,"Tbilisa Glacier-Shovi 2, Georgia",2023-08-03 10:59:06,2023-08-03 12:19:15,42.7397,43.7615,"outburst flood, debris flow",1900000.0,,,,2000000.0,1100000.0,5000000.0,,,,1800.0,1700.0,1900.0,GO,CHBG,HHZ,0.0,43.012943,42.084974,2177.0,IRIS,140.344,1.0,0.0,,True,HHZ,100.0,True,3.229445183062443,False
311,"Tbilisa Glacier-Shovi 2, Georgia",2023-08-03 10:59:06,2023-08-03 12:19:15,42.7397,43.7615,"outburst flood, debris flow",1900000.0,,,,2000000.0,1100000.0,5000000.0,,,,1800.0,1700.0,1900.0,GO,MINA,HHZ,0.0,41.595964,43.018005,1568.0,IRIS,141.225,1.0,0.0,,True,HHZ,100.0,True,3.315165256763013,False
311,"Tbilisa Glacier-Shovi 2, Georgia",2023-08-03 10:59:06,2023-08-03 12:19:15,42.7397,43.7615,"outburst flood, debris flow",1900000.0,,,,2000000.0,1100000.0,5000000.0,,,,1800.0,1700.0,1900.0,GO,SHNK,HHZ,0.0,42.371719,45.653891,2009.0,IRIS,160.654,1.0,0.0,,True,HHZ,100.0,True,3.382869812038744,True
311,"Tbilisa Glacier-Shovi 2, Georgia",2023-08-03 10:59:06,2023-08-03 12:19:15,42.7397,43.7615,"outburst flood, debris flow",1900000.0,,,,2000000.0,1100000.0,5000000.0,,,,1800.0,1700.0,1900.0,II,KIV,BHZ,0.0,43.9553,42.6863,1054.0,IRIS,160.702,1.0,0.0,,True,BHZ,20.0,True,3.3433449865444915,False
311,"Tbilisa Glacier-Shovi 2, Georgia",2023-08-03 10:59:06,2023-08-03 12:19:15,42.7397,43.7615,"outburst flood, debris flow",1900000.0,,,,2000000.0,1100000.0,5000000.0,,,,1800.0,1700.0,1900.0,GO,AZNN,HHZ,0.0,41.34683,43.210327,1855.0,IRIS,161.404,1.0,0.0,,True,HHZ,100.0,True,3.4136936520257755,True
312,"Fagraskógarfjall, Iceland",2018-07-07 05:16:51,2018-07-07 05:18:58,64.7943,-22.1336,landslide,1500000.0,,,,13500000.0,7000000.0,20000000.0,,,,500.0,,,II,BORG,BHZ,0.0,64.7474,-21.3268,110.0,IRIS,38.741,1.0,1.0,,True,BHZ,40.0,True,7.718915418019479,True
312,"Fagraskógarfjall, Iceland",2018-07-07 05:16:51,2018-07-07 05:18:58,64.7943,-22.1336,landslide,1500000.0,,,,13500000.0,7000000.0,20000000.0,,,,500.0,,,OR,SVIN,HHZ,0.0,64.0562,-21.45,253.34,ETH,88.633,1.0,0.0,,True,HHZ,200.0,True,3.52748992953749,True
312,"Fagraskógarfjall, Iceland",2018-07-07 05:16:51,2018-07-07 05:18:58,64.7943,-22.1336,landslide,1500000.0,,,,13500000.0,7000000.0,20000000.0,,,,500.0,,,OR,KOLDU,HHZ,0.0,64.09023,-21.26998,355.7,ETH,88.828,1.0,0.0,,True,HHZ,200.0,True,3.224745918937842,False
312,"Fagraskógarfjall, Iceland",2018-07-07 05:16:51,2018-07-07 05:18:58,64.7943,-22.1336,landslide,1500000.0,,,,13500000.0,7000000.0,20000000.0,,,,500.0,,,OR,HUMLI,HHZ,0.0,64.0513,-21.3971,320.97,ETH,90.115,1.0,0.0,,True,HHZ,200.0,True,3.4430083237616333,True
312,"Fagraskógarfjall, Iceland",2018-07-07 05:16:51,2018-07-07 05:18:58,64.7943,-22.1336,landslide,1500000.0,,,,13500000.0,7000000.0,20000000.0,,,,500.0,,,OR,KRIST,HHZ,0.0,64.02407,-21.5015,355.9,ETH,91.115,1.0,0.0,,True,HHZ,200.0,True,3.470638058893363,True
312,"Fagraskógarfjall, Iceland",2018-07-07 05:16:51,2018-07-07 05:18:58,64.7943,-22.1336,landslide,1500000.0,,,,13500000.0,7000000.0,20000000.0,,,,500.0,,,OR,LSKAR,HHZ,0.0,64.0339,-21.2996,396.97,ETH,93.821,1.0,0.0,,True,HHZ,200.0,True,3.28527445394168,True
312,"Fagraskógarfjall, Iceland",2018-07-07 05:16:51,2018-07-07 05:18:58,64.7943,-22.1336,landslide,1500000.0,,,,13500000.0,7000000.0,20000000.0,,,,500.0,,,OR,HVH,HHZ,0.0,64.0097,-21.3354,368.44,ETH,95.564,1.0,0.0,,True,HHZ,200.0,True,3.063022986917089,False
313,"Mud Creek, Mount Shasta",2022-07-10 22:08:21,2022-07-11 03:53:25,41.3907,-122.1855,debris flow,,,,,,,,,,,,,,GM,LST5,EHZ,01,41.386588,-122.192659,3386.0,"NCEDC,IRIS",0.753,1.0,,1.0,True,EHZ,100.0,True,6.262880198089637,True
313,"Mud Creek, Mount Shasta",2022-07-10 22:08:21,2022-07-11 03:53:25,41.3907,-122.1855,debris flow,,,,,,,,,,,,,,NC,LGY,HHZ,01,41.34488,-122.19581,2419.0,"IRIS,NCEDC",5.161,1.0,0.0,0.0,True,HHZ,100.0,True,4.347114443050937,True
313,"Mud Creek, Mount Shasta",2022-07-10 22:08:21,2022-07-11 03:53:25,41.3907,-122.1855,debris flow,,,,,,,,,,,,,,GM,LST4,EHZ,01,41.37585,-122.125359,2056.0,"NCEDC,IRIS",5.294,1.0,,1.0,True,EHZ,100.0,True,5.831614494739123,True
313,"Mud Creek, Mount Shasta",2022-07-10 22:08:21,2022-07-11 03:53:25,41.3907,-122.1855,debris flow,,,,,,,,,,,,,,GM,LST2,EHZ,01,41.462034,-122.217914,2180.0,"NCEDC,IRIS",8.373,1.0,,0.0,True,EHZ,100.0,True,4.32497980511548,True
313,"Mud Creek, Mount Shasta",2022-07-10 22:08:21,2022-07-11 03:53:25,41.3907,-122.1855,debris flow,,,,,,,,,,,,,,NC,LDL,HHZ,01,41.38136,-122.29369,1705.0,"IRIS,NCEDC",9.109,1.0,0.0,0.0,True,HHZ,100.0,True,4.874397729330096,True
313,"Mud Creek, Mount Shasta",2022-07-10 22:08:21,2022-07-11 03:53:25,41.3907,-122.1855,debris flow,,,,,,,,,,,,,,GM,LST3,EHZ,01,41.334475,-122.105693,1537.0,"NCEDC,IRIS",9.142,1.0,,1.0,True,EHZ,100.0,True,4.188716408240721,False
313,"Mud Creek, Mount Shasta",2022-07-10 22:08:21,2022-07-11 03:53:25,41.3907,-122.1855,debris flow,,,,,,,,,,,,,,NC,LBR,HHZ,01,41.40942,-122.06776,1601.0,"IRIS,NCEDC",10.063,1.0,0.0,,True,HHZ,100.0,True,4.104168749142456,False
313,"Mud Creek, Mount Shasta",2022-07-10 22:08:21,2022-07-11 03:53:25,41.3907,-122.1855,debris flow,,,,,,,,,,,,,,NC,LMC,HHZ,,41.274158,-122.121971,1062.0,"NCEDC,IRIS",13.993,1.0,0.0,,True,HHZ,100.0,True,3.679721655954231,False
314,"Mud Creek, Mount Shasta",2022-07-16 01:54:33,2022-07-16 08:01:46,41.3907,-122.1855,debris flow,,,,,,,,,,,,,,NC,LGY,HHZ,01,41.34488,-122.19581,2419.0,"IRIS,NCEDC",5.161,1.0,0.0,0.0,True,HHZ,100.0,True,5.58150253076555,True
314,"Mud Creek, Mount Shasta",2022-07-16 01:54:33,2022-07-16 08:01:46,41.3907,-122.1855,debris flow,,,,,,,,,,,,,,GM,LST4,EHZ,01,41.37585,-122.125359,2056.0,"NCEDC,IRIS",5.294,1.0,,1.0,True,EHZ,100.0,True,5.722161569247084,True
314,"Mud Creek, Mount Shasta",2022-07-16 01:54:33,2022-07-16 08:01:46,41.3907,-122.1855,debris flow,,,,,,,,,,,,,,GM,LST2,EHZ,01,41.462034,-122.217914,2180.0,"NCEDC,IRIS",8.373,1.0,,0.0,True,EHZ,100.0,True,4.613611391639905,False
314,"Mud Creek, Mount Shasta",2022-07-16 01:54:33,2022-07-16 08:01:46,41.3907,-122.1855,debris flow,,,,,,,,,,,,,,NC,LDL,HHZ,01,41.38136,-122.29369,1705.0,"IRIS,NCEDC",9.109,1.0,0.0,0.0,True,HHZ,100.0,True,4.044206348531783,False
314,"Mud Creek, Mount Shasta",2022-07-16 01:54:33,2022-07-16 08:01:46,41.3907,-122.1855,debris flow,,,,,,,,,,,,,,GM,LST3,EHZ,01,41.334475,-122.105693,1537.0,"NCEDC,IRIS",9.142,1.0,,1.0,True,EHZ,100.0,True,5.614986262798315,True
314,"Mud Creek, Mount Shasta",2022-07-16 01:54:33,2022-07-16 08:01:46,41.3907,-122.1855,debris flow,,,,,,,,,,,,,,NC,LBR,HHZ,01,41.40942,-122.06776,1601.0,"IRIS,NCEDC",10.063,1.0,0.0,,True,HHZ,100.0,True,4.96272582969809,False
314,"Mud Creek, Mount Shasta",2022-07-16 01:54:33,2022-07-16 08:01:46,41.3907,-122.1855,debris flow,,,,,,,,,,,,,,NC,LMP,EHZ,,41.487965,-122.154762,1860.0,"NCEDC,IRIS",11.104,1.0,,,True,EHZ,100.0,True,5.45242808307714,True
314,"Mud Creek, Mount Shasta",2022-07-16 01:54:33,2022-07-16 08:01:46,41.3907,-122.1855,debris flow,,,,,,,,,,,,,,NC,LMC,HHZ,,41.274158,-122.121971,1062.0,"NCEDC,IRIS",13.993,1.0,0.0,,True,HHZ,100.0,True,4.996566982022572,True
315,"Mud Creek, Mount Shasta",2022-07-25 22:32:24,2022-07-26 08:21:42,41.3907,-122.1855,debris flow,,,,,,,,,,,,,,GM,LST5,EHZ,01,41.386588,-122.192659,3386.0,"NCEDC,IRIS",0.753,1.0,,1.0,True,EHZ,100.0,True,12.743783081988688,True
315,"Mud Creek, Mount Shasta",2022-07-25 22:32:24,2022-07-26 08:21:42,41.3907,-122.1855,debris flow,,,,,,,,,,,,,,NC,LGY,HHZ,01,41.34488,-122.19581,2419.0,"IRIS,NCEDC",5.161,1.0,,1.0,True,HHZ,100.0,True,6.954579019995066,True
315,"Mud Creek, Mount Shasta",2022-07-25 22:32:24,2022-07-26 08:21:42,41.3907,-122.1855,debris flow,,,,,,,,,,,,,,GM,LST4,EHZ,01,41.37585,-122.125359,2056.0,"NCEDC,IRIS",5.294,1.0,,1.0,True,EHZ,100.0,True,8.40088832000661,True
315,"Mud Creek, Mount Shasta",2022-07-25 22:32:24,2022-07-26 08:21:42,41.3907,-122.1855,debris flow,,,,,,,,,,,,,,GM,LST2,EHZ,01,41.462034,-122.217914,2180.0,"NCEDC,IRIS",8.373,1.0,,0.0,True,EHZ,100.0,True,4.958580525680524,False
315,"Mud Creek, Mount Shasta",2022-07-25 22:32:24,2022-07-26 08:21:42,41.3907,-122.1855,debris flow,,,,,,,,,,,,,,NC,LDL,HHZ,01,41.38136,-122.29369,1705.0,"IRIS,NCEDC",9.109,1.0,,0.0,True,HHZ,100.0,True,4.321907139701442,False
315,"Mud Creek, Mount Shasta",2022-07-25 22:32:24,2022-07-26 08:21:42,41.3907,-122.1855,debris flow,,,,,,,,,,,,,,GM,LST3,EHZ,01,41.334475,-122.105693,1537.0,"NCEDC,IRIS",9.142,1.0,,1.0,True,EHZ,100.0,True,6.251187303625782,False
315,"Mud Creek, Mount Shasta",2022-07-25 22:32:24,2022-07-26 08:21:42,41.3907,-122.1855,debris flow,,,,,,,,,,,,,,NC,LBR,HHZ,01,41.40942,-122.06776,1601.0,"IRIS,NCEDC",10.063,1.0,,,True,HHZ,100.0,True,6.299685844131539,True
315,"Mud Creek, Mount Shasta",2022-07-25 22:32:24,2022-07-26 08:21:42,41.3907,-122.1855,debris flow,,,,,,,,,,,,,,NC,LMP,EHZ,,41.487965,-122.154762,1860.0,"NCEDC,IRIS",11.104,1.0,,,True,EHZ,100.0,True,67.61368111748197,True
315,"Mud Creek, Mount Shasta",2022-07-25 22:32:24,2022-07-26 08:21:42,41.3907,-122.1855,debris flow,,,,,,,,,,,,,,NC,LMC,HHZ,,41.274158,-122.121971,1062.0,"NCEDC,IRIS",13.993,1.0,,,True,HHZ,100.0,True,5.765862609456327,False
315,"Mud Creek, Mount Shasta",2022-07-25 22:32:24,2022-07-26 08:21:42,41.3907,-122.1855,debris flow,,,,,,,,,,,,,,NC,LBF,EHZ,,41.347065,-121.890976,1961.0,"NCEDC,IRIS",25.113,1.0,,,True,EHZ,100.0,True,3.66962157926044,False
316,"Mud Creek, Mount Shasta",2022-07-26 22:16:03,2022-07-27 07:10:29,41.3907,-122.1855,debris flow,,,,,,,,,,,,,,GM,LST5,EHZ,01,41.386588,-122.192659,3386.0,"NCEDC,IRIS",0.753,1.0,,1.0,True,EHZ,100.0,True,14.848473553749116,True
316,"Mud Creek, Mount Shasta",2022-07-26 22:16:03,2022-07-27 07:10:29,41.3907,-122.1855,debris flow,,,,,,,,,,,,,,NC,LGY,HHZ,01,41.34488,-122.19581,2419.0,"IRIS,NCEDC",5.161,1.0,,1.0,True,HHZ,100.0,True,11.405915356687322,True
316,"Mud Creek, Mount Shasta",2022-07-26 22:16:03,2022-07-27 07:10:29,41.3907,-122.1855,debris flow,,,,,,,,,,,,,,GM,LST4,EHZ,01,41.37585,-122.125359,2056.0,"NCEDC,IRIS",5.294,1.0,,1.0,True,EHZ,100.0,True,15.06901287218793,True
316,"Mud Creek, Mount Shasta",2022-07-26 22:16:03,2022-07-27 07:10:29,41.3907,-122.1855,debris flow,,,,,,,,,,,,,,GM,LST2,EHZ,01,41.462034,-122.217914,2180.0,"NCEDC,IRIS",8.373,1.0,,0.0,True,EHZ,100.0,True,7.212780898662354,False
316,"Mud Creek, Mount Shasta",2022-07-26 22:16:03,2022-07-27 07:10:29,41.3907,-122.1855,debris flow,,,,,,,,,,,,,,NC,LDL,HHZ,01,41.38136,-122.29369,1705.0,"IRIS,NCEDC",9.109,1.0,,1.0,True,HHZ,100.0,True,5.217438530799535,False
316,"Mud Creek, Mount Shasta",2022-07-26 22:16:03,2022-07-27 07:10:29,41.3907,-122.1855,debris flow,,,,,,,,,,,,,,GM,LST3,EHZ,01,41.334475,-122.105693,1537.0,"NCEDC,IRIS",9.142,1.0,,1.0,True,EHZ,100.0,True,8.84707187911444,False
316,"Mud Creek, Mount Shasta",2022-07-26 22:16:03,2022-07-27 07:10:29,41.3907,-122.1855,debris flow,,,,,,,,,,,,,,NC,LBR,HHZ,01,41.40942,-122.06776,1601.0,"IRIS,NCEDC",10.063,1.0,,0.0,True,HHZ,100.0,True,10.157096337318324,False
316,"Mud Creek, Mount Shasta",2022-07-26 22:16:03,2022-07-27 07:10:29,41.3907,-122.1855,debris flow,,,,,,,,,,,,,,NC,LMP,EHZ,,41.487965,-122.154762,1860.0,"NCEDC,IRIS",11.104,1.0,,0.0,True,EHZ,100.0,True,9.08967046999454,False
316,"Mud Creek, Mount Shasta",2022-07-26 22:16:03,2022-07-27 07:10:29,41.3907,-122.1855,debris flow,,,,,,,,,,,,,,NC,LBO,EHZ,,41.4921,-122.24427,1544.0,NCEDC,12.286,1.0,,0.0,True,EHZ,100.0,True,10.62547028219769,True
316,"Mud Creek, Mount Shasta",2022-07-26 22:16:03,2022-07-27 07:10:29,41.3907,-122.1855,debris flow,,,,,,,,,,,,,,GM,LST1,EHZ,01,41.471331,-122.304108,1335.0,"NCEDC,IRIS",13.36,1.0,,0.0,True,EHZ,100.0,True,19.28120031737225,True
317,"Mud Creek, Mount Shasta",2022-07-30 20:08:20,2022-07-30 20:58:57,41.3907,-122.1855,debris flow,,,,,,,,,,,,,,GM,LST5,EHZ,01,41.386588,-122.192659,3386.0,"NCEDC,IRIS",0.753,1.0,,1.0,True,EHZ,100.0,True,13.45029714260571,True
317,"Mud Creek, Mount Shasta",2022-07-30 20:08:20,2022-07-30 20:58:57,41.3907,-122.1855,debris flow,,,,,,,,,,,,,,NC,LGY,HHZ,01,41.34488,-122.19581,2419.0,"IRIS,NCEDC",5.161,1.0,,0.0,True,HHZ,100.0,True,7.951333946860035,True
317,"Mud Creek, Mount Shasta",2022-07-30 20:08:20,2022-07-30 20:58:57,41.3907,-122.1855,debris flow,,,,,,,,,,,,,,GM,LST4,EHZ,01,41.37585,-122.125359,2056.0,"NCEDC,IRIS",5.294,1.0,,1.0,True,EHZ,100.0,True,7.301736211079977,True
317,"Mud Creek, Mount Shasta",2022-07-30 20:08:20,2022-07-30 20:58:57,41.3907,-122.1855,debris flow,,,,,,,,,,,,,,GM,LST2,EHZ,01,41.462034,-122.217914,2180.0,"NCEDC,IRIS",8.373,1.0,,0.0,True,EHZ,100.0,True,5.946660598064273,False
317,"Mud Creek, Mount Shasta",2022-07-30 20:08:20,2022-07-30 20:58:57,41.3907,-122.1855,debris flow,,,,,,,,,,,,,,NC,LDL,HHZ,01,41.38136,-122.29369,1705.0,"IRIS,NCEDC",9.109,1.0,,0.0,True,HHZ,100.0,True,4.427021306096662,False
317,"Mud Creek, Mount Shasta",2022-07-30 20:08:20,2022-07-30 20:58:57,41.3907,-122.1855,debris flow,,,,,,,,,,,,,,NC,LBR,HHZ,01,41.40942,-122.06776,1601.0,"IRIS,NCEDC",10.063,1.0,,,True,HHZ,100.0,True,5.381317188535426,False
317,"Mud Creek, Mount Shasta",2022-07-30 20:08:20,2022-07-30 20:58:57,41.3907,-122.1855,debris flow,,,,,,,,,,,,,,NC,LMP,EHZ,,41.487965,-122.154762,1860.0,"NCEDC,IRIS",11.104,1.0,,,True,EHZ,100.0,True,7.207494004051397,True
317,"Mud Creek, Mount Shasta",2022-07-30 20:08:20,2022-07-30 20:58:57,41.3907,-122.1855,debris flow,,,,,,,,,,,,,,NC,LBO,EHZ,,41.4921,-122.24427,1544.0,NCEDC,12.286,1.0,,,True,EHZ,100.0,True,4.553603064828727,False
317,"Mud Creek, Mount Shasta",2022-07-30 20:08:20,2022-07-30 20:58:57,41.3907,-122.1855,debris flow,,,,,,,,,,,,,,GM,LST1,EHZ,01,41.471331,-122.304108,1335.0,"NCEDC,IRIS",13.36,1.0,,,True,EHZ,100.0,True,38.384489400173926,True
317,"Mud Creek, Mount Shasta",2022-07-30 20:08:20,2022-07-30 20:58:57,41.3907,-122.1855,debris flow,,,,,,,,,,,,,,NC,LMC,HHZ,,41.274158,-122.121971,1062.0,"NCEDC,IRIS",13.993,1.0,,,True,HHZ,100.0,True,4.117159825932488,False
318,"Bolam Creek, Mount Shasta",2022-08-03 01:58:01,2022-08-03 06:05:17,41.4401,-122.2111,debris flow,,,,,,,,,,,,,,GM,LST2,EHZ,01,41.462034,-122.217914,2180.0,"NCEDC,IRIS",2.502,1.0,,1.0,True,EHZ,100.0,True,11.257896786431631,True
318,"Bolam Creek, Mount Shasta",2022-08-03 01:58:01,2022-08-03 06:05:17,41.4401,-122.2111,debris flow,,,,,,,,,,,,,,NC,LBO,EHZ,,41.4921,-122.24427,1544.0,NCEDC,6.406,1.0,,1.0,True,EHZ,100.0,True,7.4657079446858114,True
318,"Bolam Creek, Mount Shasta",2022-08-03 01:58:01,2022-08-03 06:05:17,41.4401,-122.2111,debris flow,,,,,,,,,,,,,,NC,LMP,EHZ,,41.487965,-122.154762,1860.0,"NCEDC,IRIS",7.1,1.0,,1.0,True,EHZ,100.0,True,11.509229861415642,True
318,"Bolam Creek, Mount Shasta",2022-08-03 01:58:01,2022-08-03 06:05:17,41.4401,-122.2111,debris flow,,,,,,,,,,,,,,GM,LST1,EHZ,01,41.471331,-122.304108,1335.0,"NCEDC,IRIS",8.51,1.0,,0.0,True,EHZ,100.0,True,12.646508204947878,True
319,"Mud Creek, Mount Shasta",2022-08-03 01:29:01,2022-08-03 03:23:37,41.3907,-122.1855,debris flow,,,,,,,,,,,,,,GM,LST5,EHZ,01,41.386588,-122.192659,3386.0,"NCEDC,IRIS",0.753,1.0,,,True,EHZ,100.0,True,7.172533558237553,True
319,"Mud Creek, Mount Shasta",2022-08-03 01:29:01,2022-08-03 03:23:37,41.3907,-122.1855,debris flow,,,,,,,,,,,,,,NC,LGY,HHZ,01,41.34488,-122.19581,2419.0,"IRIS,NCEDC",5.161,1.0,,,True,HHZ,100.0,True,8.566633904009953,True
319,"Mud Creek, Mount Shasta",2022-08-03 01:29:01,2022-08-03 03:23:37,41.3907,-122.1855,debris flow,,,,,,,,,,,,,,GM,LST4,EHZ,01,41.37585,-122.125359,2056.0,"NCEDC,IRIS",5.294,1.0,,,True,EHZ,100.0,True,13.475111019915296,True
319,"Mud Creek, Mount Shasta",2022-08-03 01:29:01,2022-08-03 03:23:37,41.3907,-122.1855,debris flow,,,,,,,,,,,,,,NC,LDL,HHZ,01,41.38136,-122.29369,1705.0,"IRIS,NCEDC",9.109,1.0,,,True,HHZ,100.0,True,6.126505819994703,True
319,"Mud Creek, Mount Shasta",2022-08-03 01:29:01,2022-08-03 03:23:37,41.3907,-122.1855,debris flow,,,,,,,,,,,,,,GM,LST3,EHZ,01,41.334475,-122.105693,1537.0,"NCEDC,IRIS",9.142,1.0,,,True,EHZ,100.0,True,5.855492573960306,False
319,"Mud Creek, Mount Shasta",2022-08-03 01:29:01,2022-08-03 03:23:37,41.3907,-122.1855,debris flow,,,,,,,,,,,,,,NC,LBR,HHZ,01,41.40942,-122.06776,1601.0,"IRIS,NCEDC",10.063,1.0,,,True,HHZ,100.0,True,7.164547138074815,True
319,"Mud Creek, Mount Shasta",2022-08-03 01:29:01,2022-08-03 03:23:37,41.3907,-122.1855,debris flow,,,,,,,,,,,,,,NC,LMC,HHZ,,41.274158,-122.121971,1062.0,"NCEDC,IRIS",13.993,1.0,,,True,HHZ,100.0,True,4.374876850823305,False
320,"Tahoma Creek, Mount Rainier",2023-08-15 23:23:16,2023-08-16 00:06:58,46.8203,-121.8091,"outburst flood, debris flow",,,,,,,,,,,,,,UW,RER,HHZ,,46.81858,-121.8425,1747.5,IRIS,2.556,1.0,,1.0,True,HHZ,100.0,True,7.571286585100551,True
320,"Tahoma Creek, Mount Rainier",2023-08-15 23:23:16,2023-08-16 00:06:58,46.8203,-121.8091,"outburst flood, debris flow",,,,,,,,,,,,,,CC,MILD,BHZ,,46.8081,-121.77568,2014.8,IRIS,2.889,1.0,,1.0,True,BHZ,50.0,True,3.6380335889984634,False
320,"Tahoma Creek, Mount Rainier",2023-08-15 23:23:16,2023-08-16 00:06:58,46.8203,-121.8091,"outburst flood, debris flow",,,,,,,,,,,,,,CC,COPP,BHZ,,46.79786,-121.82852,1896.0,IRIS,2.902,1.0,,1.0,True,BHZ,50.0,True,12.892567547780407,True
320,"Tahoma Creek, Mount Rainier",2023-08-15 23:23:16,2023-08-16 00:06:58,46.8203,-121.8091,"outburst flood, debris flow",,,,,,,,,,,,,,CC,TABR,BHZ,,46.80435,-121.84948,1278.2,IRIS,3.556,1.0,,1.0,True,BHZ,50.0,True,9.87327547709135,True
320,"Tahoma Creek, Mount Rainier",2023-08-15 23:23:16,2023-08-16 00:06:58,46.8203,-121.8091,"outburst flood, debris flow",,,,,,,,,,,,,,CC,ARAT,BHZ,,46.78898,-121.8528,1822.4,IRIS,4.822,1.0,,1.0,True,BHZ,50.0,True,7.186676622956543,True
320,"Tahoma Creek, Mount Rainier",2023-08-15 23:23:16,2023-08-16 00:06:58,46.8203,-121.8091,"outburst flood, debris flow",,,,,,,,,,,,,,CC,TAVI,BHZ,,46.7957,-121.88423,1054.7,IRIS,6.353,1.0,,1.0,True,BHZ,50.0,True,3.333342430336525,False
320,"Tahoma Creek, Mount Rainier",2023-08-15 23:23:16,2023-08-16 00:06:58,46.8203,-121.8091,"outburst flood, debris flow",,,,,,,,,,,,,,CC,WOW,BHZ,,46.78003,-121.8851,875.5,IRIS,7.328,1.0,,0.0,True,BHZ,50.0,True,3.1651331003854164,False
320,"Tahoma Creek, Mount Rainier",2023-08-15 23:23:16,2023-08-16 00:06:58,46.8203,-121.8091,"outburst flood, debris flow",,,,,,,,,,,,,,UW,LO2,EHZ,,46.7506,-121.8096,853.0,IRIS,7.748,1.0,,0.0,True,EHZ,100.0,True,3.7164256106118616,False
320,"Tahoma Creek, Mount Rainier",2023-08-15 23:23:16,2023-08-16 00:06:58,46.8203,-121.8091,"outburst flood, debris flow",,,,,,,,,,,,,,UW,LON,HHZ,,46.750599,-121.809601,853.0,IRIS,7.749,1.0,,0.0,True,HHZ,100.0,True,3.755499369725973,False
320,"Tahoma Creek, Mount Rainier",2023-08-15 23:23:16,2023-08-16 00:06:58,46.8203,-121.8091,"outburst flood, debris flow",,,,,,,,,,,,,,CC,GNOB,BHZ,,46.79414,-121.91438,1659.4,IRIS,8.546,1.0,,1.0,True,BHZ,50.0,True,4.137467476039006,True
321,"Flüchthorn, Austria",2023-06-11 13:28:29,2023-06-11 13:31:58,46.8908,10.2275,rock avalanche,900000.0,52000.0,40000.0,59000.0,1000000.0,,,,,,930.0,740.0,970.0,CH,DAVOX,BHZ,,46.7805,9.87952,1830.0,ETH,29.242,1.0,0.0,,True,HHZ,200.0,True,9.167817131781392,True
321,"Flüchthorn, Austria",2023-06-11 13:28:29,2023-06-11 13:31:58,46.8908,10.2275,rock avalanche,900000.0,52000.0,40000.0,59000.0,1000000.0,,,,,,930.0,740.0,970.0,CH,DAVOX,HHZ,,46.7805,9.87952,1830.0,ETH,29.242,1.0,0.0,,True,HHZ,200.0,True,9.167817131781392,True
321,"Flüchthorn, Austria",2023-06-11 13:28:29,2023-06-11 13:31:58,46.8908,10.2275,rock avalanche,900000.0,52000.0,40000.0,59000.0,1000000.0,,,,,,930.0,740.0,970.0,CH,FUORN,BHZ,,46.620334,10.26352,2286.0,"ETH,IRIS",30.192,1.0,0.0,,True,HHZ,200.0,True,14.7243836592061,True
321,"Flüchthorn, Austria",2023-06-11 13:28:29,2023-06-11 13:31:58,46.8908,10.2275,rock avalanche,900000.0,52000.0,40000.0,59000.0,1000000.0,,,,,,930.0,740.0,970.0,CH,FUORN,HHZ,,46.620334,10.26352,2286.0,"ETH,IRIS",30.192,1.0,0.0,,True,HHZ,200.0,True,14.7243836592061,True
321,"Flüchthorn, Austria",2023-06-11 13:28:29,2023-06-11 13:31:58,46.8908,10.2275,rock avalanche,900000.0,52000.0,40000.0,59000.0,1000000.0,,,,,,930.0,740.0,970.0,SI,MOSI,BHZ,,46.6164,10.5495,1957.0,INGV,39.189,1.0,0.0,,True,HHZ,100.0,True,5.784101821899545,False
321,"Flüchthorn, Austria",2023-06-11 13:28:29,2023-06-11 13:31:58,46.8908,10.2275,rock avalanche,900000.0,52000.0,40000.0,59000.0,1000000.0,,,,,,930.0,740.0,970.0,SI,MOSI,HHZ,,46.6164,10.5495,1957.0,INGV,39.189,1.0,0.0,,True,HHZ,100.0,True,5.784101821899545,False
321,"Flüchthorn, Austria",2023-06-11 13:28:29,2023-06-11 13:31:58,46.8908,10.2275,rock avalanche,900000.0,52000.0,40000.0,59000.0,1000000.0,,,,,,930.0,740.0,970.0,IV,BRMO,HHZ,,46.47616,10.37218,1380.0,INGV,47.404,1.0,0.0,,True,HHZ,100.0,True,8.483999620762328,True
321,"Flüchthorn, Austria",2023-06-11 13:28:29,2023-06-11 13:31:58,46.8908,10.2275,rock avalanche,900000.0,52000.0,40000.0,59000.0,1000000.0,,,,,,930.0,740.0,970.0,IV,BRMO,BHZ,,46.47616,10.37218,1380.0,INGV,47.404,1.0,0.0,,True,HHZ,100.0,True,8.483999620762328,False
321,"Flüchthorn, Austria",2023-06-11 13:28:29,2023-06-11 13:31:58,46.8908,10.2275,rock avalanche,900000.0,52000.0,40000.0,59000.0,1000000.0,,,,,,930.0,740.0,970.0,OE,DAVA,HHZ,,47.286701,9.8803,1602.0,"ORFEUS,IRIS",51.305,1.0,0.0,,True,HHZ,100.0,True,6.400307078008892,False
321,"Flüchthorn, Austria",2023-06-11 13:28:29,2023-06-11 13:31:58,46.8908,10.2275,rock avalanche,900000.0,52000.0,40000.0,59000.0,1000000.0,,,,,,930.0,740.0,970.0,OE,DAVA,BHZ,,47.2867,9.8803,1602.0,"ORFEUS,IRIS",51.305,1.0,0.0,,True,HHZ,100.0,True,6.400307078008892,False
322,"Dickson Fjord, Greenland",2023-09-16 12:35:45,2023-09-16 12:42:11,72.808,-26.944,"rock slide, rock and ice avalanche",,160000.0,,,25500000.0,23800000.0,27500000.0,55000000000.0,,103000000000.0,350.0,300.0,400.0,,,,,,,,,,,,,False,,,False,0.0,False
323,"South Coldwater, Mount St Helens",2023-05-15 03:29:10,2023-05-15 04:40:04,46.28,-122.1895,"debris slide, debris flow",370000.0,20700.0,,,234000.0,,235000.0,,,,348.0,,,CC,JRO,HHZ,,46.27527,-122.21826,1219.0,IRIS,2.278,1.0,0.0,0.0,True,HHZ,100.0,True,6.3972945666768,True
323,"South Coldwater, Mount St Helens",2023-05-15 03:29:10,2023-05-15 04:40:04,46.28,-122.1895,"debris slide, debris flow",370000.0,20700.0,,,234000.0,,235000.0,,,,348.0,,,CC,HOA,BHZ,,46.24178,-122.19183,1151.0,IRIS,4.252,1.0,0.0,0.0,True,BHZ,50.0,True,3.342835230225968,False
323,"South Coldwater, Mount St Helens",2023-05-15 03:29:10,2023-05-15 04:40:04,46.28,-122.1895,"debris slide, debris flow",370000.0,20700.0,,,234000.0,,235000.0,,,,348.0,,,CC,NFT,BHZ,,46.26925,-122.25535,830.0,IRIS,5.214,1.0,0.0,0.0,True,BHZ,50.0,True,3.7166138917877936,True
323,"South Coldwater, Mount St Helens",2023-05-15 03:29:10,2023-05-15 04:40:04,46.28,-122.1895,"debris slide, debris flow",370000.0,20700.0,,,234000.0,,235000.0,,,,348.0,,,PB,B201,EHZ,,46.3033,-122.2648,990.0,IRIS,6.354,1.0,,0.0,True,EHZ,100.0,True,3.454456453785278,True
323,"South Coldwater, Mount St Helens",2023-05-15 03:29:10,2023-05-15 04:40:04,46.28,-122.1895,"debris slide, debris flow",370000.0,20700.0,,,234000.0,,235000.0,,,,348.0,,,CC,SUG,BHZ,,46.215549,-122.176262,1859.0,IRIS,7.236,1.0,0.0,0.0,True,BHZ,50.0,True,3.5256669295378127,True
323,"South Coldwater, Mount St Helens",2023-05-15 03:29:10,2023-05-15 04:40:04,46.28,-122.1895,"debris slide, debris flow",370000.0,20700.0,,,234000.0,,235000.0,,,,348.0,,,CC,VALT,BHZ,,46.21422,-122.18925,1681.0,IRIS,7.312,1.0,0.0,0.0,True,BHZ,50.0,True,3.384867333803834,False
323,"South Coldwater, Mount St Helens",2023-05-15 03:29:10,2023-05-15 04:40:04,46.28,-122.1895,"debris slide, debris flow",370000.0,20700.0,,,234000.0,,235000.0,,,,348.0,,,CC,USFR,BHZ,,46.215283,-122.2327,1341.8,IRIS,7.928,1.0,0.0,0.0,True,BHZ,50.0,True,3.398159094487044,False
323,"South Coldwater, Mount St Helens",2023-05-15 03:29:10,2023-05-15 04:40:04,46.28,-122.1895,"debris slide, debris flow",370000.0,20700.0,,,234000.0,,235000.0,,,,348.0,,,CC,UNFR,BHZ,,46.27261,-122.2921,907.8,IRIS,7.951,1.0,0.0,0.0,True,BHZ,50.0,True,3.942729448156958,True
323,"South Coldwater, Mount St Helens",2023-05-15 03:29:10,2023-05-15 04:40:04,46.28,-122.1895,"debris slide, debris flow",370000.0,20700.0,,,234000.0,,235000.0,,,,348.0,,,CC,SEP,BHZ,,46.19978,-122.190857,2114.0,IRIS,8.918,1.0,0.0,0.0,True,BHZ,50.0,True,3.228412861739157,False
323,"South Coldwater, Mount St Helens",2023-05-15 03:29:10,2023-05-15 04:40:04,46.28,-122.1895,"debris slide, debris flow",370000.0,20700.0,,,234000.0,,235000.0,,,,348.0,,,UW,EDM,EHZ,,46.19717,-122.15121,1609.0,IRIS,9.669,1.0,,0.0,True,EHZ,100.0,True,3.3191611283554776,False
324,"Gwalpeten, Switzerland",2023-07-30 13:58:27,2023-07-30 13:59:55,46.8932,8.8619,"rock slide, rock avalanche",160000.0,,,,480000.0,,,,,,590.0,560.0,620.0,CH,MUO,HHZ,,46.96765,8.63706,1920.0,ETH,19.018,1.0,1.0,,True,HHZ,200.0,True,24.72335846693282,True
324,"Gwalpeten, Switzerland",2023-07-30 13:58:27,2023-07-30 13:59:55,46.8932,8.8619,"rock slide, rock avalanche",160000.0,,,,480000.0,,,,,,590.0,560.0,620.0,CH,MUO,BHZ,,46.96765,8.63706,1920.0,ETH,19.018,1.0,1.0,,True,HHZ,200.0,True,24.72335846693282,True
324,"Gwalpeten, Switzerland",2023-07-30 13:58:27,2023-07-30 13:59:55,46.8932,8.8619,"rock slide, rock avalanche",160000.0,,,,480000.0,,,,,,590.0,560.0,620.0,CH,PANIX,HHZ,,46.825743,9.111708,1433.0,ETH,20.472,1.0,1.0,,True,HHZ,200.0,True,20.35986993514772,True
324,"Gwalpeten, Switzerland",2023-07-30 13:58:27,2023-07-30 13:59:55,46.8932,8.8619,"rock slide, rock avalanche",160000.0,,,,480000.0,,,,,,590.0,560.0,620.0,CH,PANIX,BHZ,,46.825743,9.111708,1433.0,ETH,20.472,1.0,1.0,,True,HHZ,200.0,True,20.35986993514772,False
324,"Gwalpeten, Switzerland",2023-07-30 13:58:27,2023-07-30 13:59:55,46.8932,8.8619,"rock slide, rock avalanche",160000.0,,,,480000.0,,,,,,590.0,560.0,620.0,CH,WGT,HHZ,,47.09838,8.92525,913.9,ETH,23.313,1.0,1.0,,True,HHZ,200.0,True,20.86799311780339,True
324,"Gwalpeten, Switzerland",2023-07-30 13:58:27,2023-07-30 13:59:55,46.8932,8.8619,"rock slide, rock avalanche",160000.0,,,,480000.0,,,,,,590.0,560.0,620.0,CH,WGT,BHZ,,47.09838,8.92525,913.9,ETH,23.313,1.0,1.0,,True,HHZ,200.0,True,20.86799311780339,True
324,"Gwalpeten, Switzerland",2023-07-30 13:58:27,2023-07-30 13:59:55,46.8932,8.8619,"rock slide, rock avalanche",160000.0,,,,480000.0,,,,,,590.0,560.0,620.0,CH,SLUX,EHZ,,46.69309,9.14976,1214.8,ETH,31.271,1.0,,,True,EHZ,200.0,True,13.01428466607094,False
324,"Gwalpeten, Switzerland",2023-07-30 13:58:27,2023-07-30 13:59:55,46.8932,8.8619,"rock slide, rock avalanche",160000.0,,,,480000.0,,,,,,590.0,560.0,620.0,CH,BNALP,BHZ,,46.87034,8.4249,1549.0,"ETH,IRIS",33.406,1.0,1.0,,True,HHZ,200.0,True,19.33567016068673,False
324,"Gwalpeten, Switzerland",2023-07-30 13:58:27,2023-07-30 13:59:55,46.8932,8.8619,"rock slide, rock avalanche",160000.0,,,,480000.0,,,,,,590.0,560.0,620.0,CH,BNALP,HHZ,,46.87034,8.4249,1549.0,ETH,33.406,1.0,1.0,,True,HHZ,200.0,True,19.33567016068673,False
324,"Gwalpeten, Switzerland",2023-07-30 13:58:27,2023-07-30 13:59:55,46.8932,8.8619,"rock slide, rock avalanche",160000.0,,,,480000.0,,,,,,590.0,560.0,620.0,CH,NALPS,BHZ,,46.595121,8.74828,2345.68,ETH,34.255,1.0,1.0,,True,HHZ,200.0,True,14.1485599143685,False
325,"Peters Dome, Denali National Park",2023-09-14 02:06:38,2023-09-14 02:10:00,63.1399,-151.1872,rock and ice avalanche,1500000.0,140000.0,,,4500000.0,3000000.0,6000000.0,,,,1300.0,,,AK,KTH,BHZ,,63.5527,-150.9233,1172.0,IRIS,47.873,1.0,1.0,,True,BHZ,50.0,True,27.54755957121461,True
325,"Peters Dome, Denali National Park",2023-09-14 02:06:38,2023-09-14 02:10:00,63.1399,-151.1872,rock and ice avalanche,1500000.0,140000.0,,,4500000.0,3000000.0,6000000.0,,,,1300.0,,,AK,CAST,BHZ,,63.4188,-152.0844,611.0,IRIS,54.717,1.0,1.0,,True,BHZ,50.0,True,24.952460065686594,True
325,"Peters Dome, Denali National Park",2023-09-14 02:06:38,2023-09-14 02:10:00,63.1399,-151.1872,rock and ice avalanche,1500000.0,140000.0,,,4500000.0,3000000.0,6000000.0,,,,1300.0,,,AK,PPLA,BHZ,,62.8962,-152.1894,1519.0,IRIS,57.564,1.0,1.0,,True,BHZ,50.0,True,18.534299958128063,False
325,"Peters Dome, Denali National Park",2023-09-14 02:06:38,2023-09-14 02:10:00,63.1399,-151.1872,rock and ice avalanche,1500000.0,140000.0,,,4500000.0,3000000.0,6000000.0,,,,1300.0,,,AK,L22K,BHZ,,62.5258,-150.7703,817.0,IRIS,71.668,1.0,1.0,,True,BHZ,50.0,True,17.31101404772461,False
325,"Peters Dome, Denali National Park",2023-09-14 02:06:38,2023-09-14 02:10:00,63.1399,-151.1872,rock and ice avalanche,1500000.0,140000.0,,,4500000.0,3000000.0,6000000.0,,,,1300.0,,,AK,CUT,BHZ,,62.4058,-150.2625,574.0,IRIS,94.468,1.0,1.0,,True,BHZ,50.0,True,5.997573640811624,False
325,"Peters Dome, Denali National Park",2023-09-14 02:06:38,2023-09-14 02:10:00,63.1399,-151.1872,rock and ice avalanche,1500000.0,140000.0,,,4500000.0,3000000.0,6000000.0,,,,1300.0,,,AK,CHUM,BHZ,,63.8822,-152.3172,58.0,IRIS,100.054,1.0,1.0,,True,BHZ,50.0,True,18.7894238247619,True
325,"Peters Dome, Denali National Park",2023-09-14 02:06:38,2023-09-14 02:10:00,63.1399,-151.1872,rock and ice avalanche,1500000.0,140000.0,,,4500000.0,3000000.0,6000000.0,,,,1300.0,,,AK,BPAW,BHZ,,64.0997,-150.9873,619.0,IRIS,107.448,1.0,1.0,,True,BHZ,50.0,True,21.51575059262278,True
325,"Peters Dome, Denali National Park",2023-09-14 02:06:38,2023-09-14 02:10:00,63.1399,-151.1872,rock and ice avalanche,1500000.0,140000.0,,,4500000.0,3000000.0,6000000.0,,,,1300.0,,,AK,RND,BHZ,,63.4056,-148.8602,993.6,IRIS,120.503,1.0,1.0,,True,BHZ,50.0,True,16.396851964318014,False
325,"Peters Dome, Denali National Park",2023-09-14 02:06:38,2023-09-14 02:10:00,63.1399,-151.1872,rock and ice avalanche,1500000.0,140000.0,,,4500000.0,3000000.0,6000000.0,,,,1300.0,,,AK,WAT7,BHZ,,62.8331,-148.8476,1232.0,IRIS,123.432,1.0,1.0,,True,BHZ,50.0,True,16.15829794305047,False
325,"Peters Dome, Denali National Park",2023-09-14 02:06:38,2023-09-14 02:10:00,63.1399,-151.1872,rock and ice avalanche,1500000.0,140000.0,,,4500000.0,3000000.0,6000000.0,,,,1300.0,,,AK,MCK,BHZ,,63.7318,-148.9373,618.0,IRIS,130.242,1.0,1.0,,True,BHZ,50.0,True,23.726098590449254,True
326,Pedersen Lagoon,2024-08-07 12:54:42,2024-08-07 12:58:39,59.9076,-149.8217,landslide,450000.0,,,,4300000.0,3400000.0,4900000.0,,,,,460.0,,AK,SWD,BHZ,,60.1043,-149.4526,77.0,IRIS,30.071,1.0,1.0,,True,BHZ,50.0,True,7.939146777567942,True
326,Pedersen Lagoon,2024-08-07 12:54:42,2024-08-07 12:58:39,59.9076,-149.8217,landslide,450000.0,,,,4300000.0,3400000.0,4900000.0,,,,,460.0,,AK,BRSE,BHZ,,59.7417,-150.7414,541.0,IRIS,54.801,1.0,1.0,,True,BHZ,50.0,True,5.388744160053069,True
326,Pedersen Lagoon,2024-08-07 12:54:42,2024-08-07 12:58:39,59.9076,-149.8217,landslide,450000.0,,,,4300000.0,3400000.0,4900000.0,,,,,460.0,,AK,BRLK,BHZ,,59.7511,-150.9063,409.0,IRIS,63.281,1.0,1.0,,True,BHZ,50.0,True,5.1518220165277455,False
326,Pedersen Lagoon,2024-08-07 12:54:42,2024-08-07 12:58:39,59.9076,-149.8217,landslide,450000.0,,,,4300000.0,3400000.0,4900000.0,,,,,460.0,,AK,SLK,BHZ,,60.5117,-150.2231,655.0,IRIS,70.89,1.0,1.0,,True,BHZ,50.0,True,9.412806967777236,True
326,Pedersen Lagoon,2024-08-07 12:54:42,2024-08-07 12:58:39,59.9076,-149.8217,landslide,450000.0,,,,4300000.0,3400000.0,4900000.0,,,,,460.0,,AK,CNP,BHZ,,59.5251,-151.2373,564.0,IRIS,90.344,1.0,1.0,,True,BHZ,50.0,True,4.954905521962569,False
326,Pedersen Lagoon,2024-08-07 12:54:42,2024-08-07 12:58:39,59.9076,-149.8217,landslide,450000.0,,,,4300000.0,3400000.0,4900000.0,,,,,460.0,,AK,HOM,BHZ,,59.6572,-151.6515,221.0,IRIS,106.488,0.0,1.0,,True,BHZ,50.0,True,3.365640854807859,False
326,Pedersen Lagoon,2024-08-07 12:54:42,2024-08-07 12:58:39,59.9076,-149.8217,landslide,450000.0,,,,4300000.0,3400000.0,4900000.0,,,,,460.0,,AK,CAPN,BHZ,,60.7683,-151.1539,47.0,IRIS,120.867,0.0,1.0,,True,BHZ,50.0,True,3.034112245667431,False
326,Pedersen Lagoon,2024-08-07 12:54:42,2024-08-07 12:58:39,59.9076,-149.8217,landslide,450000.0,,,,4300000.0,3400000.0,4900000.0,,,,,460.0,,AK,RC01,BHZ,,61.0889,-149.739,390.0,IRIS,131.7,1.0,1.0,,True,BHZ,50.0,True,7.524526016089704,True
326,Pedersen Lagoon,2024-08-07 12:54:42,2024-08-07 12:58:39,59.9076,-149.8217,landslide,450000.0,,,,4300000.0,3400000.0,4900000.0,,,,,460.0,,AK,P23K,BHZ,,59.9979,-147.4031,287.0,IRIS,135.517,1.0,1.0,,True,BHZ,50.0,True,4.641687305722795,False
326,Pedersen Lagoon,2024-08-07 12:54:42,2024-08-07 12:58:39,59.9076,-149.8217,landslide,450000.0,,,,4300000.0,3400000.0,4900000.0,,,,,460.0,,AT,NSHR,BHZ,,61.037669,-148.115133,0.0,IRIS,157.039,1.0,0.0,,True,BHZ,50.0,True,7.225998012968837,True
327,"Nisqually, Mount Rainier",2024-02-10 20:03:23,2024-02-10 20:05:13,46.8406,-121.7499,"ice fall, snow avalanche",,,,,,,,,,,400.0,300.0,600.0,UW,RCM,HHZ,,46.83564,-121.732979,3085.0,IRIS,1.404,1.0,0.0,,True,HHZ,100.0,True,33.39717207014688,True
327,"Nisqually, Mount Rainier",2024-02-10 20:03:23,2024-02-10 20:05:13,46.8406,-121.7499,"ice fall, snow avalanche",,,,,,,,,,,400.0,300.0,600.0,UW,RCS,EHZ,,46.87083,-121.73231,2877.0,IRIS,3.618,1.0,,,True,EHZ,100.0,True,12.457091185350922,True
327,"Nisqually, Mount Rainier",2024-02-10 20:03:23,2024-02-10 20:05:13,46.8406,-121.7499,"ice fall, snow avalanche",,,,,,,,,,,400.0,300.0,600.0,CC,MILD,BHZ,,46.8081,-121.77568,2014.8,IRIS,4.114,1.0,0.0,,True,BHZ,50.0,True,23.74751067102177,True
327,"Nisqually, Mount Rainier",2024-02-10 20:03:23,2024-02-10 20:05:13,46.8406,-121.7499,"ice fall, snow avalanche",,,,,,,,,,,400.0,300.0,600.0,CC,PARA,BHZ,,46.786442,-121.742149,1651.2,IRIS,6.05,1.0,0.0,,True,BHZ,50.0,True,5.333574828728684,False
327,"Nisqually, Mount Rainier",2024-02-10 20:03:23,2024-02-10 20:05:13,46.8406,-121.7499,"ice fall, snow avalanche",,,,,,,,,,,400.0,300.0,600.0,UW,RER,HHZ,,46.81858,-121.8425,1747.5,IRIS,7.477,1.0,0.0,,True,HHZ,100.0,True,11.806990672275314,True
327,"Nisqually, Mount Rainier",2024-02-10 20:03:23,2024-02-10 20:05:13,46.8406,-121.7499,"ice fall, snow avalanche",,,,,,,,,,,400.0,300.0,600.0,CC,COPP,BHZ,,46.79786,-121.82852,1896.0,IRIS,7.653,1.0,0.0,,True,BHZ,50.0,True,10.100956408539396,False
327,"Nisqually, Mount Rainier",2024-02-10 20:03:23,2024-02-10 20:05:13,46.8406,-121.7499,"ice fall, snow avalanche",,,,,,,,,,,400.0,300.0,600.0,CC,OBSR,BHZ,,46.899719,-121.815331,2382.0,IRIS,8.251,1.0,0.0,,True,BHZ,50.0,True,12.325567699041368,True
327,"Nisqually, Mount Rainier",2024-02-10 20:03:23,2024-02-10 20:05:13,46.8406,-121.7499,"ice fall, snow avalanche",,,,,,,,,,,400.0,300.0,600.0,CC,PANH,BHZ,,46.859,-121.64261,2109.0,IRIS,8.435,1.0,0.0,,True,BHZ,50.0,True,7.093659619847166,False
327,"Nisqually, Mount Rainier",2024-02-10 20:03:23,2024-02-10 20:05:13,46.8406,-121.7499,"ice fall, snow avalanche",,,,,,,,,,,400.0,300.0,600.0,CC,TABR,BHZ,,46.80435,-121.84948,1278.2,IRIS,8.601,1.0,0.0,,True,BHZ,50.0,True,8.53596648846582,False
327,"Nisqually, Mount Rainier",2024-02-10 20:03:23,2024-02-10 20:05:13,46.8406,-121.7499,"ice fall, snow avalanche",,,,,,,,,,,400.0,300.0,600.0,CC,ARAT,BHZ,,46.78898,-121.8528,1822.4,IRIS,9.726,1.0,0.0,,True,BHZ,50.0,True,6.689411299516596,False
328,"White Salmon Glacier, Mount Adams",2024-01-27 14:44:06,2024-01-27 15:03:30,46.1959,-121.5129,snow avalanche,,,,,33000.0,3300.0,330000.0,,,,800.0,700.0,1000.0,UW,ASR2,HHZ,,46.13969,-121.59739,1272.8,IRIS,9.034,1.0,0.0,,True,HHZ,100.0,True,3.956840308845953,True
329,"White River, Mount Hood",2023-04-24 16:21:25,2023-04-24 16:39:30,45.3329,-121.7021,snow avalanche,,,,,330000.0,33000.0,,,,,,,,CC,TIMB,BHZ,,45.33572,-121.710358,1869.0,IRIS,0.719,1.0,0.0,,True,BHZ,50.0,True,7.649376206947588,True
329,"White River, Mount Hood",2023-04-24 16:21:25,2023-04-24 16:39:30,45.3329,-121.7021,snow avalanche,,,,,330000.0,33000.0,,,,,,,,CC,PALM,BHZ,,45.358574,-121.705536,2590.0,IRIS,2.866,1.0,0.0,,True,BHZ,50.0,True,7.201200651336684,True
329,"White River, Mount Hood",2023-04-24 16:21:25,2023-04-24 16:39:30,45.3329,-121.7021,snow avalanche,,,,,330000.0,33000.0,,,,,,,,UW,HOOD,HHZ,,45.322262,-121.650932,1512.0,IRIS,4.182,1.0,0.0,,True,HHZ,100.0,True,4.285724432898656,True
329,"White River, Mount Hood",2023-04-24 16:21:25,2023-04-24 16:39:30,45.3329,-121.7021,snow avalanche,,,,,330000.0,33000.0,,,,,,,,CC,LSON,BHZ,,45.35961,-121.64708,1880.0,IRIS,5.235,1.0,0.0,,True,BHZ,50.0,True,4.5255498397765965,True
329,"White River, Mount Hood",2023-04-24 16:21:25,2023-04-24 16:39:30,45.3329,-121.7021,snow avalanche,,,,,330000.0,33000.0,,,,,,,,CC,BRSP,BHZ,,45.40155,-121.70843,2080.0,IRIS,7.646,1.0,0.0,,True,BHZ,50.0,True,4.381978069528501,True
329,"White River, Mount Hood",2023-04-24 16:21:25,2023-04-24 16:39:30,45.3329,-121.7021,snow avalanche,,,,,330000.0,33000.0,,,,,,,,UW,TDH,HHZ,,45.289998,-121.791446,1539.0,IRIS,8.475,1.0,0.0,,True,EHZ,100.0,True,1.6403149091832645,False
329,"White River, Mount Hood",2023-04-24 16:21:25,2023-04-24 16:39:30,45.3329,-121.7021,snow avalanche,,,,,330000.0,33000.0,,,,,,,,CC,HIYU,BHZ,,45.43523,-121.807396,1418.0,IRIS,14.048,1.0,0.0,,True,BHZ,50.0,True,3.237853392534925,False
329,"White River, Mount Hood",2023-04-24 16:21:25,2023-04-24 16:39:30,45.3329,-121.7021,snow avalanche,,,,,330000.0,33000.0,,,,,,,,UW,VLL,EHZ,,45.46317,-121.68035,1195.0,IRIS,14.578,1.0,,,True,EHZ,100.0,True,3.420324567811999,False
329,"White River, Mount Hood",2023-04-24 16:21:25,2023-04-24 16:39:30,45.3329,-121.7021,snow avalanche,,,,,330000.0,33000.0,,,,,,,,UW,VFP,HHZ,,45.317992,-121.466299,1722.0,IRIS,18.561,1.0,0.0,,True,HHZ,100.0,True,3.3675073797515287,False
330,"White River, Mount Hood",2023-08-27 23:44:30,2023-08-28 00:12:04,45.3497,-121.6957,debris flow,,,,,,,,,,,800.0,700.0,900.0,CC,PALM,BHZ,,45.358574,-121.705536,2590.0,IRIS,1.252,1.0,0.0,1.0,True,BHZ,50.0,True,5.20524957861859,True
330,"White River, Mount Hood",2023-08-27 23:44:30,2023-08-28 00:12:04,45.3497,-121.6957,debris flow,,,,,,,,,,,800.0,700.0,900.0,CC,TIMB,BHZ,,45.33572,-121.710358,1869.0,IRIS,1.932,1.0,0.0,1.0,True,BHZ,50.0,True,4.72152001275221,True
330,"White River, Mount Hood",2023-08-27 23:44:30,2023-08-28 00:12:04,45.3497,-121.6957,debris flow,,,,,,,,,,,800.0,700.0,900.0,CC,LSON,BHZ,,45.35961,-121.64708,1880.0,IRIS,3.966,1.0,0.0,1.0,True,BHZ,50.0,True,4.886038566359018,True
330,"White River, Mount Hood",2023-08-27 23:44:30,2023-08-28 00:12:04,45.3497,-121.6957,debris flow,,,,,,,,,,,800.0,700.0,900.0,UW,HOOD,HHZ,,45.322262,-121.650932,1512.0,IRIS,4.649,1.0,0.0,0.0,True,HHZ,100.0,True,4.832238416482442,True
330,"White River, Mount Hood",2023-08-27 23:44:30,2023-08-28 00:12:04,45.3497,-121.6957,debris flow,,,,,,,,,,,800.0,700.0,900.0,CC,YOCR,BHZ,,45.379178,-121.743539,1913.7,IRIS,4.978,1.0,0.0,0.0,True,BHZ,50.0,True,4.96298015891615,True
330,"White River, Mount Hood",2023-08-27 23:44:30,2023-08-28 00:12:04,45.3497,-121.6957,debris flow,,,,,,,,,,,800.0,700.0,900.0,CC,BRSP,BHZ,,45.40155,-121.70843,2080.0,IRIS,5.848,1.0,0.0,1.0,True,BHZ,50.0,True,4.550013391326523,False
330,"White River, Mount Hood",2023-08-27 23:44:30,2023-08-28 00:12:04,45.3497,-121.6957,debris flow,,,,,,,,,,,800.0,700.0,900.0,UW,TDH,HHZ,,45.289998,-121.791446,1539.0,IRIS,10.019,1.0,0.0,0.0,True,HHZ,100.0,True,4.3845413476456505,False
330,"White River, Mount Hood",2023-08-27 23:44:30,2023-08-28 00:12:04,45.3497,-121.6957,debris flow,,,,,,,,,,,800.0,700.0,900.0,UW,VLL,EHZ,,45.46317,-121.68035,1195.0,IRIS,12.668,1.0,,0.0,True,EHZ,100.0,True,3.1631599695205823,False
330,"White River, Mount Hood",2023-08-27 23:44:30,2023-08-28 00:12:04,45.3497,-121.6957,debris flow,,,,,,,,,,,800.0,700.0,900.0,CC,HIYU,BHZ,,45.43523,-121.807396,1418.0,IRIS,12.917,1.0,0.0,0.0,True,BHZ,50.0,True,3.2156077199171613,False
330,"White River, Mount Hood",2023-08-27 23:44:30,2023-08-28 00:12:04,45.3497,-121.6957,debris flow,,,,,,,,,,,800.0,700.0,900.0,CC,SHRK,BHZ,,45.464317,-121.528767,1318.7,IRIS,18.25,1.0,0.0,0.0,True,BHZ,50.0,True,3.1935500291448964,False
331,"Avalanche Gulch, Mount Shasta",2024-02-20 07:10:22,2024-02-20 07:29:06,41.3882,-122.2069,snow avalanche,,,,,33000.0,3300.0,330000.0,,,,980.0,,,NC,LGY,HHZ,01,41.34488,-122.19581,2419.0,"IRIS,NCEDC",4.9,1.0,0.0,,True,HHZ,100.0,True,3.979360069969987,True
331,"Avalanche Gulch, Mount Shasta",2024-02-20 07:10:22,2024-02-20 07:29:06,41.3882,-122.2069,snow avalanche,,,,,33000.0,3300.0,330000.0,,,,980.0,,,NC,LDL,HHZ,01,41.38136,-122.29369,1705.0,"IRIS,NCEDC",7.299,1.0,0.0,,True,HHZ,100.0,True,3.8623733907693225,True
332,"Willis Wall, Mount Rainier",2023-05-28 17:18:38,2023-05-28 17:20:19,46.8668,-121.7702,ice fall,,,,,,,,,,,900.0,700.0,1100.0,UW,STAR,EHZ,,46.850849,-121.792953,3365.0,IRIS,2.481,1.0,,,True,EHZ,100.0,True,9.082218396960387,True
332,"Willis Wall, Mount Rainier",2023-05-28 17:18:38,2023-05-28 17:20:19,46.8668,-121.7702,ice fall,,,,,,,,,,,900.0,700.0,1100.0,UW,RCS,EHZ,,46.87083,-121.73231,2877.0,IRIS,2.923,1.0,,,True,EHZ,100.0,True,8.784697767108812,True
332,"Willis Wall, Mount Rainier",2023-05-28 17:18:38,2023-05-28 17:20:19,46.8668,-121.7702,ice fall,,,,,,,,,,,900.0,700.0,1100.0,UW,RCM,HHZ,,46.83564,-121.732979,3085.0,IRIS,4.479,1.0,0.0,,True,HHZ,100.0,True,8.045287251360763,False
332,"Willis Wall, Mount Rainier",2023-05-28 17:18:38,2023-05-28 17:20:19,46.8668,-121.7702,ice fall,,,,,,,,,,,900.0,700.0,1100.0,CC,OBSR,BHZ,,46.899719,-121.815331,2382.0,IRIS,5.023,1.0,0.0,,True,BHZ,50.0,True,8.72109196192495,True
332,"Willis Wall, Mount Rainier",2023-05-28 17:18:38,2023-05-28 17:20:19,46.8668,-121.7702,ice fall,,,,,,,,,,,900.0,700.0,1100.0,CC,MILD,BHZ,,46.8081,-121.77568,2014.8,IRIS,6.539,1.0,0.0,,True,BHZ,50.0,True,8.76154515912898,True
332,"Willis Wall, Mount Rainier",2023-05-28 17:18:38,2023-05-28 17:20:19,46.8668,-121.7702,ice fall,,,,,,,,,,,900.0,700.0,1100.0,UW,RER,HHZ,,46.81858,-121.8425,1747.5,IRIS,7.691,1.0,0.0,,True,EHZ,100.0,True,13.500759910056432,True
332,"Willis Wall, Mount Rainier",2023-05-28 17:18:38,2023-05-28 17:20:19,46.8668,-121.7702,ice fall,,,,,,,,,,,900.0,700.0,1100.0,CC,COPP,BHZ,,46.79786,-121.82852,1896.0,IRIS,8.862,1.0,0.0,,True,BHZ,50.0,True,7.287353687750641,False
332,"Willis Wall, Mount Rainier",2023-05-28 17:18:38,2023-05-28 17:20:19,46.8668,-121.7702,ice fall,,,,,,,,,,,900.0,700.0,1100.0,CC,PARA,BHZ,,46.786442,-121.742149,1651.2,IRIS,9.186,1.0,0.0,,True,BHZ,50.0,True,6.213606698120438,False
332,"Willis Wall, Mount Rainier",2023-05-28 17:18:38,2023-05-28 17:20:19,46.8668,-121.7702,ice fall,,,,,,,,,,,900.0,700.0,1100.0,CC,TABR,BHZ,,46.80435,-121.84948,1278.2,IRIS,9.207,1.0,0.0,,True,BHZ,50.0,True,6.867521303240249,False
332,"Willis Wall, Mount Rainier",2023-05-28 17:18:38,2023-05-28 17:20:19,46.8668,-121.7702,ice fall,,,,,,,,,,,900.0,700.0,1100.0,CC,PANH,BHZ,,46.859,-121.64261,2109.0,IRIS,9.767,1.0,0.0,,True,BHZ,50.0,True,7.806176401446725,False
333,"Shoestring Notch, Mount St Helens",2023-03-13 11:48:08,2023-03-13 12:05:47,46.1888,-122.1653,snow avalanche,,,,,,,,,,,700.0,600.0,1000.0,UW,EDM,HHZ,,46.19717,-122.15121,1610.0,IRIS,1.431,1.0,0.0,,True,EHZ,100.0,True,30.00853383323692,True
333,"Shoestring Notch, Mount St Helens",2023-03-13 11:48:08,2023-03-13 12:05:47,46.1888,-122.1653,snow avalanche,,,,,,,,,,,700.0,600.0,1000.0,UW,HSR,EHZ,,46.17428,-122.18065,1720.0,IRIS,2.002,1.0,,,True,EHZ,100.0,True,5.5220042956273865,False
333,"Shoestring Notch, Mount St Helens",2023-03-13 11:48:08,2023-03-13 12:05:47,46.1888,-122.1653,snow avalanche,,,,,,,,,,,700.0,600.0,1000.0,UW,HSR,HHZ,,46.17417,-122.1806,1720.0,IRIS,2.01,1.0,0.0,,True,EHZ,100.0,True,5.5220042956273865,False
333,"Shoestring Notch, Mount St Helens",2023-03-13 11:48:08,2023-03-13 12:05:47,46.1888,-122.1653,snow avalanche,,,,,,,,,,,700.0,600.0,1000.0,CC,SEP,BHZ,,46.19978,-122.190857,2114.0,IRIS,2.32,1.0,0.0,,True,BHZ,50.0,True,6.386703618845451,True
333,"Shoestring Notch, Mount St Helens",2023-03-13 11:48:08,2023-03-13 12:05:47,46.1888,-122.1653,snow avalanche,,,,,,,,,,,700.0,600.0,1000.0,CC,SUG,BHZ,,46.215549,-122.176262,1859.0,IRIS,3.091,1.0,0.0,,True,BHZ,50.0,True,6.376503867508166,True
333,"Shoestring Notch, Mount St Helens",2023-03-13 11:48:08,2023-03-13 12:05:47,46.1888,-122.1653,snow avalanche,,,,,,,,,,,700.0,600.0,1000.0,CC,VALT,BHZ,,46.21422,-122.18925,1681.0,IRIS,3.377,1.0,0.0,,True,BHZ,50.0,True,6.355636807150801,True
333,"Shoestring Notch, Mount St Helens",2023-03-13 11:48:08,2023-03-13 12:05:47,46.1888,-122.1653,snow avalanche,,,,,,,,,,,700.0,600.0,1000.0,CC,SWF2,BHZ,,46.17835,-122.21677,1548.0,IRIS,4.14,1.0,0.0,,True,BHZ,50.0,True,5.471905666538567,False
333,"Shoestring Notch, Mount St Helens",2023-03-13 11:48:08,2023-03-13 12:05:47,46.1888,-122.1653,snow avalanche,,,,,,,,,,,700.0,600.0,1000.0,CC,LOO,BHZ,,46.22375,-122.18439,1521.3,IRIS,4.155,1.0,0.0,,True,BHZ,50.0,True,5.955363500811746,True
333,"Shoestring Notch, Mount St Helens",2023-03-13 11:48:08,2023-03-13 12:05:47,46.1888,-122.1653,snow avalanche,,,,,,,,,,,700.0,600.0,1000.0,UW,SHW,HHZ,,46.19364,-122.23492,1441.0,IRIS,5.401,1.0,0.0,,True,EHZ,100.0,True,3.737190281365595,False
333,"Shoestring Notch, Mount St Helens",2023-03-13 11:48:08,2023-03-13 12:05:47,46.1888,-122.1653,snow avalanche,,,,,,,,,,,700.0,600.0,1000.0,CC,USFR,BHZ,,46.215283,-122.2327,1341.8,IRIS,5.977,1.0,0.0,,True,BHZ,50.0,True,5.064321517293513,False
334,"NW Dome, Mount St Helens",2024-02-12 14:00:39,2024-02-12 14:01:53,46.2091,-122.194,snow avalanche,,,,,,,,,,,170.0,150.0,230.0,CC,VALT,BHZ,,46.21422,-122.18925,1681.0,IRIS,0.677,1.0,0.0,,True,BHZ,50.0,True,25.5243524143862,True
334,"NW Dome, Mount St Helens",2024-02-12 14:00:39,2024-02-12 14:01:53,46.2091,-122.194,snow avalanche,,,,,,,,,,,170.0,150.0,230.0,CC,SEP,BHZ,,46.19978,-122.190857,2114.0,IRIS,1.064,1.0,0.0,,True,BHZ,50.0,True,10.924127696867323,True
334,"NW Dome, Mount St Helens",2024-02-12 14:00:39,2024-02-12 14:01:53,46.2091,-122.194,snow avalanche,,,,,,,,,,,170.0,150.0,230.0,CC,SUG,BHZ,,46.215549,-122.176262,1859.0,IRIS,1.545,1.0,0.0,,True,BHZ,50.0,True,10.601635593581005,True
334,"NW Dome, Mount St Helens",2024-02-12 14:00:39,2024-02-12 14:01:53,46.2091,-122.194,snow avalanche,,,,,,,,,,,170.0,150.0,230.0,CC,LOO,BHZ,,46.22375,-122.18439,1521.3,IRIS,1.789,1.0,0.0,,True,BHZ,50.0,True,13.725977823566325,True
334,"NW Dome, Mount St Helens",2024-02-12 14:00:39,2024-02-12 14:01:53,46.2091,-122.194,snow avalanche,,,,,,,,,,,170.0,150.0,230.0,CC,USFR,BHZ,,46.215283,-122.2327,1341.8,IRIS,3.064,1.0,0.0,,True,BHZ,50.0,True,6.48646257717844,False
334,"NW Dome, Mount St Helens",2024-02-12 14:00:39,2024-02-12 14:01:53,46.2091,-122.194,snow avalanche,,,,,,,,,,,170.0,150.0,230.0,UW,EDM,HHZ,,46.19717,-122.15121,1610.0,IRIS,3.559,1.0,0.0,,True,HHZ,100.0,True,8.572449292341604,False
334,"NW Dome, Mount St Helens",2024-02-12 14:00:39,2024-02-12 14:01:53,46.2091,-122.194,snow avalanche,,,,,,,,,,,170.0,150.0,230.0,UW,SHW,HHZ,,46.19364,-122.23492,1441.0,IRIS,3.596,1.0,0.0,,True,EHZ,100.0,True,5.6378260575218535,False
334,"NW Dome, Mount St Helens",2024-02-12 14:00:39,2024-02-12 14:01:53,46.2091,-122.194,snow avalanche,,,,,,,,,,,170.0,150.0,230.0,CC,HOA,BHZ,,46.24178,-122.19183,1151.0,IRIS,3.636,1.0,0.0,,True,BHZ,50.0,True,11.619283103154322,True
334,"NW Dome, Mount St Helens",2024-02-12 14:00:39,2024-02-12 14:01:53,46.2091,-122.194,snow avalanche,,,,,,,,,,,170.0,150.0,230.0,UW,SHW,EHZ,,46.19347,-122.23635,1425.0,IRIS,3.702,1.0,,,True,EHZ,100.0,True,5.6378260575218535,False
334,"NW Dome, Mount St Helens",2024-02-12 14:00:39,2024-02-12 14:01:53,46.2091,-122.194,snow avalanche,,,,,,,,,,,170.0,150.0,230.0,CC,SWF2,BHZ,,46.17835,-122.21677,1548.0,IRIS,3.843,1.0,0.0,,True,BHZ,50.0,True,5.184768440302694,False
335,"Emmons Glacier, Mount Rainier",2023-12-10 19:04:45,2023-12-10 19:08:08,46.8612,-121.739,snow avalanche,,,,,,,,,,,1300.0,900.0,1500.0,UW,RCS,EHZ,,46.87083,-121.73231,2877.0,IRIS,1.186,1.0,,,True,EHZ,100.0,True,7.881313418280594,False
335,"Emmons Glacier, Mount Rainier",2023-12-10 19:04:45,2023-12-10 19:08:08,46.8612,-121.739,snow avalanche,,,,,,,,,,,1300.0,900.0,1500.0,UW,RCM,HHZ,,46.83564,-121.732979,3085.0,IRIS,2.878,1.0,0.0,,True,HHZ,100.0,True,8.703086611209438,True
335,"Emmons Glacier, Mount Rainier",2023-12-10 19:04:45,2023-12-10 19:08:08,46.8612,-121.739,snow avalanche,,,,,,,,,,,1300.0,900.0,1500.0,CC,MILD,BHZ,,46.8081,-121.77568,2014.8,IRIS,6.533,1.0,0.0,,True,BHZ,50.0,True,9.260075880058322,True
335,"Emmons Glacier, Mount Rainier",2023-12-10 19:04:45,2023-12-10 19:08:08,46.8612,-121.739,snow avalanche,,,,,,,,,,,1300.0,900.0,1500.0,CC,OBSR,BHZ,,46.899719,-121.815331,2382.0,IRIS,7.224,1.0,0.0,,True,BHZ,50.0,True,8.648114920036688,True
335,"Emmons Glacier, Mount Rainier",2023-12-10 19:04:45,2023-12-10 19:08:08,46.8612,-121.739,snow avalanche,,,,,,,,,,,1300.0,900.0,1500.0,CC,PANH,BHZ,,46.859,-121.64261,2109.0,IRIS,7.354,1.0,0.0,,True,BHZ,50.0,True,6.555228674175716,False
335,"Emmons Glacier, Mount Rainier",2023-12-10 19:04:45,2023-12-10 19:08:08,46.8612,-121.739,snow avalanche,,,,,,,,,,,1300.0,900.0,1500.0,CC,PARA,BHZ,,46.786442,-121.742149,1651.2,IRIS,8.314,1.0,0.0,,True,BHZ,50.0,True,5.44467217374208,False
335,"Emmons Glacier, Mount Rainier",2023-12-10 19:04:45,2023-12-10 19:08:08,46.8612,-121.739,snow avalanche,,,,,,,,,,,1300.0,900.0,1500.0,UW,RER,HHZ,,46.81858,-121.8425,1747.5,IRIS,9.208,1.0,0.0,,True,HHZ,100.0,True,9.336041918970396,True
335,"Emmons Glacier, Mount Rainier",2023-12-10 19:04:45,2023-12-10 19:08:08,46.8612,-121.739,snow avalanche,,,,,,,,,,,1300.0,900.0,1500.0,CC,COPP,BHZ,,46.79786,-121.82852,1896.0,IRIS,9.81,1.0,0.0,,True,BHZ,50.0,True,8.922696398792336,True
335,"Emmons Glacier, Mount Rainier",2023-12-10 19:04:45,2023-12-10 19:08:08,46.8612,-121.739,snow avalanche,,,,,,,,,,,1300.0,900.0,1500.0,UW,FMW,HHZ,,46.941914,-121.671463,1900.0,IRIS,10.344,1.0,0.0,,True,HHZ,100.0,True,7.15768015638609,False
335,"Emmons Glacier, Mount Rainier",2023-12-10 19:04:45,2023-12-10 19:08:08,46.8612,-121.739,snow avalanche,,,,,,,,,,,1300.0,900.0,1500.0,CC,TABR,BHZ,,46.80435,-121.84948,1278.2,IRIS,10.535,1.0,0.0,,True,BHZ,50.0,True,8.517229320992048,False
336,Lamplugh Glacier secondary,2016-06-28 18:21:14,2016-06-28 18:24:03,58.74666,-136.88693,rock avalanche,3400000.0,,,,1900000.0,,4200000.0,,,,200.0,,,CN,PLBC,HHZ,,59.455,-136.3659,279.0,IRIS,84.367,1.0,0.0,,True,HHZ,100.0,True,5.224616382004859,True
336,Lamplugh Glacier secondary,2016-06-28 18:21:14,2016-06-28 18:24:03,58.74666,-136.88693,rock avalanche,3400000.0,,,,1900000.0,,4200000.0,,,,200.0,,,AK,BESE,BHZ,,58.5792,-134.8559,867.0,IRIS,119.335,1.0,0.0,,True,BHZ,50.0,True,5.016901035186422,True
336,Lamplugh Glacier secondary,2016-06-28 18:21:14,2016-06-28 18:24:03,58.74666,-136.88693,rock avalanche,3400000.0,,,,1900000.0,,4200000.0,,,,200.0,,,TA,P30M,BHZ,,60.1218,-136.9598,883.0,IRIS,153.25,1.0,0.0,,True,BHZ,40.0,True,5.224681765541371,True
336,Lamplugh Glacier secondary,2016-06-28 18:21:14,2016-06-28 18:24:03,58.74666,-136.88693,rock avalanche,3400000.0,,,,1900000.0,,4200000.0,,,,200.0,,,AK,JIS,BHZ,,58.2758,-134.3848,10.0,IRIS,154.976,1.0,0.0,,True,BHZ,50.0,True,4.201036253249016,True
